This is pdfTeX, Version 3.141592653-2.6-1.40.27 (TeX Live 2025) (preloaded format=pdflatex 2025.3.8)  2 OCT 2025 12:05
entering extended mode
 restricted \write18 enabled.
 file:line:error style messages enabled.
 %&-line parsing enabled.
**"/Users/gcrescenzo/Documents/School/LaTeX Documents/latex-class-notes/Fall 2025/550 Measure Theory/Notes/measures.tex"
(/Users/gcrescenzo/Documents/School/LaTeX Documents/latex-class-notes/Fall 2025/550 Measure Theory/Notes/measures.tex
LaTeX2e <2024-11-01> patch level 2
L3 programming layer <2025-01-18>
/Users/gcrescenzo/Documents/School/LaTeX Documents/latex-class-notes/Fall 2025/550 Measure Theory/Notes/measures.tex:1: Undefined control sequence.
l.1 \chapter
            {Measures}
The control sequence at the end of the top line
of your error message was never \def'ed. If you have
misspelled it (e.g., `\hobx'), type `I' and the correct
spelling (e.g., `I\hbox'). Otherwise just continue,
and I'll forget about whatever was undefined.


/Users/gcrescenzo/Documents/School/LaTeX Documents/latex-class-notes/Fall 2025/550 Measure Theory/Notes/measures.tex:1: LaTeX Error: Missing \begin{document}.

See the LaTeX manual or LaTeX Companion for explanation.
Type  H <return>  for immediate help.
 ...                                              
                                                  
l.1 \chapter{M
              easures}
You're in trouble here.  Try typing  <return>  to proceed.
If that doesn't work, type  X <return>  to quit.

Missing character: There is no M in font nullfont!
Missing character: There is no e in font nullfont!
Missing character: There is no a in font nullfont!
Missing character: There is no s in font nullfont!
Missing character: There is no u in font nullfont!
Missing character: There is no r in font nullfont!
Missing character: There is no e in font nullfont!
Missing character: There is no s in font nullfont!

Overfull \hbox (20.0pt too wide) in paragraph at lines 1--2
[] 
 []


/Users/gcrescenzo/Documents/School/LaTeX Documents/latex-class-notes/Fall 2025/550 Measure Theory/Notes/measures.tex:3: LaTeX Error: Missing \begin{document}.

See the LaTeX manual or LaTeX Companion for explanation.
Type  H <return>  for immediate help.
 ...                                              
                                                  
l.3 I
     deally in $\bfR$, we would like to a have a function $\mu$ that assigns...
You're in trouble here.  Try typing  <return>  to proceed.
If that doesn't work, type  X <return>  to quit.

Missing character: There is no I in font nullfont!
Missing character: There is no d in font nullfont!
Missing character: There is no e in font nullfont!
Missing character: There is no a in font nullfont!
Missing character: There is no l in font nullfont!
Missing character: There is no l in font nullfont!
Missing character: There is no y in font nullfont!
Missing character: There is no i in font nullfont!
Missing character: There is no n in font nullfont!
LaTeX Font Info:    External font `cmex10' loaded for size
(Font)              <7> on input line 3.
LaTeX Font Info:    External font `cmex10' loaded for size
(Font)              <5> on input line 3.
/Users/gcrescenzo/Documents/School/LaTeX Documents/latex-class-notes/Fall 2025/550 Measure Theory/Notes/measures.tex:3: Undefined control sequence.
<recently read> \bfR 
                     
l.3 Ideally in $\bfR
                    $, we would like to a have a function $\mu$ that assigns...
The control sequence at the end of the top line
of your error message was never \def'ed. If you have
misspelled it (e.g., `\hobx'), type `I' and the correct
spelling (e.g., `I\hbox'). Otherwise just continue,
and I'll forget about whatever was undefined.

Missing character: There is no , in font nullfont!
Missing character: There is no w in font nullfont!
Missing character: There is no e in font nullfont!
Missing character: There is no w in font nullfont!
Missing character: There is no o in font nullfont!
Missing character: There is no u in font nullfont!
Missing character: There is no l in font nullfont!
Missing character: There is no d in font nullfont!
Missing character: There is no l in font nullfont!
Missing character: There is no i in font nullfont!
Missing character: There is no k in font nullfont!
Missing character: There is no e in font nullfont!
Missing character: There is no t in font nullfont!
Missing character: There is no o in font nullfont!
Missing character: There is no a in font nullfont!
Missing character: There is no h in font nullfont!
Missing character: There is no a in font nullfont!
Missing character: There is no v in font nullfont!
Missing character: There is no e in font nullfont!
Missing character: There is no a in font nullfont!
Missing character: There is no f in font nullfont!
Missing character: There is no u in font nullfont!
Missing character: There is no n in font nullfont!
Missing character: There is no c in font nullfont!
Missing character: There is no t in font nullfont!
Missing character: There is no i in font nullfont!
Missing character: There is no o in font nullfont!
Missing character: There is no n in font nullfont!
Missing character: There is no t in font nullfont!
Missing character: There is no h in font nullfont!
Missing character: There is no a in font nullfont!
Missing character: There is no t in font nullfont!
Missing character: There is no a in font nullfont!
Missing character: There is no s in font nullfont!
Missing character: There is no s in font nullfont!
Missing character: There is no i in font nullfont!
Missing character: There is no g in font nullfont!
Missing character: There is no n in font nullfont!
Missing character: There is no s in font nullfont!
Missing character: There is no e in font nullfont!
Missing character: There is no a in font nullfont!
Missing character: There is no c in font nullfont!
Missing character: There is no h in font nullfont!
/Users/gcrescenzo/Documents/School/LaTeX Documents/latex-class-notes/Fall 2025/550 Measure Theory/Notes/measures.tex:3: Undefined control sequence.
l.3 ...ion $\mu$ that assigns each $E \subset \bfR
                                                  $ to a number $\mu(E) \in ...
The control sequence at the end of the top line
of your error message was never \def'ed. If you have
misspelled it (e.g., `\hobx'), type `I' and the correct
spelling (e.g., `I\hbox'). Otherwise just continue,
and I'll forget about whatever was undefined.

Missing character: There is no t in font nullfont!
Missing character: There is no o in font nullfont!
Missing character: There is no a in font nullfont!
Missing character: There is no n in font nullfont!
Missing character: There is no u in font nullfont!
Missing character: There is no m in font nullfont!
Missing character: There is no b in font nullfont!
Missing character: There is no e in font nullfont!
Missing character: There is no r in font nullfont!
Missing character: There is no . in font nullfont!
Missing character: There is no S in font nullfont!
Missing character: There is no u in font nullfont!
Missing character: There is no c in font nullfont!
Missing character: There is no h in font nullfont!
Missing character: There is no a in font nullfont!
Missing character: There is no f in font nullfont!
Missing character: There is no u in font nullfont!
Missing character: There is no n in font nullfont!
Missing character: There is no c in font nullfont!
Missing character: There is no t in font nullfont!
Missing character: There is no i in font nullfont!
Missing character: There is no o in font nullfont!
Missing character: There is no n in font nullfont!
Missing character: There is no s in font nullfont!
Missing character: There is no h in font nullfont!
Missing character: There is no o in font nullfont!
Missing character: There is no u in font nullfont!
Missing character: There is no l in font nullfont!
Missing character: There is no d in font nullfont!
Missing character: There is no p in font nullfont!
Missing character: There is no o in font nullfont!
Missing character: There is no s in font nullfont!
Missing character: There is no s in font nullfont!
Missing character: There is no e in font nullfont!
Missing character: There is no s in font nullfont!
Missing character: There is no s in font nullfont!
Missing character: There is no t in font nullfont!
Missing character: There is no h in font nullfont!
Missing character: There is no e in font nullfont!
Missing character: There is no " in font nullfont!
Missing character: There is no e in font nullfont!
Missing character: There is no s in font nullfont!
Missing character: There is no s in font nullfont!
Missing character: There is no e in font nullfont!
Missing character: There is no n in font nullfont!
Missing character: There is no c in font nullfont!
Missing character: There is no e in font nullfont!
Missing character: There is no " in font nullfont!
Missing character: There is no o in font nullfont!
Missing character: There is no f in font nullfont!
Missing character: There is no l in font nullfont!
Missing character: There is no e in font nullfont!
Missing character: There is no n in font nullfont!
Missing character: There is no g in font nullfont!
Missing character: There is no t in font nullfont!
Missing character: There is no h in font nullfont!
Missing character: There is no : in font nullfont!

Overfull \hbox (20.0pt too wide) in paragraph at lines 3--4
[]
 []


Overfull \hbox (6.02548pt too wide) in paragraph at lines 3--4
\OML/cmm/m/it/10 ^^V$
 []


Overfull \hbox (18.51382pt too wide) in paragraph at lines 3--4
\OML/cmm/m/it/10 E \OMS/cmsy/m/n/10 ^^Z$
 []


Overfull \hbox (31.206pt too wide) in paragraph at lines 3--4
\OML/cmm/m/it/10 ^^V\OT1/cmr/m/n/10 (\OML/cmm/m/it/10 E\OT1/cmr/m/n/10 ) \OMS/cmsy/m/n/10 2
 []


Overfull \hbox (25.00002pt too wide) in paragraph at lines 3--4
\OT1/cmr/m/n/10 [0\OML/cmm/m/it/10 ; \OMS/cmsy/m/n/10 1\OT1/cmr/m/n/10 ]$
 []


Overfull \hbox (6.02548pt too wide) in paragraph at lines 3--4
\OML/cmm/m/it/10 ^^V$
 []


/Users/gcrescenzo/Documents/School/LaTeX Documents/latex-class-notes/Fall 2025/550 Measure Theory/Notes/measures.tex:4: LaTeX Error: Missing \begin{document}.

See the LaTeX manual or LaTeX Companion for explanation.
Type  H <return>  for immediate help.
 ...                                              
                                                  
l.4     \begin{enumerate}[
                          label = \arabic*.,itemsep=1pt,topsep=3pt]
You're in trouble here.  Try typing  <return>  to proceed.
If that doesn't work, type  X <return>  to quit.

Missing character: There is no [ in font nullfont!
Missing character: There is no l in font nullfont!
Missing character: There is no a in font nullfont!
Missing character: There is no b in font nullfont!
Missing character: There is no e in font nullfont!
Missing character: There is no l in font nullfont!
Missing character: There is no = in font nullfont!
/Users/gcrescenzo/Documents/School/LaTeX Documents/latex-class-notes/Fall 2025/550 Measure Theory/Notes/measures.tex:4: Missing number, treated as zero.
<to be read again> 
                   \c@* 
l.4     \begin{enumerate}[label = \arabic*
                                          .,itemsep=1pt,topsep=3pt]
A number should have been here; I inserted `0'.
(If you can't figure out why I needed to see a number,
look up `weird error' in the index to The TeXbook.)

Missing character: There is no 0 in font nullfont!
Missing character: There is no . in font nullfont!
Missing character: There is no , in font nullfont!
Missing character: There is no i in font nullfont!
Missing character: There is no t in font nullfont!
Missing character: There is no e in font nullfont!
Missing character: There is no m in font nullfont!
Missing character: There is no s in font nullfont!
Missing character: There is no e in font nullfont!
Missing character: There is no p in font nullfont!
Missing character: There is no = in font nullfont!
Missing character: There is no 1 in font nullfont!
Missing character: There is no p in font nullfont!
Missing character: There is no t in font nullfont!
Missing character: There is no , in font nullfont!
Missing character: There is no t in font nullfont!
Missing character: There is no o in font nullfont!
Missing character: There is no p in font nullfont!
Missing character: There is no s in font nullfont!
Missing character: There is no e in font nullfont!
Missing character: There is no p in font nullfont!
Missing character: There is no = in font nullfont!
Missing character: There is no 3 in font nullfont!
Missing character: There is no p in font nullfont!
Missing character: There is no t in font nullfont!
Missing character: There is no ] in font nullfont!

/Users/gcrescenzo/Documents/School/LaTeX Documents/latex-class-notes/Fall 2025/550 Measure Theory/Notes/measures.tex:5: LaTeX Error: Something's wrong--perhaps a missing \item.

See the LaTeX manual or LaTeX Companion for explanation.
Type  H <return>  for immediate help.
 ...                                              
                                                  
l.5         \item T
                   he unit cube should have a measure equal to one \textemda...
Try typing  <return>  to proceed.
If that doesn't work, type  X <return>  to quit.

Missing character: There is no T in font nullfont!
Missing character: There is no h in font nullfont!
Missing character: There is no e in font nullfont!
Missing character: There is no u in font nullfont!
Missing character: There is no n in font nullfont!
Missing character: There is no i in font nullfont!
Missing character: There is no t in font nullfont!
Missing character: There is no c in font nullfont!
Missing character: There is no u in font nullfont!
Missing character: There is no b in font nullfont!
Missing character: There is no e in font nullfont!
Missing character: There is no s in font nullfont!
Missing character: There is no h in font nullfont!
Missing character: There is no o in font nullfont!
Missing character: There is no u in font nullfont!
Missing character: There is no l in font nullfont!
Missing character: There is no d in font nullfont!
Missing character: There is no h in font nullfont!
Missing character: There is no a in font nullfont!
Missing character: There is no v in font nullfont!
Missing character: There is no e in font nullfont!
Missing character: There is no a in font nullfont!
Missing character: There is no m in font nullfont!
Missing character: There is no e in font nullfont!
Missing character: There is no a in font nullfont!
Missing character: There is no s in font nullfont!
Missing character: There is no u in font nullfont!
Missing character: There is no r in font nullfont!
Missing character: There is no e in font nullfont!
Missing character: There is no e in font nullfont!
Missing character: There is no q in font nullfont!
Missing character: There is no u in font nullfont!
Missing character: There is no a in font nullfont!
Missing character: There is no l in font nullfont!
Missing character: There is no t in font nullfont!
Missing character: There is no o in font nullfont!
Missing character: There is no o in font nullfont!
Missing character: There is no n in font nullfont!
Missing character: There is no e in font nullfont!
Missing character: There is no t in font nullfont!
Missing character: There is no h in font nullfont!
Missing character: There is no a in font nullfont!
Missing character: There is no t in font nullfont!
Missing character: There is no i in font nullfont!
Missing character: There is no s in font nullfont!
Missing character: There is no , in font nullfont!
Missing character: There is no ; in font nullfont!

Overfull \hbox (10.00002pt too wide) in paragraph at lines 5--6
\OT1/cmr/m/n/10 |
 []


Overfull \hbox (47.13655pt too wide) in paragraph at lines 5--6
\OML/cmm/m/it/10 ^^V [] \OT1/cmr/m/n/10 =
 []


Overfull \hbox (5.00002pt too wide) in paragraph at lines 5--6
\OT1/cmr/m/n/10 1$ 
 []

Missing character: There is no I in font nullfont!
Missing character: There is no f in font nullfont!
Missing character: There is no a in font nullfont!
Missing character: There is no n in font nullfont!
Missing character: There is no d in font nullfont!
Missing character: There is no a in font nullfont!
Missing character: There is no r in font nullfont!
Missing character: There is no e in font nullfont!
Missing character: There is no c in font nullfont!
Missing character: There is no o in font nullfont!
Missing character: There is no n in font nullfont!
Missing character: There is no g in font nullfont!
Missing character: There is no r in font nullfont!
Missing character: There is no u in font nullfont!
Missing character: There is no e in font nullfont!
Missing character: There is no n in font nullfont!
Missing character: There is no t in font nullfont!
Missing character: There is no s in font nullfont!
Missing character: There is no u in font nullfont!
Missing character: There is no b in font nullfont!
Missing character: There is no s in font nullfont!
Missing character: There is no e in font nullfont!
Missing character: There is no t in font nullfont!
Missing character: There is no s in font nullfont!
Missing character: There is no o in font nullfont!
Missing character: There is no f in font nullfont!
/Users/gcrescenzo/Documents/School/LaTeX Documents/latex-class-notes/Fall 2025/550 Measure Theory/Notes/measures.tex:6: Undefined control sequence.
<recently read> \bfR 
                     
l.6 ... $E$ and $F$ are congruent subsets of $\bfR
                                                  $ (that is, $F$ is a trans...
The control sequence at the end of the top line
of your error message was never \def'ed. If you have
misspelled it (e.g., `\hobx'), type `I' and the correct
spelling (e.g., `I\hbox'). Otherwise just continue,
and I'll forget about whatever was undefined.

Missing character: There is no ( in font nullfont!
Missing character: There is no t in font nullfont!
Missing character: There is no h in font nullfont!
Missing character: There is no a in font nullfont!
Missing character: There is no t in font nullfont!
Missing character: There is no i in font nullfont!
Missing character: There is no s in font nullfont!
Missing character: There is no , in font nullfont!
Missing character: There is no i in font nullfont!
Missing character: There is no s in font nullfont!
Missing character: There is no a in font nullfont!
Missing character: There is no t in font nullfont!
Missing character: There is no r in font nullfont!
Missing character: There is no a in font nullfont!
Missing character: There is no n in font nullfont!
Missing character: There is no s in font nullfont!
Missing character: There is no l in font nullfont!
Missing character: There is no a in font nullfont!
Missing character: There is no t in font nullfont!
Missing character: There is no i in font nullfont!
Missing character: There is no o in font nullfont!
Missing character: There is no n in font nullfont!
Missing character: There is no , in font nullfont!
Missing character: There is no r in font nullfont!
Missing character: There is no o in font nullfont!
Missing character: There is no t in font nullfont!
Missing character: There is no a in font nullfont!
Missing character: There is no t in font nullfont!
Missing character: There is no i in font nullfont!
Missing character: There is no o in font nullfont!
Missing character: There is no n in font nullfont!
Missing character: There is no , in font nullfont!
Missing character: There is no a in font nullfont!
Missing character: There is no n in font nullfont!
Missing character: There is no d in font nullfont!
Missing character: There is no / in font nullfont!
Missing character: There is no o in font nullfont!
Missing character: There is no r in font nullfont!
Missing character: There is no r in font nullfont!
Missing character: There is no e in font nullfont!
Missing character: There is no f in font nullfont!
Missing character: There is no l in font nullfont!
Missing character: There is no e in font nullfont!
Missing character: There is no c in font nullfont!
Missing character: There is no t in font nullfont!
Missing character: There is no i in font nullfont!
Missing character: There is no o in font nullfont!
Missing character: There is no n in font nullfont!
Missing character: There is no o in font nullfont!
Missing character: There is no f in font nullfont!
Missing character: There is no ) in font nullfont!
Missing character: There is no , in font nullfont!
Missing character: There is no t in font nullfont!
Missing character: There is no h in font nullfont!
Missing character: There is no e in font nullfont!
Missing character: There is no n in font nullfont!
Missing character: There is no ; in font nullfont!

Overfull \hbox (7.95831pt too wide) in paragraph at lines 6--7
\OML/cmm/m/it/10 E$
 []


Overfull \hbox (7.81946pt too wide) in paragraph at lines 6--7
\OML/cmm/m/it/10 F$
 []


Overfull \hbox (7.81946pt too wide) in paragraph at lines 6--7
\OML/cmm/m/it/10 F$
 []


Overfull \hbox (7.95831pt too wide) in paragraph at lines 6--7
\OML/cmm/m/it/10 E$
 []


Overfull \hbox (32.31711pt too wide) in paragraph at lines 6--7
\OML/cmm/m/it/10 ^^V\OT1/cmr/m/n/10 (\OML/cmm/m/it/10 E\OT1/cmr/m/n/10 ) =
 []


Overfull \hbox (21.62274pt too wide) in paragraph at lines 6--7
\OML/cmm/m/it/10 ^^V\OT1/cmr/m/n/10 (\OML/cmm/m/it/10 F\OT1/cmr/m/n/10 )$ 
 []

Missing character: There is no I in font nullfont!
Missing character: There is no f in font nullfont!
Missing character: There is no a in font nullfont!
Missing character: There is no r in font nullfont!
Missing character: There is no e in font nullfont!
Missing character: There is no p in font nullfont!
Missing character: There is no a in font nullfont!
Missing character: There is no i in font nullfont!
Missing character: There is no r in font nullfont!
Missing character: There is no w in font nullfont!
Missing character: There is no i in font nullfont!
Missing character: There is no s in font nullfont!
Missing character: There is no e in font nullfont!
Missing character: There is no d in font nullfont!
Missing character: There is no i in font nullfont!
Missing character: There is no s in font nullfont!
Missing character: There is no j in font nullfont!
Missing character: There is no o in font nullfont!
Missing character: There is no i in font nullfont!
Missing character: There is no n in font nullfont!
Missing character: There is no t in font nullfont!
Missing character: There is no , in font nullfont!
Missing character: There is no t in font nullfont!
Missing character: There is no h in font nullfont!
Missing character: There is no e in font nullfont!
Missing character: There is no n in font nullfont!
Missing character: There is no . in font nullfont!

Overfull \hbox (40.95833pt too wide) in paragraph at lines 7--8
\OML/cmm/m/it/10 E[]; E[]; :::$
 []


Overfull \hbox (66.12617pt too wide) in paragraph at lines 7--8
\OML/cmm/m/it/10 ^^V [] \OT1/cmr/m/n/10 =
 []


Overfull \hbox (51.95961pt too wide) in paragraph at lines 7--8
[][] \OML/cmm/m/it/10 ^^V\OT1/cmr/m/n/10 (\OML/cmm/m/it/10 E[]\OT1/cmr/m/n/10 )$ 
 []

Missing character: There is no U in font nullfont!
Missing character: There is no n in font nullfont!
Missing character: There is no f in font nullfont!
Missing character: There is no o in font nullfont!
Missing character: There is no r in font nullfont!
Missing character: There is no t in font nullfont!
Missing character: There is no u in font nullfont!
Missing character: There is no n in font nullfont!
Missing character: There is no a in font nullfont!
Missing character: There is no t in font nullfont!
Missing character: There is no e in font nullfont!
Missing character: There is no l in font nullfont!
Missing character: There is no y in font nullfont!
Missing character: There is no , in font nullfont!
Missing character: There is no a in font nullfont!
Missing character: There is no f in font nullfont!
Missing character: There is no u in font nullfont!
Missing character: There is no n in font nullfont!
Missing character: There is no c in font nullfont!
Missing character: There is no t in font nullfont!
Missing character: There is no i in font nullfont!
Missing character: There is no o in font nullfont!
Missing character: There is no n in font nullfont!
Missing character: There is no p in font nullfont!
Missing character: There is no o in font nullfont!
Missing character: There is no s in font nullfont!
Missing character: There is no s in font nullfont!
Missing character: There is no e in font nullfont!
Missing character: There is no s in font nullfont!
Missing character: There is no s in font nullfont!
Missing character: There is no i in font nullfont!
Missing character: There is no n in font nullfont!
Missing character: There is no g in font nullfont!
Missing character: There is no a in font nullfont!
Missing character: There is no l in font nullfont!
Missing character: There is no l in font nullfont!
Missing character: There is no o in font nullfont!
Missing character: There is no f in font nullfont!
Missing character: There is no t in font nullfont!
Missing character: There is no h in font nullfont!
Missing character: There is no e in font nullfont!
Missing character: There is no s in font nullfont!
Missing character: There is no e in font nullfont!
Missing character: There is no t in font nullfont!
Missing character: There is no r in font nullfont!
Missing character: There is no a in font nullfont!
Missing character: There is no i in font nullfont!
Missing character: There is no t in font nullfont!
Missing character: There is no s in font nullfont!
Missing character: There is no d in font nullfont!
Missing character: There is no o in font nullfont!
Missing character: There is no e in font nullfont!
Missing character: There is no s in font nullfont!
Missing character: There is no n in font nullfont!
Missing character: There is no o in font nullfont!
Missing character: There is no t in font nullfont!
Missing character: There is no e in font nullfont!
Missing character: There is no x in font nullfont!
Missing character: There is no i in font nullfont!
Missing character: There is no s in font nullfont!
Missing character: There is no t in font nullfont!
Missing character: There is no . in font nullfont!

/Users/gcrescenzo/Documents/School/LaTeX Documents/latex-class-notes/Fall 2025/550 Measure Theory/Notes/measures.tex:10: LaTeX Error: Environment theorem undefined.

See the LaTeX manual or LaTeX Companion for explanation.
Type  H <return>  for immediate help.
 ...                                              
                                                  
l.10     \begin{theorem}
                        
Your command was ignored.
Type  I <command> <return>  to replace it with another command,
or  <return>  to continue without it.

Missing character: There is no A in font nullfont!
Missing character: There is no f in font nullfont!
Missing character: There is no u in font nullfont!
Missing character: There is no n in font nullfont!
Missing character: There is no c in font nullfont!
Missing character: There is no t in font nullfont!
Missing character: There is no i in font nullfont!
Missing character: There is no o in font nullfont!
Missing character: There is no n in font nullfont!
/Users/gcrescenzo/Documents/School/LaTeX Documents/latex-class-notes/Fall 2025/550 Measure Theory/Notes/measures.tex:11: Undefined control sequence.
l.11         A function $\mu:\cP
                                (\bfR) \rightarrow [0,\infty]$ satisfying (1...
The control sequence at the end of the top line
of your error message was never \def'ed. If you have
misspelled it (e.g., `\hobx'), type `I' and the correct
spelling (e.g., `I\hbox'). Otherwise just continue,
and I'll forget about whatever was undefined.

/Users/gcrescenzo/Documents/School/LaTeX Documents/latex-class-notes/Fall 2025/550 Measure Theory/Notes/measures.tex:11: Undefined control sequence.
l.11         A function $\mu:\cP(\bfR
                                     ) \rightarrow [0,\infty]$ satisfying (1...
The control sequence at the end of the top line
of your error message was never \def'ed. If you have
misspelled it (e.g., `\hobx'), type `I' and the correct
spelling (e.g., `I\hbox'). Otherwise just continue,
and I'll forget about whatever was undefined.

Missing character: There is no s in font nullfont!
Missing character: There is no a in font nullfont!
Missing character: There is no t in font nullfont!
Missing character: There is no i in font nullfont!
Missing character: There is no s in font nullfont!
Missing character: There is no f in font nullfont!
Missing character: There is no y in font nullfont!
Missing character: There is no i in font nullfont!
Missing character: There is no n in font nullfont!
Missing character: There is no g in font nullfont!
Missing character: There is no ( in font nullfont!
Missing character: There is no 1 in font nullfont!
Missing character: There is no ) in font nullfont!
Missing character: There is no , in font nullfont!
Missing character: There is no ( in font nullfont!
Missing character: There is no 2 in font nullfont!
Missing character: There is no ) in font nullfont!
Missing character: There is no , in font nullfont!
Missing character: There is no a in font nullfont!
Missing character: There is no n in font nullfont!
Missing character: There is no d in font nullfont!
Missing character: There is no ( in font nullfont!
Missing character: There is no 3 in font nullfont!
Missing character: There is no ) in font nullfont!
Missing character: There is no f in font nullfont!
Missing character: There is no r in font nullfont!
Missing character: There is no o in font nullfont!
Missing character: There is no m in font nullfont!
Missing character: There is no a in font nullfont!
Missing character: There is no b in font nullfont!
Missing character: There is no o in font nullfont!
Missing character: There is no v in font nullfont!
Missing character: There is no e in font nullfont!
Missing character: There is no d in font nullfont!
Missing character: There is no o in font nullfont!
Missing character: There is no e in font nullfont!
Missing character: There is no s in font nullfont!
Missing character: There is no n in font nullfont!
Missing character: There is no o in font nullfont!
Missing character: There is no t in font nullfont!
Missing character: There is no e in font nullfont!
Missing character: There is no x in font nullfont!
Missing character: There is no i in font nullfont!
Missing character: There is no s in font nullfont!
Missing character: There is no t in font nullfont!
Missing character: There is no . in font nullfont!

/Users/gcrescenzo/Documents/School/LaTeX Documents/latex-class-notes/Fall 2025/550 Measure Theory/Notes/measures.tex:12: LaTeX Error: \begin{document} ended by \end{theorem}.

See the LaTeX manual or LaTeX Companion for explanation.
Type  H <return>  for immediate help.
 ...                                              
                                                  
l.12     \end{theorem}
                      
Your command was ignored.
Type  I <command> <return>  to replace it with another command,
or  <return>  to continue without it.


/Users/gcrescenzo/Documents/School/LaTeX Documents/latex-class-notes/Fall 2025/550 Measure Theory/Notes/measures.tex:13: LaTeX Error: Environment proof undefined.

See the LaTeX manual or LaTeX Companion for explanation.
Type  H <return>  for immediate help.
 ...                                              
                                                  
l.13         \begin{proof}
                          
Your command was ignored.
Type  I <command> <return>  to replace it with another command,
or  <return>  to continue without it.

Missing character: There is no S in font nullfont!
Missing character: There is no u in font nullfont!
Missing character: There is no p in font nullfont!
Missing character: There is no p in font nullfont!
Missing character: There is no o in font nullfont!
Missing character: There is no s in font nullfont!
Missing character: There is no e in font nullfont!
Missing character: There is no s in font nullfont!
Missing character: There is no u in font nullfont!
Missing character: There is no c in font nullfont!
Missing character: There is no h in font nullfont!
Missing character: There is no a in font nullfont!
Missing character: There is no f in font nullfont!
Missing character: There is no u in font nullfont!
Missing character: There is no n in font nullfont!
Missing character: There is no c in font nullfont!
Missing character: There is no t in font nullfont!
Missing character: There is no i in font nullfont!
Missing character: There is no o in font nullfont!
Missing character: There is no n in font nullfont!
Missing character: There is no d in font nullfont!
Missing character: There is no o in font nullfont!
Missing character: There is no e in font nullfont!
Missing character: There is no s in font nullfont!
Missing character: There is no e in font nullfont!
Missing character: There is no x in font nullfont!
Missing character: There is no i in font nullfont!
Missing character: There is no s in font nullfont!
Missing character: There is no t in font nullfont!
Missing character: There is no . in font nullfont!
Missing character: There is no B in font nullfont!
Missing character: There is no y in font nullfont!
Missing character: There is no ( in font nullfont!
Missing character: There is no 1 in font nullfont!
Missing character: There is no ) in font nullfont!
Missing character: There is no w in font nullfont!
Missing character: There is no e in font nullfont!
Missing character: There is no h in font nullfont!
Missing character: There is no a in font nullfont!
Missing character: There is no v in font nullfont!
Missing character: There is no e in font nullfont!
Missing character: There is no . in font nullfont!
Missing character: There is no D in font nullfont!
Missing character: There is no e in font nullfont!
Missing character: There is no f in font nullfont!
Missing character: There is no i in font nullfont!
Missing character: There is no n in font nullfont!
Missing character: There is no e in font nullfont!
Missing character: There is no a in font nullfont!
Missing character: There is no r in font nullfont!
Missing character: There is no e in font nullfont!
Missing character: There is no l in font nullfont!
Missing character: There is no a in font nullfont!
Missing character: There is no t in font nullfont!
Missing character: There is no i in font nullfont!
Missing character: There is no o in font nullfont!
Missing character: There is no n in font nullfont!
Missing character: There is no o in font nullfont!
Missing character: There is no n in font nullfont!
Missing character: There is no a in font nullfont!
Missing character: There is no s in font nullfont!
Missing character: There is no f in font nullfont!
Missing character: There is no o in font nullfont!
Missing character: There is no l in font nullfont!
Missing character: There is no l in font nullfont!
Missing character: There is no o in font nullfont!
Missing character: There is no w in font nullfont!
Missing character: There is no s in font nullfont!
Missing character: There is no : in font nullfont!
Missing character: There is no i in font nullfont!
Missing character: There is no f in font nullfont!
Missing character: There is no a in font nullfont!
Missing character: There is no n in font nullfont!
Missing character: There is no d in font nullfont!
Missing character: There is no o in font nullfont!
Missing character: There is no n in font nullfont!
Missing character: There is no l in font nullfont!
Missing character: There is no y in font nullfont!
Missing character: There is no i in font nullfont!
Missing character: There is no f in font nullfont!
/Users/gcrescenzo/Documents/School/LaTeX Documents/latex-class-notes/Fall 2025/550 Measure Theory/Notes/measures.tex:14: Undefined control sequence.
l.14 ...s: $x \sim y$ if and only if $x-y \in \bfQ
                                                  $. This is an equivalence ...
The control sequence at the end of the top line
of your error message was never \def'ed. If you have
misspelled it (e.g., `\hobx'), type `I' and the correct
spelling (e.g., `I\hbox'). Otherwise just continue,
and I'll forget about whatever was undefined.

Missing character: There is no . in font nullfont!
Missing character: There is no T in font nullfont!
Missing character: There is no h in font nullfont!
Missing character: There is no i in font nullfont!
Missing character: There is no s in font nullfont!
Missing character: There is no i in font nullfont!
Missing character: There is no s in font nullfont!
Missing character: There is no a in font nullfont!
Missing character: There is no n in font nullfont!
Missing character: There is no e in font nullfont!
Missing character: There is no q in font nullfont!
Missing character: There is no u in font nullfont!
Missing character: There is no i in font nullfont!
Missing character: There is no v in font nullfont!
Missing character: There is no a in font nullfont!
Missing character: There is no l in font nullfont!
Missing character: There is no e in font nullfont!
Missing character: There is no n in font nullfont!
Missing character: There is no c in font nullfont!
Missing character: There is no e in font nullfont!
Missing character: There is no r in font nullfont!
Missing character: There is no e in font nullfont!
Missing character: There is no l in font nullfont!
Missing character: There is no a in font nullfont!
Missing character: There is no t in font nullfont!
Missing character: There is no i in font nullfont!
Missing character: There is no o in font nullfont!
Missing character: There is no n in font nullfont!
Missing character: There is no . in font nullfont!
Missing character: There is no U in font nullfont!
Missing character: There is no s in font nullfont!
Missing character: There is no i in font nullfont!
Missing character: There is no n in font nullfont!
Missing character: There is no g in font nullfont!
Missing character: There is no t in font nullfont!
Missing character: There is no h in font nullfont!
Missing character: There is no e in font nullfont!
Missing character: There is no A in font nullfont!
Missing character: There is no x in font nullfont!
Missing character: There is no i in font nullfont!
Missing character: There is no o in font nullfont!
Missing character: There is no m in font nullfont!
Missing character: There is no o in font nullfont!
Missing character: There is no f in font nullfont!
Missing character: There is no C in font nullfont!
Missing character: There is no h in font nullfont!
Missing character: There is no o in font nullfont!
Missing character: There is no i in font nullfont!
Missing character: There is no c in font nullfont!
Missing character: There is no e in font nullfont!
Missing character: There is no , in font nullfont!
Missing character: There is no l in font nullfont!
Missing character: There is no e in font nullfont!
Missing character: There is no t in font nullfont!
Missing character: There is no b in font nullfont!
Missing character: There is no e in font nullfont!
Missing character: There is no a in font nullfont!
Missing character: There is no s in font nullfont!
Missing character: There is no e in font nullfont!
Missing character: There is no t in font nullfont!
Missing character: There is no w in font nullfont!
Missing character: There is no h in font nullfont!
Missing character: There is no i in font nullfont!
Missing character: There is no c in font nullfont!
Missing character: There is no h in font nullfont!
Missing character: There is no c in font nullfont!
Missing character: There is no o in font nullfont!
Missing character: There is no n in font nullfont!
Missing character: There is no t in font nullfont!
Missing character: There is no a in font nullfont!
Missing character: There is no i in font nullfont!
Missing character: There is no n in font nullfont!
Missing character: There is no s in font nullfont!
Missing character: There is no e in font nullfont!
Missing character: There is no x in font nullfont!
Missing character: There is no a in font nullfont!
Missing character: There is no c in font nullfont!
Missing character: There is no t in font nullfont!
Missing character: There is no l in font nullfont!
Missing character: There is no y in font nullfont!
Missing character: There is no o in font nullfont!
Missing character: There is no n in font nullfont!
Missing character: There is no e in font nullfont!
Missing character: There is no e in font nullfont!
Missing character: There is no l in font nullfont!
Missing character: There is no e in font nullfont!
Missing character: There is no m in font nullfont!
Missing character: There is no e in font nullfont!
Missing character: There is no n in font nullfont!
Missing character: There is no t in font nullfont!
Missing character: There is no f in font nullfont!
Missing character: There is no r in font nullfont!
Missing character: There is no o in font nullfont!
Missing character: There is no m in font nullfont!
Missing character: There is no e in font nullfont!
Missing character: There is no a in font nullfont!
Missing character: There is no c in font nullfont!
Missing character: There is no h in font nullfont!
Missing character: There is no e in font nullfont!
Missing character: There is no q in font nullfont!
Missing character: There is no u in font nullfont!
Missing character: There is no i in font nullfont!
Missing character: There is no v in font nullfont!
Missing character: There is no a in font nullfont!
Missing character: There is no l in font nullfont!
Missing character: There is no e in font nullfont!
Missing character: There is no n in font nullfont!
Missing character: There is no c in font nullfont!
Missing character: There is no e in font nullfont!
Missing character: There is no c in font nullfont!
Missing character: There is no l in font nullfont!
Missing character: There is no a in font nullfont!
Missing character: There is no s in font nullfont!
Missing character: There is no s in font nullfont!
Missing character: There is no . in font nullfont!
Missing character: There is no N in font nullfont!
Missing character: There is no o in font nullfont!
Missing character: There is no w in font nullfont!
Missing character: There is no f in font nullfont!
Missing character: There is no o in font nullfont!
Missing character: There is no r in font nullfont!
Missing character: There is no e in font nullfont!
Missing character: There is no a in font nullfont!
Missing character: There is no c in font nullfont!
Missing character: There is no h in font nullfont!
/Users/gcrescenzo/Documents/School/LaTeX Documents/latex-class-notes/Fall 2025/550 Measure Theory/Notes/measures.tex:14: Undefined control sequence.
l.14 ...quivalence class. Now for each $q \in \bfQ
                                                   \cap [0,1)$, define:
The control sequence at the end of the top line
of your error message was never \def'ed. If you have
misspelled it (e.g., `\hobx'), type `I' and the correct
spelling (e.g., `I\hbox'). Otherwise just continue,
and I'll forget about whatever was undefined.

Missing character: There is no , in font nullfont!
Missing character: There is no d in font nullfont!
Missing character: There is no e in font nullfont!
Missing character: There is no f in font nullfont!
Missing character: There is no i in font nullfont!
Missing character: There is no n in font nullfont!
Missing character: There is no e in font nullfont!
Missing character: There is no : in font nullfont!

/Users/gcrescenzo/Documents/School/LaTeX Documents/latex-class-notes/Fall 2025/550 Measure Theory/Notes/measures.tex:15: LaTeX Error: Environment equation* undefined.

See the LaTeX manual or LaTeX Companion for explanation.
Type  H <return>  for immediate help.
 ...                                              
                                                  
l.15                 \begin{equation*}
                                      
Your command was ignored.
Type  I <command> <return>  to replace it with another command,
or  <return>  to continue without it.


/Users/gcrescenzo/Documents/School/LaTeX Documents/latex-class-notes/Fall 2025/550 Measure Theory/Notes/measures.tex:16: LaTeX Error: Environment split undefined.

See the LaTeX manual or LaTeX Companion for explanation.
Type  H <return>  for immediate help.
 ...                                              
                                                  
l.16                 \begin{split}
                                  
Your command was ignored.
Type  I <command> <return>  to replace it with another command,
or  <return>  to continue without it.

Missing character: There is no N in font nullfont!
/Users/gcrescenzo/Documents/School/LaTeX Documents/latex-class-notes/Fall 2025/550 Measure Theory/Notes/measures.tex:17: Missing $ inserted.
<inserted text> 
                $
l.17                     N_
                           q = \{x + q \mid N \cap [0,1-q)\} \cup \{x + (q-1...
I've inserted a begin-math/end-math symbol since I think
you left one out. Proceed, with fingers crossed.


/Users/gcrescenzo/Documents/School/LaTeX Documents/latex-class-notes/Fall 2025/550 Measure Theory/Notes/measures.tex:18: LaTeX Error: \begin{document} ended by \end{split}.

See the LaTeX manual or LaTeX Companion for explanation.
Type  H <return>  for immediate help.
 ...                                              
                                                  
l.18                 \end{split}
                                
Your command was ignored.
Type  I <command> <return>  to replace it with another command,
or  <return>  to continue without it.

/Users/gcrescenzo/Documents/School/LaTeX Documents/latex-class-notes/Fall 2025/550 Measure Theory/Notes/measures.tex:18: Missing $ inserted.
<inserted text> 
                $
l.18                 \end{split}
                                
I've inserted something that you may have forgotten.
(See the <inserted text> above.)
With luck, this will get me unwedged. But if you
really didn't forget anything, try typing `2' now; then
my insertion and my current dilemma will both disappear.


/Users/gcrescenzo/Documents/School/LaTeX Documents/latex-class-notes/Fall 2025/550 Measure Theory/Notes/measures.tex:19: LaTeX Error: \begin{document} ended by \end{equation*}.

See the LaTeX manual or LaTeX Companion for explanation.
Type  H <return>  for immediate help.
 ...                                              
                                                  
l.19                 \end{equation*}
                                    
Your command was ignored.
Type  I <command> <return>  to replace it with another command,
or  <return>  to continue without it.

Missing character: There is no T in font nullfont!
Missing character: There is no h in font nullfont!
Missing character: There is no a in font nullfont!
Missing character: There is no t in font nullfont!
Missing character: There is no i in font nullfont!
Missing character: There is no s in font nullfont!
Missing character: There is no , in font nullfont!
Missing character: There is no t in font nullfont!
Missing character: There is no h in font nullfont!
Missing character: There is no e in font nullfont!
Missing character: There is no p in font nullfont!
Missing character: There is no o in font nullfont!
Missing character: There is no i in font nullfont!
Missing character: There is no n in font nullfont!
Missing character: There is no t in font nullfont!
Missing character: There is no s in font nullfont!
Missing character: There is no i in font nullfont!
Missing character: There is no n in font nullfont!
Missing character: There is no a in font nullfont!
Missing character: There is no r in font nullfont!
Missing character: There is no e in font nullfont!
Missing character: There is no o in font nullfont!
Missing character: There is no b in font nullfont!
Missing character: There is no t in font nullfont!
Missing character: There is no a in font nullfont!
Missing character: There is no i in font nullfont!
Missing character: There is no n in font nullfont!
Missing character: There is no e in font nullfont!
Missing character: There is no d in font nullfont!
Missing character: There is no b in font nullfont!
Missing character: There is no y in font nullfont!
Missing character: There is no " in font nullfont!
Missing character: There is no r in font nullfont!
Missing character: There is no o in font nullfont!
Missing character: There is no t in font nullfont!
Missing character: There is no a in font nullfont!
Missing character: There is no t in font nullfont!
Missing character: There is no i in font nullfont!
Missing character: There is no n in font nullfont!
Missing character: There is no g in font nullfont!
Missing character: There is no " in font nullfont!
Missing character: There is no t in font nullfont!
Missing character: There is no h in font nullfont!
Missing character: There is no e in font nullfont!
Missing character: There is no p in font nullfont!
Missing character: There is no o in font nullfont!
Missing character: There is no i in font nullfont!
Missing character: There is no n in font nullfont!
Missing character: There is no t in font nullfont!
Missing character: There is no s in font nullfont!
Missing character: There is no i in font nullfont!
Missing character: There is no n in font nullfont!
Missing character: There is no b in font nullfont!
Missing character: There is no y in font nullfont!
Missing character: There is no a in font nullfont!
Missing character: There is no r in font nullfont!
Missing character: There is no a in font nullfont!
Missing character: There is no t in font nullfont!
Missing character: There is no i in font nullfont!
Missing character: There is no o in font nullfont!
Missing character: There is no n in font nullfont!
Missing character: There is no a in font nullfont!
Missing character: There is no l in font nullfont!
Missing character: There is no n in font nullfont!
Missing character: There is no u in font nullfont!
Missing character: There is no m in font nullfont!
Missing character: There is no b in font nullfont!
Missing character: There is no e in font nullfont!
Missing character: There is no r in font nullfont!
Missing character: There is no . in font nullfont!
Missing character: There is no C in font nullfont!
Missing character: There is no l in font nullfont!
Missing character: There is no e in font nullfont!
Missing character: There is no a in font nullfont!
Missing character: There is no r in font nullfont!
Missing character: There is no l in font nullfont!
Missing character: There is no y in font nullfont!
Missing character: There is no , in font nullfont!
Missing character: There is no h in font nullfont!
Missing character: There is no e in font nullfont!
Missing character: There is no n in font nullfont!
Missing character: There is no c in font nullfont!
Missing character: There is no e in font nullfont!
/Users/gcrescenzo/Documents/School/LaTeX Documents/latex-class-notes/Fall 2025/550 Measure Theory/Notes/measures.tex:20: Undefined control sequence.
l.20 ...\subset [0,1)$, hence $\bigcup_{q \in \bfQ
                                                   \cap [0,1)}N_q \subset [0...
The control sequence at the end of the top line
of your error message was never \def'ed. If you have
misspelled it (e.g., `\hobx'), type `I' and the correct
spelling (e.g., `I\hbox'). Otherwise just continue,
and I'll forget about whatever was undefined.

Missing character: There is no . in font nullfont!
Missing character: There is no W in font nullfont!
Missing character: There is no e in font nullfont!
Missing character: There is no h in font nullfont!
Missing character: There is no a in font nullfont!
Missing character: There is no v in font nullfont!
Missing character: There is no e in font nullfont!
Missing character: There is no t in font nullfont!
Missing character: There is no h in font nullfont!
Missing character: There is no e in font nullfont!
Missing character: There is no f in font nullfont!
Missing character: There is no o in font nullfont!
Missing character: There is no l in font nullfont!
Missing character: There is no l in font nullfont!
Missing character: There is no o in font nullfont!
Missing character: There is no w in font nullfont!
Missing character: There is no i in font nullfont!
Missing character: There is no n in font nullfont!
Missing character: There is no g in font nullfont!
Missing character: There is no t in font nullfont!
Missing character: There is no h in font nullfont!
Missing character: There is no r in font nullfont!
Missing character: There is no e in font nullfont!
Missing character: There is no e in font nullfont!
Missing character: There is no p in font nullfont!
Missing character: There is no r in font nullfont!
Missing character: There is no o in font nullfont!
Missing character: There is no p in font nullfont!
Missing character: There is no e in font nullfont!
Missing character: There is no r in font nullfont!
Missing character: There is no t in font nullfont!
Missing character: There is no i in font nullfont!
Missing character: There is no e in font nullfont!
Missing character: There is no s in font nullfont!
Missing character: There is no : in font nullfont!

Overfull \hbox (11.58098pt too wide) in paragraph at lines 9--22
              $\OML/cmm/m/it/10 ^^V \OT1/cmr/m/n/10 :
 []


Overfull \hbox (20.55553pt too wide) in paragraph at lines 9--22
\OT1/cmr/m/n/10 () \OMS/cmsy/m/n/10 !
 []


Overfull \hbox (25.00002pt too wide) in paragraph at lines 9--22
\OT1/cmr/m/n/10 [0\OML/cmm/m/it/10 ; \OMS/cmsy/m/n/10 1\OT1/cmr/m/n/10 ]$
 []


Overfull \hbox (6.02548pt too wide) in paragraph at lines 9--22
\OML/cmm/m/it/10 ^^V$
 []


Overfull \hbox (45.46992pt too wide) in paragraph at lines 9--22
\OML/cmm/m/it/10 ^^V\OT1/cmr/m/n/10 ([0\OML/cmm/m/it/10 ; \OT1/cmr/m/n/10 1)) =
 []


Overfull \hbox (5.00002pt too wide) in paragraph at lines 9--22
\OT1/cmr/m/n/10 1$
 []


Overfull \hbox (21.11113pt too wide) in paragraph at lines 9--22
\OT1/cmr/m/n/10 [0\OML/cmm/m/it/10 ; \OT1/cmr/m/n/10 1)$
 []


Overfull \hbox (16.27078pt too wide) in paragraph at lines 9--22
\OML/cmm/m/it/10 x \OMS/cmsy/m/n/10 ^^X
 []


Overfull \hbox (5.2616pt too wide) in paragraph at lines 9--22
\OML/cmm/m/it/10 y$
 []


Overfull \hbox (13.49307pt too wide) in paragraph at lines 9--22
\OML/cmm/m/it/10 x \OMS/cmsy/m/n/10 ^^@
 []


Overfull \hbox (14.706pt too wide) in paragraph at lines 9--22
\OML/cmm/m/it/10 y \OMS/cmsy/m/n/10 2$
 []


Overfull \hbox (9.12497pt too wide) in paragraph at lines 9--22
\OML/cmm/m/it/10 N$
 []


Overfull \hbox (14.2673pt too wide) in paragraph at lines 9--22
\OML/cmm/m/it/10 q \OMS/cmsy/m/n/10 2
 []


Overfull \hbox (27.77782pt too wide) in paragraph at lines 9--22
\OMS/cmsy/m/n/10 \\OT1/cmr/m/n/10 [0\OML/cmm/m/it/10 ; \OT1/cmr/m/n/10 1)$
 []


Overfull \hbox (14.97185pt too wide) in paragraph at lines 9--22
[] \OT1/cmr/m/n/10 =
 []


Overfull \hbox (18.49309pt too wide) in paragraph at lines 9--22
\OMS/cmsy/m/n/10 f\OML/cmm/m/it/10 x \OT1/cmr/m/n/10 +
 []


Overfull \hbox (10.3784pt too wide) in paragraph at lines 9--22
\OML/cmm/m/it/10 q \OMS/cmsy/m/n/10 j
 []


Overfull \hbox (15.79166pt too wide) in paragraph at lines 9--22
\OML/cmm/m/it/10 N \OMS/cmsy/m/n/10 \
 []


Overfull \hbox (25.00003pt too wide) in paragraph at lines 9--22
\OT1/cmr/m/n/10 [0\OML/cmm/m/it/10 ; \OT1/cmr/m/n/10 1 \OMS/cmsy/m/n/10 ^^@
 []


Overfull \hbox (20.37851pt too wide) in paragraph at lines 9--22
\OML/cmm/m/it/10 q\OT1/cmr/m/n/10 )\OMS/cmsy/m/n/10 g [
 []


Overfull \hbox (18.49309pt too wide) in paragraph at lines 9--22
\OMS/cmsy/m/n/10 f\OML/cmm/m/it/10 x \OT1/cmr/m/n/10 +
 []


Overfull \hbox (16.48961pt too wide) in paragraph at lines 9--22
\OT1/cmr/m/n/10 (\OML/cmm/m/it/10 q \OMS/cmsy/m/n/10 ^^@
 []


Overfull \hbox (14.44441pt too wide) in paragraph at lines 9--22
\OT1/cmr/m/n/10 1) \OMS/cmsy/m/n/10 j
 []


Overfull \hbox (15.15967pt too wide) in paragraph at lines 9--22
\OML/cmm/m/it/10 x \OMS/cmsy/m/n/10 2
 []


Overfull \hbox (15.79166pt too wide) in paragraph at lines 9--22
\OML/cmm/m/it/10 N \OMS/cmsy/m/n/10 \
 []


Overfull \hbox (15.5556pt too wide) in paragraph at lines 9--22
\OT1/cmr/m/n/10 [1 \OMS/cmsy/m/n/10 ^^@
 []


Overfull \hbox (25.93404pt too wide) in paragraph at lines 9--22
\OML/cmm/m/it/10 q; \OT1/cmr/m/n/10 1)\OMS/cmsy/m/n/10 g\OML/cmm/m/it/10 :$
 []


Overfull \hbox (12.45105pt too wide) in paragraph at lines 9--22
\OML/cmm/m/it/10 N[]$
 []


Overfull \hbox (9.12497pt too wide) in paragraph at lines 9--22
\OML/cmm/m/it/10 N$
 []


Overfull \hbox (4.8229pt too wide) in paragraph at lines 9--22
\OML/cmm/m/it/10 q$
 []


Overfull \hbox (23.00656pt too wide) in paragraph at lines 9--22
\OML/cmm/m/it/10 N[] \OMS/cmsy/m/n/10 ^^Z
 []


Overfull \hbox (21.11113pt too wide) in paragraph at lines 9--22
\OT1/cmr/m/n/10 [0\OML/cmm/m/it/10 ; \OT1/cmr/m/n/10 1)$
 []


Overfull \hbox (63.93686pt too wide) in paragraph at lines 9--22
[][] \OML/cmm/m/it/10 N[] \OMS/cmsy/m/n/10 ^^Z
 []


Overfull \hbox (21.11113pt too wide) in paragraph at lines 9--22
\OT1/cmr/m/n/10 [0\OML/cmm/m/it/10 ; \OT1/cmr/m/n/10 1)$
 []

Missing character: There is no [ in font nullfont!
Missing character: There is no l in font nullfont!
Missing character: There is no a in font nullfont!
Missing character: There is no b in font nullfont!
Missing character: There is no e in font nullfont!
Missing character: There is no l in font nullfont!
Missing character: There is no = in font nullfont!
Missing character: There is no ( in font nullfont!
/Users/gcrescenzo/Documents/School/LaTeX Documents/latex-class-notes/Fall 2025/550 Measure Theory/Notes/measures.tex:22: Missing number, treated as zero.
<to be read again> 
                   \c@* 
l.22 ...         \begin{enumerate}[label = (\alph*
                                                  ),itemsep=1pt,topsep=3pt]
A number should have been here; I inserted `0'.
(If you can't figure out why I needed to see a number,
look up `weird error' in the index to The TeXbook.)

Missing character: There is no ) in font nullfont!
Missing character: There is no , in font nullfont!
Missing character: There is no i in font nullfont!
Missing character: There is no t in font nullfont!
Missing character: There is no e in font nullfont!
Missing character: There is no m in font nullfont!
Missing character: There is no s in font nullfont!
Missing character: There is no e in font nullfont!
Missing character: There is no p in font nullfont!
Missing character: There is no = in font nullfont!
Missing character: There is no 1 in font nullfont!
Missing character: There is no p in font nullfont!
Missing character: There is no t in font nullfont!
Missing character: There is no , in font nullfont!
Missing character: There is no t in font nullfont!
Missing character: There is no o in font nullfont!
Missing character: There is no p in font nullfont!
Missing character: There is no s in font nullfont!
Missing character: There is no e in font nullfont!
Missing character: There is no p in font nullfont!
Missing character: There is no = in font nullfont!
Missing character: There is no 3 in font nullfont!
Missing character: There is no p in font nullfont!
Missing character: There is no t in font nullfont!
Missing character: There is no ] in font nullfont!

/Users/gcrescenzo/Documents/School/LaTeX Documents/latex-class-notes/Fall 2025/550 Measure Theory/Notes/measures.tex:23: LaTeX Error: Something's wrong--perhaps a missing \item.

See the LaTeX manual or LaTeX Companion for explanation.
Type  H <return>  for immediate help.
 ...                                              
                                                  
l.23                     \item F
                                or any $q \in \bfQ$, $\mu(N) = \mu(N_q)$
Try typing  <return>  to proceed.
If that doesn't work, type  X <return>  to quit.

Missing character: There is no F in font nullfont!
Missing character: There is no o in font nullfont!
Missing character: There is no r in font nullfont!
Missing character: There is no a in font nullfont!
Missing character: There is no n in font nullfont!
Missing character: There is no y in font nullfont!
/Users/gcrescenzo/Documents/School/LaTeX Documents/latex-class-notes/Fall 2025/550 Measure Theory/Notes/measures.tex:23: Undefined control sequence.
l.23                     \item For any $q \in \bfQ
                                                  $, $\mu(N) = \mu(N_q)$
The control sequence at the end of the top line
of your error message was never \def'ed. If you have
misspelled it (e.g., `\hobx'), type `I' and the correct
spelling (e.g., `I\hbox'). Otherwise just continue,
and I'll forget about whatever was undefined.

Missing character: There is no , in font nullfont!

Overfull \hbox (14.2673pt too wide) in paragraph at lines 23--24
\OML/cmm/m/it/10 q \OMS/cmsy/m/n/10 2$
 []


Overfull \hbox (33.48376pt too wide) in paragraph at lines 23--24
\OML/cmm/m/it/10 ^^V\OT1/cmr/m/n/10 (\OML/cmm/m/it/10 N\OT1/cmr/m/n/10 ) =
 []


Overfull \hbox (26.25433pt too wide) in paragraph at lines 23--24
\OML/cmm/m/it/10 ^^V\OT1/cmr/m/n/10 (\OML/cmm/m/it/10 N[]\OT1/cmr/m/n/10 )$ 
 []

Missing character: There is no I in font nullfont!
Missing character: There is no f in font nullfont!
/Users/gcrescenzo/Documents/School/LaTeX Documents/latex-class-notes/Fall 2025/550 Measure Theory/Notes/measures.tex:24: Undefined control sequence.
l.24                     \item If $r,s \in \bfQ
                                               $, $r \neq s$, then $N_r \cap...
The control sequence at the end of the top line
of your error message was never \def'ed. If you have
misspelled it (e.g., `\hobx'), type `I' and the correct
spelling (e.g., `I\hbox'). Otherwise just continue,
and I'll forget about whatever was undefined.

Missing character: There is no , in font nullfont!
Missing character: There is no , in font nullfont!
Missing character: There is no t in font nullfont!
Missing character: There is no h in font nullfont!
Missing character: There is no e in font nullfont!
Missing character: There is no n in font nullfont!
Missing character: There is no . in font nullfont!

Overfull \hbox (22.81012pt too wide) in paragraph at lines 24--25
\OML/cmm/m/it/10 r; s \OMS/cmsy/m/n/10 2$
 []


Overfull \hbox (15.34488pt too wide) in paragraph at lines 24--25
\OML/cmm/m/it/10 r \OMS/cmsy/m/n/10 6\OT1/cmr/m/n/10 =
 []


Overfull \hbox (4.6875pt too wide) in paragraph at lines 24--25
\OML/cmm/m/it/10 s$
 []


Overfull \hbox (19.12965pt too wide) in paragraph at lines 24--25
\OML/cmm/m/it/10 N[] \OMS/cmsy/m/n/10 \
 []


Overfull \hbox (22.86455pt too wide) in paragraph at lines 24--25
\OML/cmm/m/it/10 N[] \OT1/cmr/m/n/10 =
 []


Overfull \hbox (5.00002pt too wide) in paragraph at lines 24--25
\OMS/cmsy/m/n/10 ;$ 
 []

Missing character: There is no F in font nullfont!
Missing character: There is no o in font nullfont!
Missing character: There is no r in font nullfont!
Missing character: There is no e in font nullfont!
Missing character: There is no v in font nullfont!
Missing character: There is no e in font nullfont!
Missing character: There is no r in font nullfont!
Missing character: There is no y in font nullfont!
Missing character: There is no , in font nullfont!
Missing character: There is no t in font nullfont!
Missing character: There is no h in font nullfont!
Missing character: There is no e in font nullfont!
Missing character: There is no r in font nullfont!
Missing character: There is no e in font nullfont!
Missing character: There is no e in font nullfont!
Missing character: There is no x in font nullfont!
Missing character: There is no i in font nullfont!
Missing character: There is no s in font nullfont!
Missing character: There is no t in font nullfont!
Missing character: There is no s in font nullfont!
Missing character: There is no a in font nullfont!
/Users/gcrescenzo/Documents/School/LaTeX Documents/latex-class-notes/Fall 2025/550 Measure Theory/Notes/measures.tex:25: Undefined control sequence.
l.25 ... $y \in [0,1)$, there exists a $q \in \bfQ
                                                  $ such that $y \in N_q$.
The control sequence at the end of the top line
of your error message was never \def'ed. If you have
misspelled it (e.g., `\hobx'), type `I' and the correct
spelling (e.g., `I\hbox'). Otherwise just continue,
and I'll forget about whatever was undefined.

Missing character: There is no s in font nullfont!
Missing character: There is no u in font nullfont!
Missing character: There is no c in font nullfont!
Missing character: There is no h in font nullfont!
Missing character: There is no t in font nullfont!
Missing character: There is no h in font nullfont!
Missing character: There is no a in font nullfont!
Missing character: There is no t in font nullfont!
Missing character: There is no . in font nullfont!

Overfull \hbox (14.706pt too wide) in paragraph at lines 25--26
\OML/cmm/m/it/10 y \OMS/cmsy/m/n/10 2
 []


Overfull \hbox (21.11113pt too wide) in paragraph at lines 25--26
\OT1/cmr/m/n/10 [0\OML/cmm/m/it/10 ; \OT1/cmr/m/n/10 1)$
 []


Overfull \hbox (14.2673pt too wide) in paragraph at lines 25--26
\OML/cmm/m/it/10 q \OMS/cmsy/m/n/10 2$
 []


Overfull \hbox (14.706pt too wide) in paragraph at lines 25--26
\OML/cmm/m/it/10 y \OMS/cmsy/m/n/10 2
 []


Overfull \hbox (12.45105pt too wide) in paragraph at lines 25--26
\OML/cmm/m/it/10 N[]$ 
 []

Missing character: There is no P in font nullfont!
Missing character: There is no r in font nullfont!
Missing character: There is no o in font nullfont!
Missing character: There is no p in font nullfont!
Missing character: There is no e in font nullfont!
Missing character: There is no r in font nullfont!
Missing character: There is no t in font nullfont!
Missing character: There is no y in font nullfont!
Missing character: There is no ( in font nullfont!
Missing character: There is no a in font nullfont!
Missing character: There is no ) in font nullfont!
Missing character: There is no f in font nullfont!
Missing character: There is no o in font nullfont!
Missing character: There is no l in font nullfont!
Missing character: There is no l in font nullfont!
Missing character: There is no o in font nullfont!
Missing character: There is no w in font nullfont!
Missing character: There is no s in font nullfont!
Missing character: There is no f in font nullfont!
Missing character: There is no r in font nullfont!
Missing character: There is no o in font nullfont!
Missing character: There is no m in font nullfont!
Missing character: There is no t in font nullfont!
Missing character: There is no h in font nullfont!
Missing character: There is no e in font nullfont!
Missing character: There is no f in font nullfont!
Missing character: There is no a in font nullfont!
Missing character: There is no c in font nullfont!
Missing character: There is no t in font nullfont!
Missing character: There is no t in font nullfont!
Missing character: There is no h in font nullfont!
Missing character: There is no a in font nullfont!
Missing character: There is no t in font nullfont!
Missing character: There is no a in font nullfont!
Missing character: There is no n in font nullfont!
Missing character: There is no d in font nullfont!
Missing character: There is no a in font nullfont!
Missing character: There is no r in font nullfont!
Missing character: There is no e in font nullfont!
Missing character: There is no c in font nullfont!
Missing character: There is no o in font nullfont!
Missing character: There is no n in font nullfont!
Missing character: There is no g in font nullfont!
Missing character: There is no r in font nullfont!
Missing character: There is no u in font nullfont!
Missing character: There is no e in font nullfont!
Missing character: There is no n in font nullfont!
Missing character: There is no t in font nullfont!
Missing character: There is no , in font nullfont!
Missing character: There is no h in font nullfont!
Missing character: There is no e in font nullfont!
Missing character: There is no n in font nullfont!
Missing character: There is no c in font nullfont!
Missing character: There is no e in font nullfont!
Missing character: There is no : in font nullfont!

/Users/gcrescenzo/Documents/School/LaTeX Documents/latex-class-notes/Fall 2025/550 Measure Theory/Notes/measures.tex:28: LaTeX Error: Environment equation* undefined.

See the LaTeX manual or LaTeX Companion for explanation.
Type  H <return>  for immediate help.
 ...                                              
                                                  
l.28                 \begin{equation*}
                                      
Your command was ignored.
Type  I <command> <return>  to replace it with another command,
or  <return>  to continue without it.


/Users/gcrescenzo/Documents/School/LaTeX Documents/latex-class-notes/Fall 2025/550 Measure Theory/Notes/measures.tex:29: LaTeX Error: Environment split undefined.

See the LaTeX manual or LaTeX Companion for explanation.
Type  H <return>  for immediate help.
 ...                                              
                                                  
l.29                 \begin{split}
                                  
Your command was ignored.
Type  I <command> <return>  to replace it with another command,
or  <return>  to continue without it.

/Users/gcrescenzo/Documents/School/LaTeX Documents/latex-class-notes/Fall 2025/550 Measure Theory/Notes/measures.tex:30: Missing $ inserted.
<inserted text> 
                $
l.30                     \mu
                            (N)
I've inserted a begin-math/end-math symbol since I think
you left one out. Proceed, with fingers crossed.

/Users/gcrescenzo/Documents/School/LaTeX Documents/latex-class-notes/Fall 2025/550 Measure Theory/Notes/measures.tex:31: Misplaced alignment tab character &.
l.31                     &
                           = \mu \bigl( N \cap [0,1-q) \bigr) + \mu\bigl(N \...
I can't figure out why you would want to use a tab mark
here. If you just want an ampersand, the remedy is
simple: Just type `I\&' now. But if some right brace
up above has ended a previous alignment prematurely,
you're probably due for more error messages, and you
might try typing `S' now just to see what is salvageable.

/Users/gcrescenzo/Documents/School/LaTeX Documents/latex-class-notes/Fall 2025/550 Measure Theory/Notes/measures.tex:32: Misplaced alignment tab character &.
<recently read> &
                 
l.32                     &
                           = \mu\bigl( \{x + q \mid x \in N \cap [0,1-q)\}\b...
I can't figure out why you would want to use a tab mark
here. If you just want an ampersand, the remedy is
simple: Just type `I\&' now. But if some right brace
up above has ended a previous alignment prematurely,
you're probably due for more error messages, and you
might try typing `S' now just to see what is salvageable.

/Users/gcrescenzo/Documents/School/LaTeX Documents/latex-class-notes/Fall 2025/550 Measure Theory/Notes/measures.tex:32: Undefined control sequence.
l.32 ... q - 1 \mid x\in N \cap [1-q,1)\}\bigr) \h
                                                  9\text{\tiny "Rotation"} \\
The control sequence at the end of the top line
of your error message was never \def'ed. If you have
misspelled it (e.g., `\hobx'), type `I' and the correct
spelling (e.g., `I\hbox'). Otherwise just continue,
and I'll forget about whatever was undefined.

/Users/gcrescenzo/Documents/School/LaTeX Documents/latex-class-notes/Fall 2025/550 Measure Theory/Notes/measures.tex:32: Undefined control sequence.
l.32 ... \mid x\in N \cap [1-q,1)\}\bigr) \h9\text
                                                  {\tiny "Rotation"} \\
The control sequence at the end of the top line
of your error message was never \def'ed. If you have
misspelled it (e.g., `\hobx'), type `I' and the correct
spelling (e.g., `I\hbox'). Otherwise just continue,
and I'll forget about whatever was undefined.

/Users/gcrescenzo/Documents/School/LaTeX Documents/latex-class-notes/Fall 2025/550 Measure Theory/Notes/measures.tex:32: Undefined control sequence.
l.32 ...x\in N \cap [1-q,1)\}\bigr) \h9\text{\tiny
                                                   "Rotation"} \\
The control sequence at the end of the top line
of your error message was never \def'ed. If you have
misspelled it (e.g., `\hobx'), type `I' and the correct
spelling (e.g., `I\hbox'). Otherwise just continue,
and I'll forget about whatever was undefined.

/Users/gcrescenzo/Documents/School/LaTeX Documents/latex-class-notes/Fall 2025/550 Measure Theory/Notes/measures.tex:33: Misplaced alignment tab character &.
<recently read> &
                 
l.33                     &
                           = \mu(N_r).
I can't figure out why you would want to use a tab mark
here. If you just want an ampersand, the remedy is
simple: Just type `I\&' now. But if some right brace
up above has ended a previous alignment prematurely,
you're probably due for more error messages, and you
might try typing `S' now just to see what is salvageable.


/Users/gcrescenzo/Documents/School/LaTeX Documents/latex-class-notes/Fall 2025/550 Measure Theory/Notes/measures.tex:34: LaTeX Error: \begin{document} ended by \end{split}.

See the LaTeX manual or LaTeX Companion for explanation.
Type  H <return>  for immediate help.
 ...                                              
                                                  
l.34                 \end{split}
                                
Your command was ignored.
Type  I <command> <return>  to replace it with another command,
or  <return>  to continue without it.

/Users/gcrescenzo/Documents/School/LaTeX Documents/latex-class-notes/Fall 2025/550 Measure Theory/Notes/measures.tex:34: Missing $ inserted.
<inserted text> 
                $
l.34                 \end{split}
                                
I've inserted something that you may have forgotten.
(See the <inserted text> above.)
With luck, this will get me unwedged. But if you
really didn't forget anything, try typing `2' now; then
my insertion and my current dilemma will both disappear.


/Users/gcrescenzo/Documents/School/LaTeX Documents/latex-class-notes/Fall 2025/550 Measure Theory/Notes/measures.tex:35: LaTeX Error: \begin{document} ended by \end{equation*}.

See the LaTeX manual or LaTeX Companion for explanation.
Type  H <return>  for immediate help.
 ...                                              
                                                  
l.35                 \end{equation*}
                                    
Your command was ignored.
Type  I <command> <return>  to replace it with another command,
or  <return>  to continue without it.

Missing character: There is no P in font nullfont!
Missing character: There is no r in font nullfont!
Missing character: There is no o in font nullfont!
Missing character: There is no p in font nullfont!
Missing character: There is no e in font nullfont!
Missing character: There is no r in font nullfont!
Missing character: There is no t in font nullfont!
Missing character: There is no y in font nullfont!
Missing character: There is no ( in font nullfont!
Missing character: There is no b in font nullfont!
Missing character: There is no ) in font nullfont!
Missing character: There is no f in font nullfont!
Missing character: There is no o in font nullfont!
Missing character: There is no l in font nullfont!
Missing character: There is no l in font nullfont!
Missing character: There is no o in font nullfont!
Missing character: There is no w in font nullfont!
Missing character: There is no s in font nullfont!
Missing character: There is no b in font nullfont!
Missing character: There is no y in font nullfont!
Missing character: There is no c in font nullfont!
Missing character: There is no o in font nullfont!
Missing character: There is no n in font nullfont!
Missing character: There is no t in font nullfont!
Missing character: There is no r in font nullfont!
Missing character: There is no a in font nullfont!
Missing character: There is no d in font nullfont!
Missing character: There is no i in font nullfont!
Missing character: There is no c in font nullfont!
Missing character: There is no t in font nullfont!
Missing character: There is no i in font nullfont!
Missing character: There is no o in font nullfont!
Missing character: There is no n in font nullfont!
Missing character: There is no i in font nullfont!
Missing character: There is no f in font nullfont!
Missing character: There is no , in font nullfont!
Missing character: There is no t in font nullfont!
Missing character: There is no h in font nullfont!
Missing character: There is no e in font nullfont!
Missing character: There is no n in font nullfont!
Missing character: There is no a in font nullfont!
Missing character: There is no n in font nullfont!
Missing character: There is no d in font nullfont!
Missing character: There is no w in font nullfont!
Missing character: There is no o in font nullfont!
Missing character: There is no u in font nullfont!
Missing character: There is no l in font nullfont!
Missing character: There is no d in font nullfont!
Missing character: There is no b in font nullfont!
Missing character: There is no e in font nullfont!
Missing character: There is no d in font nullfont!
Missing character: There is no i in font nullfont!
Missing character: There is no s in font nullfont!
Missing character: There is no t in font nullfont!
Missing character: There is no i in font nullfont!
Missing character: There is no n in font nullfont!
Missing character: There is no c in font nullfont!
Missing character: There is no t in font nullfont!
Missing character: There is no e in font nullfont!
Missing character: There is no l in font nullfont!
Missing character: There is no e in font nullfont!
Missing character: There is no m in font nullfont!
Missing character: There is no e in font nullfont!
Missing character: There is no n in font nullfont!
Missing character: There is no t in font nullfont!
Missing character: There is no s in font nullfont!
Missing character: There is no o in font nullfont!
Missing character: There is no f in font nullfont!
Missing character: There is no . in font nullfont!
Missing character: There is no H in font nullfont!
Missing character: There is no o in font nullfont!
Missing character: There is no w in font nullfont!
Missing character: There is no e in font nullfont!
Missing character: There is no v in font nullfont!
Missing character: There is no e in font nullfont!
Missing character: There is no r in font nullfont!
Missing character: There is no , in font nullfont!
/Users/gcrescenzo/Documents/School/LaTeX Documents/latex-class-notes/Fall 2025/550 Measure Theory/Notes/measures.tex:36: Undefined control sequence.
l.36 ...N$. However, $(x-r) - (x-s) = s-r \in \bfQ
                                                  $, so $x-r$ and $x-s$ are ...
The control sequence at the end of the top line
of your error message was never \def'ed. If you have
misspelled it (e.g., `\hobx'), type `I' and the correct
spelling (e.g., `I\hbox'). Otherwise just continue,
and I'll forget about whatever was undefined.

Missing character: There is no , in font nullfont!
Missing character: There is no s in font nullfont!
Missing character: There is no o in font nullfont!
Missing character: There is no a in font nullfont!
Missing character: There is no n in font nullfont!
Missing character: There is no d in font nullfont!
Missing character: There is no a in font nullfont!
Missing character: There is no r in font nullfont!
Missing character: There is no e in font nullfont!
Missing character: There is no i in font nullfont!
Missing character: There is no n in font nullfont!
Missing character: There is no t in font nullfont!
Missing character: There is no h in font nullfont!
Missing character: There is no e in font nullfont!
Missing character: There is no s in font nullfont!
Missing character: There is no a in font nullfont!
Missing character: There is no m in font nullfont!
Missing character: There is no e in font nullfont!
Missing character: There is no e in font nullfont!
Missing character: There is no q in font nullfont!
Missing character: There is no u in font nullfont!
Missing character: There is no i in font nullfont!
Missing character: There is no v in font nullfont!
Missing character: There is no a in font nullfont!
Missing character: There is no l in font nullfont!
Missing character: There is no e in font nullfont!
Missing character: There is no n in font nullfont!
Missing character: There is no c in font nullfont!
Missing character: There is no e in font nullfont!
Missing character: There is no c in font nullfont!
Missing character: There is no l in font nullfont!
Missing character: There is no a in font nullfont!
Missing character: There is no s in font nullfont!
Missing character: There is no s in font nullfont!
Missing character: There is no . in font nullfont!
Missing character: There is no B in font nullfont!
Missing character: There is no u in font nullfont!
Missing character: There is no t in font nullfont!
Missing character: There is no t in font nullfont!
Missing character: There is no h in font nullfont!
Missing character: There is no i in font nullfont!
Missing character: There is no s in font nullfont!
Missing character: There is no c in font nullfont!
Missing character: There is no o in font nullfont!
Missing character: There is no n in font nullfont!
Missing character: There is no t in font nullfont!
Missing character: There is no r in font nullfont!
Missing character: There is no a in font nullfont!
Missing character: There is no d in font nullfont!
Missing character: There is no i in font nullfont!
Missing character: There is no c in font nullfont!
Missing character: There is no t in font nullfont!
Missing character: There is no s in font nullfont!
Missing character: There is no t in font nullfont!
Missing character: There is no h in font nullfont!
Missing character: There is no e in font nullfont!
Missing character: There is no w in font nullfont!
Missing character: There is no a in font nullfont!
Missing character: There is no y in font nullfont!
Missing character: There is no w in font nullfont!
Missing character: There is no h in font nullfont!
Missing character: There is no i in font nullfont!
Missing character: There is no c in font nullfont!
Missing character: There is no h in font nullfont!
Missing character: There is no w in font nullfont!
Missing character: There is no e in font nullfont!
Missing character: There is no ' in font nullfont!
Missing character: There is no v in font nullfont!
Missing character: There is no e in font nullfont!
Missing character: There is no c in font nullfont!
Missing character: There is no o in font nullfont!
Missing character: There is no n in font nullfont!
Missing character: There is no s in font nullfont!
Missing character: There is no t in font nullfont!
Missing character: There is no r in font nullfont!
Missing character: There is no u in font nullfont!
Missing character: There is no c in font nullfont!
Missing character: There is no t in font nullfont!
Missing character: There is no e in font nullfont!
Missing character: There is no d in font nullfont!
Missing character: There is no . in font nullfont!
Missing character: There is no F in font nullfont!
Missing character: There is no o in font nullfont!
Missing character: There is no r in font nullfont!
Missing character: There is no p in font nullfont!
Missing character: There is no r in font nullfont!
Missing character: There is no o in font nullfont!
Missing character: There is no p in font nullfont!
Missing character: There is no e in font nullfont!
Missing character: There is no r in font nullfont!
Missing character: There is no t in font nullfont!
Missing character: There is no y in font nullfont!
Missing character: There is no ( in font nullfont!
Missing character: There is no c in font nullfont!
Missing character: There is no ) in font nullfont!
Missing character: There is no , in font nullfont!
Missing character: There is no g in font nullfont!
Missing character: There is no i in font nullfont!
Missing character: There is no v in font nullfont!
Missing character: There is no e in font nullfont!
Missing character: There is no n in font nullfont!
Missing character: There is no , in font nullfont!
Missing character: There is no l in font nullfont!
Missing character: There is no e in font nullfont!
Missing character: There is no t in font nullfont!
/Users/gcrescenzo/Documents/School/LaTeX Documents/latex-class-notes/Fall 2025/550 Measure Theory/Notes/measures.tex:36: Undefined control sequence.
l.36 ...ty (c), given $y \in [0,1)$, let $x \in \N
                                                  $ satisfy $x \sim y$. Sinc...
The control sequence at the end of the top line
of your error message was never \def'ed. If you have
misspelled it (e.g., `\hobx'), type `I' and the correct
spelling (e.g., `I\hbox'). Otherwise just continue,
and I'll forget about whatever was undefined.

Missing character: There is no s in font nullfont!
Missing character: There is no a in font nullfont!
Missing character: There is no t in font nullfont!
Missing character: There is no i in font nullfont!
Missing character: There is no s in font nullfont!
Missing character: There is no f in font nullfont!
Missing character: There is no y in font nullfont!
Missing character: There is no . in font nullfont!
Missing character: There is no S in font nullfont!
Missing character: There is no i in font nullfont!
Missing character: There is no n in font nullfont!
Missing character: There is no c in font nullfont!
Missing character: There is no e in font nullfont!
Missing character: There is no a in font nullfont!
Missing character: There is no n in font nullfont!
Missing character: There is no d in font nullfont!
Missing character: There is no a in font nullfont!
Missing character: There is no r in font nullfont!
Missing character: There is no e in font nullfont!
Missing character: There is no i in font nullfont!
Missing character: There is no n in font nullfont!
Missing character: There is no t in font nullfont!
Missing character: There is no h in font nullfont!
Missing character: There is no e in font nullfont!
Missing character: There is no s in font nullfont!
Missing character: There is no a in font nullfont!
Missing character: There is no m in font nullfont!
Missing character: There is no e in font nullfont!
Missing character: There is no e in font nullfont!
Missing character: There is no q in font nullfont!
Missing character: There is no u in font nullfont!
Missing character: There is no i in font nullfont!
Missing character: There is no v in font nullfont!
Missing character: There is no a in font nullfont!
Missing character: There is no l in font nullfont!
Missing character: There is no e in font nullfont!
Missing character: There is no n in font nullfont!
Missing character: There is no c in font nullfont!
Missing character: There is no e in font nullfont!
Missing character: There is no c in font nullfont!
Missing character: There is no l in font nullfont!
Missing character: There is no a in font nullfont!
Missing character: There is no s in font nullfont!
Missing character: There is no s in font nullfont!
Missing character: There is no , in font nullfont!
Missing character: There is no w in font nullfont!
Missing character: There is no e in font nullfont!
Missing character: There is no c in font nullfont!
Missing character: There is no a in font nullfont!
Missing character: There is no n in font nullfont!
Missing character: There is no f in font nullfont!
Missing character: There is no i in font nullfont!
Missing character: There is no n in font nullfont!
Missing character: There is no d in font nullfont!
/Users/gcrescenzo/Documents/School/LaTeX Documents/latex-class-notes/Fall 2025/550 Measure Theory/Notes/measures.tex:36: Undefined control sequence.
l.36 ...equivalence class, we can find $q \in \bfQ
                                                  $ such that:
The control sequence at the end of the top line
of your error message was never \def'ed. If you have
misspelled it (e.g., `\hobx'), type `I' and the correct
spelling (e.g., `I\hbox'). Otherwise just continue,
and I'll forget about whatever was undefined.

Missing character: There is no s in font nullfont!
Missing character: There is no u in font nullfont!
Missing character: There is no c in font nullfont!
Missing character: There is no h in font nullfont!
Missing character: There is no t in font nullfont!
Missing character: There is no h in font nullfont!
Missing character: There is no a in font nullfont!
Missing character: There is no t in font nullfont!
Missing character: There is no : in font nullfont!

/Users/gcrescenzo/Documents/School/LaTeX Documents/latex-class-notes/Fall 2025/550 Measure Theory/Notes/measures.tex:37: LaTeX Error: Environment equation* undefined.

See the LaTeX manual or LaTeX Companion for explanation.
Type  H <return>  for immediate help.
 ...                                              
                                                  
l.37                 \begin{equation*}
                                      
Your command was ignored.
Type  I <command> <return>  to replace it with another command,
or  <return>  to continue without it.


/Users/gcrescenzo/Documents/School/LaTeX Documents/latex-class-notes/Fall 2025/550 Measure Theory/Notes/measures.tex:38: LaTeX Error: Environment split undefined.

See the LaTeX manual or LaTeX Companion for explanation.
Type  H <return>  for immediate help.
 ...                                              
                                                  
l.38                 \begin{split}
                                  
Your command was ignored.
Type  I <command> <return>  to replace it with another command,
or  <return>  to continue without it.

Missing character: There is no y in font nullfont!
Missing character: There is no = in font nullfont!
/Users/gcrescenzo/Documents/School/LaTeX Documents/latex-class-notes/Fall 2025/550 Measure Theory/Notes/measures.tex:41: Missing $ inserted.
<inserted text> 
                $
l.41                         x
                              +q, & x < y \\
I've inserted a begin-math/end-math symbol since I think
you left one out. Proceed, with fingers crossed.

/Users/gcrescenzo/Documents/School/LaTeX Documents/latex-class-notes/Fall 2025/550 Measure Theory/Notes/measures.tex:41: Misplaced alignment tab character &.
l.41                         x+q, &
                                    x < y \\
I can't figure out why you would want to use a tab mark
here. If you just want an ampersand, the remedy is
simple: Just type `I\&' now. But if some right brace
up above has ended a previous alignment prematurely,
you're probably due for more error messages, and you
might try typing `S' now just to see what is salvageable.

/Users/gcrescenzo/Documents/School/LaTeX Documents/latex-class-notes/Fall 2025/550 Measure Theory/Notes/measures.tex:42: Misplaced alignment tab character &.
l.42                         x - (q-1) &
                                         x > y
I can't figure out why you would want to use a tab mark
here. If you just want an ampersand, the remedy is
simple: Just type `I\&' now. But if some right brace
up above has ended a previous alignment prematurely,
you're probably due for more error messages, and you
might try typing `S' now just to see what is salvageable.

/Users/gcrescenzo/Documents/School/LaTeX Documents/latex-class-notes/Fall 2025/550 Measure Theory/Notes/measures.tex:43: Missing $ inserted.
<inserted text> 
                $
l.43                     \end{cases}
                                    .
I've inserted something that you may have forgotten.
(See the <inserted text> above.)
With luck, this will get me unwedged. But if you
really didn't forget anything, try typing `2' now; then
my insertion and my current dilemma will both disappear.

Missing character: There is no . in font nullfont!

/Users/gcrescenzo/Documents/School/LaTeX Documents/latex-class-notes/Fall 2025/550 Measure Theory/Notes/measures.tex:44: LaTeX Error: \begin{document} ended by \end{split}.

See the LaTeX manual or LaTeX Companion for explanation.
Type  H <return>  for immediate help.
 ...                                              
                                                  
l.44                 \end{split}
                                
Your command was ignored.
Type  I <command> <return>  to replace it with another command,
or  <return>  to continue without it.


/Users/gcrescenzo/Documents/School/LaTeX Documents/latex-class-notes/Fall 2025/550 Measure Theory/Notes/measures.tex:45: LaTeX Error: \begin{document} ended by \end{equation*}.

See the LaTeX manual or LaTeX Companion for explanation.
Type  H <return>  for immediate help.
 ...                                              
                                                  
l.45                 \end{equation*}
                                    
Your command was ignored.
Type  I <command> <return>  to replace it with another command,
or  <return>  to continue without it.

Missing character: There is no H in font nullfont!
Missing character: There is no e in font nullfont!
Missing character: There is no n in font nullfont!
Missing character: There is no c in font nullfont!
Missing character: There is no e in font nullfont!
Missing character: There is no , in font nullfont!
Missing character: There is no g in font nullfont!
Missing character: There is no i in font nullfont!
Missing character: There is no v in font nullfont!
Missing character: There is no i in font nullfont!
Missing character: There is no n in font nullfont!
Missing character: There is no g in font nullfont!
/Users/gcrescenzo/Documents/School/LaTeX Documents/latex-class-notes/Fall 2025/550 Measure Theory/Notes/measures.tex:46: Undefined control sequence.
l.46 ...1) \subset N_q \subset \bigcup_{q \in \bfQ
                                                   \cap [0,1)}N_q$. We've ob...
The control sequence at the end of the top line
of your error message was never \def'ed. If you have
misspelled it (e.g., `\hobx'), type `I' and the correct
spelling (e.g., `I\hbox'). Otherwise just continue,
and I'll forget about whatever was undefined.

Missing character: There is no . in font nullfont!
Missing character: There is no W in font nullfont!
Missing character: There is no e in font nullfont!
Missing character: There is no ' in font nullfont!
Missing character: There is no v in font nullfont!
Missing character: There is no e in font nullfont!
Missing character: There is no o in font nullfont!
Missing character: There is no b in font nullfont!
Missing character: There is no t in font nullfont!
Missing character: There is no a in font nullfont!
Missing character: There is no i in font nullfont!
Missing character: There is no n in font nullfont!
Missing character: There is no e in font nullfont!
Missing character: There is no d in font nullfont!
Missing character: There is no t in font nullfont!
Missing character: There is no h in font nullfont!
Missing character: There is no e in font nullfont!
Missing character: There is no e in font nullfont!
Missing character: There is no q in font nullfont!
Missing character: There is no u in font nullfont!
Missing character: There is no a in font nullfont!
Missing character: There is no l in font nullfont!
Missing character: There is no i in font nullfont!
Missing character: There is no t in font nullfont!
Missing character: There is no y in font nullfont!
Missing character: There is no : in font nullfont!

/Users/gcrescenzo/Documents/School/LaTeX Documents/latex-class-notes/Fall 2025/550 Measure Theory/Notes/measures.tex:47: LaTeX Error: Environment equation* undefined.

See the LaTeX manual or LaTeX Companion for explanation.
Type  H <return>  for immediate help.
 ...                                              
                                                  
l.47                 \begin{equation*}
                                      
Your command was ignored.
Type  I <command> <return>  to replace it with another command,
or  <return>  to continue without it.


/Users/gcrescenzo/Documents/School/LaTeX Documents/latex-class-notes/Fall 2025/550 Measure Theory/Notes/measures.tex:48: LaTeX Error: Environment split undefined.

See the LaTeX manual or LaTeX Companion for explanation.
Type  H <return>  for immediate help.
 ...                                              
                                                  
l.48                 \begin{split}
                                  
Your command was ignored.
Type  I <command> <return>  to replace it with another command,
or  <return>  to continue without it.

/Users/gcrescenzo/Documents/School/LaTeX Documents/latex-class-notes/Fall 2025/550 Measure Theory/Notes/measures.tex:49: Missing $ inserted.
<inserted text> 
                $
l.49                     \bigcup
                                _{q \in \bfQ \cap [0,1)}N_q = [0,1),
I've inserted a begin-math/end-math symbol since I think
you left one out. Proceed, with fingers crossed.

/Users/gcrescenzo/Documents/School/LaTeX Documents/latex-class-notes/Fall 2025/550 Measure Theory/Notes/measures.tex:49: Undefined control sequence.
l.49                     \bigcup_{q \in \bfQ
                                             \cap [0,1)}N_q = [0,1),
The control sequence at the end of the top line
of your error message was never \def'ed. If you have
misspelled it (e.g., `\hobx'), type `I' and the correct
spelling (e.g., `I\hbox'). Otherwise just continue,
and I'll forget about whatever was undefined.


/Users/gcrescenzo/Documents/School/LaTeX Documents/latex-class-notes/Fall 2025/550 Measure Theory/Notes/measures.tex:50: LaTeX Error: \begin{document} ended by \end{split}.

See the LaTeX manual or LaTeX Companion for explanation.
Type  H <return>  for immediate help.
 ...                                              
                                                  
l.50                 \end{split}
                                
Your command was ignored.
Type  I <command> <return>  to replace it with another command,
or  <return>  to continue without it.

/Users/gcrescenzo/Documents/School/LaTeX Documents/latex-class-notes/Fall 2025/550 Measure Theory/Notes/measures.tex:50: Missing $ inserted.
<inserted text> 
                $
l.50                 \end{split}
                                
I've inserted something that you may have forgotten.
(See the <inserted text> above.)
With luck, this will get me unwedged. But if you
really didn't forget anything, try typing `2' now; then
my insertion and my current dilemma will both disappear.


/Users/gcrescenzo/Documents/School/LaTeX Documents/latex-class-notes/Fall 2025/550 Measure Theory/Notes/measures.tex:51: LaTeX Error: \begin{document} ended by \end{equation*}.

See the LaTeX manual or LaTeX Companion for explanation.
Type  H <return>  for immediate help.
 ...                                              
                                                  
l.51                 \end{equation*}
                                    
Your command was ignored.
Type  I <command> <return>  to replace it with another command,
or  <return>  to continue without it.

Missing character: There is no a in font nullfont!
Missing character: There is no n in font nullfont!
Missing character: There is no d in font nullfont!
Missing character: There is no b in font nullfont!
Missing character: There is no y in font nullfont!
Missing character: There is no p in font nullfont!
Missing character: There is no r in font nullfont!
Missing character: There is no o in font nullfont!
Missing character: There is no p in font nullfont!
Missing character: There is no e in font nullfont!
Missing character: There is no r in font nullfont!
Missing character: There is no t in font nullfont!
Missing character: There is no y in font nullfont!
Missing character: There is no ( in font nullfont!
Missing character: There is no a in font nullfont!
Missing character: There is no ) in font nullfont!
Missing character: There is no t in font nullfont!
Missing character: There is no h in font nullfont!
Missing character: There is no i in font nullfont!
Missing character: There is no s in font nullfont!
Missing character: There is no b in font nullfont!
Missing character: There is no e in font nullfont!
Missing character: There is no c in font nullfont!
Missing character: There is no o in font nullfont!
Missing character: There is no m in font nullfont!
Missing character: There is no e in font nullfont!
Missing character: There is no s in font nullfont!
Missing character: There is no : in font nullfont!

/Users/gcrescenzo/Documents/School/LaTeX Documents/latex-class-notes/Fall 2025/550 Measure Theory/Notes/measures.tex:53: LaTeX Error: Environment equation* undefined.

See the LaTeX manual or LaTeX Companion for explanation.
Type  H <return>  for immediate help.
 ...                                              
                                                  
l.53                 \begin{equation*}
                                      
Your command was ignored.
Type  I <command> <return>  to replace it with another command,
or  <return>  to continue without it.


/Users/gcrescenzo/Documents/School/LaTeX Documents/latex-class-notes/Fall 2025/550 Measure Theory/Notes/measures.tex:54: LaTeX Error: Environment split undefined.

See the LaTeX manual or LaTeX Companion for explanation.
Type  H <return>  for immediate help.
 ...                                              
                                                  
l.54                 \begin{split}
                                  
Your command was ignored.
Type  I <command> <return>  to replace it with another command,
or  <return>  to continue without it.

/Users/gcrescenzo/Documents/School/LaTeX Documents/latex-class-notes/Fall 2025/550 Measure Theory/Notes/measures.tex:55: Missing $ inserted.
<inserted text> 
                $
l.55                     \bigsqcup
                                  _{q \in \bfQ \cap [0,1)}N_q = [0,1).
I've inserted a begin-math/end-math symbol since I think
you left one out. Proceed, with fingers crossed.

/Users/gcrescenzo/Documents/School/LaTeX Documents/latex-class-notes/Fall 2025/550 Measure Theory/Notes/measures.tex:55: Undefined control sequence.
l.55                     \bigsqcup_{q \in \bfQ
                                               \cap [0,1)}N_q = [0,1).
The control sequence at the end of the top line
of your error message was never \def'ed. If you have
misspelled it (e.g., `\hobx'), type `I' and the correct
spelling (e.g., `I\hbox'). Otherwise just continue,
and I'll forget about whatever was undefined.


/Users/gcrescenzo/Documents/School/LaTeX Documents/latex-class-notes/Fall 2025/550 Measure Theory/Notes/measures.tex:56: LaTeX Error: \begin{document} ended by \end{split}.

See the LaTeX manual or LaTeX Companion for explanation.
Type  H <return>  for immediate help.
 ...                                              
                                                  
l.56                 \end{split}
                                
Your command was ignored.
Type  I <command> <return>  to replace it with another command,
or  <return>  to continue without it.

/Users/gcrescenzo/Documents/School/LaTeX Documents/latex-class-notes/Fall 2025/550 Measure Theory/Notes/measures.tex:56: Missing $ inserted.
<inserted text> 
                $
l.56                 \end{split}
                                
I've inserted something that you may have forgotten.
(See the <inserted text> above.)
With luck, this will get me unwedged. But if you
really didn't forget anything, try typing `2' now; then
my insertion and my current dilemma will both disappear.


/Users/gcrescenzo/Documents/School/LaTeX Documents/latex-class-notes/Fall 2025/550 Measure Theory/Notes/measures.tex:57: LaTeX Error: \begin{document} ended by \end{equation*}.

See the LaTeX manual or LaTeX Companion for explanation.
Type  H <return>  for immediate help.
 ...                                              
                                                  
l.57                 \end{equation*}
                                    
Your command was ignored.
Type  I <command> <return>  to replace it with another command,
or  <return>  to continue without it.

Missing character: There is no F in font nullfont!
Missing character: There is no i in font nullfont!
Missing character: There is no n in font nullfont!
Missing character: There is no a in font nullfont!
Missing character: There is no l in font nullfont!
Missing character: There is no l in font nullfont!
Missing character: There is no y in font nullfont!
Missing character: There is no , in font nullfont!
Missing character: There is no w in font nullfont!
Missing character: There is no i in font nullfont!
Missing character: There is no t in font nullfont!
Missing character: There is no h in font nullfont!
Missing character: There is no p in font nullfont!
Missing character: There is no r in font nullfont!
Missing character: There is no o in font nullfont!
Missing character: There is no p in font nullfont!
Missing character: There is no e in font nullfont!
Missing character: There is no r in font nullfont!
Missing character: There is no t in font nullfont!
Missing character: There is no y in font nullfont!
Missing character: There is no ( in font nullfont!
Missing character: There is no a in font nullfont!
Missing character: There is no ) in font nullfont!
Missing character: There is no , in font nullfont!
Missing character: There is no w in font nullfont!
Missing character: There is no e in font nullfont!
Missing character: There is no h in font nullfont!
Missing character: There is no a in font nullfont!
Missing character: There is no v in font nullfont!
Missing character: There is no e in font nullfont!
Missing character: There is no : in font nullfont!

/Users/gcrescenzo/Documents/School/LaTeX Documents/latex-class-notes/Fall 2025/550 Measure Theory/Notes/measures.tex:59: LaTeX Error: Environment equation* undefined.

See the LaTeX manual or LaTeX Companion for explanation.
Type  H <return>  for immediate help.
 ...                                              
                                                  
l.59                 \begin{equation*}
                                      
Your command was ignored.
Type  I <command> <return>  to replace it with another command,
or  <return>  to continue without it.


/Users/gcrescenzo/Documents/School/LaTeX Documents/latex-class-notes/Fall 2025/550 Measure Theory/Notes/measures.tex:60: LaTeX Error: Environment split undefined.

See the LaTeX manual or LaTeX Companion for explanation.
Type  H <return>  for immediate help.
 ...                                              
                                                  
l.60                 \begin{split}
                                  
Your command was ignored.
Type  I <command> <return>  to replace it with another command,
or  <return>  to continue without it.

Missing character: There is no 1 in font nullfont!
/Users/gcrescenzo/Documents/School/LaTeX Documents/latex-class-notes/Fall 2025/550 Measure Theory/Notes/measures.tex:62: Misplaced alignment tab character &.
l.62                     &
                           = \mu([0,1)) \\
I can't figure out why you would want to use a tab mark
here. If you just want an ampersand, the remedy is
simple: Just type `I\&' now. But if some right brace
up above has ended a previous alignment prematurely,
you're probably due for more error messages, and you
might try typing `S' now just to see what is salvageable.

Missing character: There is no = in font nullfont!
/Users/gcrescenzo/Documents/School/LaTeX Documents/latex-class-notes/Fall 2025/550 Measure Theory/Notes/measures.tex:62: Missing $ inserted.
<inserted text> 
                $
l.62                     & = \mu
                                ([0,1)) \\
I've inserted a begin-math/end-math symbol since I think
you left one out. Proceed, with fingers crossed.

/Users/gcrescenzo/Documents/School/LaTeX Documents/latex-class-notes/Fall 2025/550 Measure Theory/Notes/measures.tex:63: Misplaced alignment tab character &.
<recently read> &
                 
l.63                     &
                           = \mu \left( \bigsqcup_{q \in \bfQ \cap [0,1)}N_q...
I can't figure out why you would want to use a tab mark
here. If you just want an ampersand, the remedy is
simple: Just type `I\&' now. But if some right brace
up above has ended a previous alignment prematurely,
you're probably due for more error messages, and you
might try typing `S' now just to see what is salvageable.

/Users/gcrescenzo/Documents/School/LaTeX Documents/latex-class-notes/Fall 2025/550 Measure Theory/Notes/measures.tex:63: Undefined control sequence.
l.63 ...      & = \mu \left( \bigsqcup_{q \in \bfQ
                                                   \cap [0,1)}N_q \right) \\
The control sequence at the end of the top line
of your error message was never \def'ed. If you have
misspelled it (e.g., `\hobx'), type `I' and the correct
spelling (e.g., `I\hbox'). Otherwise just continue,
and I'll forget about whatever was undefined.

/Users/gcrescenzo/Documents/School/LaTeX Documents/latex-class-notes/Fall 2025/550 Measure Theory/Notes/measures.tex:64: Misplaced alignment tab character &.
<recently read> &
                 
l.64                     &
                           = \sum_{q \in \bfQ \cap [0,1)}\mu(N_q) \\
I can't figure out why you would want to use a tab mark
here. If you just want an ampersand, the remedy is
simple: Just type `I\&' now. But if some right brace
up above has ended a previous alignment prematurely,
you're probably due for more error messages, and you
might try typing `S' now just to see what is salvageable.

/Users/gcrescenzo/Documents/School/LaTeX Documents/latex-class-notes/Fall 2025/550 Measure Theory/Notes/measures.tex:64: Undefined control sequence.
l.64                     & = \sum_{q \in \bfQ
                                              \cap [0,1)}\mu(N_q) \\
The control sequence at the end of the top line
of your error message was never \def'ed. If you have
misspelled it (e.g., `\hobx'), type `I' and the correct
spelling (e.g., `I\hbox'). Otherwise just continue,
and I'll forget about whatever was undefined.

/Users/gcrescenzo/Documents/School/LaTeX Documents/latex-class-notes/Fall 2025/550 Measure Theory/Notes/measures.tex:65: Misplaced alignment tab character &.
<recently read> &
                 
l.65                     &
                           = \sum_{n = 1}^\infty \mu(N).
I can't figure out why you would want to use a tab mark
here. If you just want an ampersand, the remedy is
simple: Just type `I\&' now. But if some right brace
up above has ended a previous alignment prematurely,
you're probably due for more error messages, and you
might try typing `S' now just to see what is salvageable.


/Users/gcrescenzo/Documents/School/LaTeX Documents/latex-class-notes/Fall 2025/550 Measure Theory/Notes/measures.tex:66: LaTeX Error: \begin{document} ended by \end{split}.

See the LaTeX manual or LaTeX Companion for explanation.
Type  H <return>  for immediate help.
 ...                                              
                                                  
l.66                 \end{split}
                                
Your command was ignored.
Type  I <command> <return>  to replace it with another command,
or  <return>  to continue without it.

/Users/gcrescenzo/Documents/School/LaTeX Documents/latex-class-notes/Fall 2025/550 Measure Theory/Notes/measures.tex:66: Missing $ inserted.
<inserted text> 
                $
l.66                 \end{split}
                                
I've inserted something that you may have forgotten.
(See the <inserted text> above.)
With luck, this will get me unwedged. But if you
really didn't forget anything, try typing `2' now; then
my insertion and my current dilemma will both disappear.


/Users/gcrescenzo/Documents/School/LaTeX Documents/latex-class-notes/Fall 2025/550 Measure Theory/Notes/measures.tex:67: LaTeX Error: \begin{document} ended by \end{equation*}.

See the LaTeX manual or LaTeX Companion for explanation.
Type  H <return>  for immediate help.
 ...                                              
                                                  
l.67                 \end{equation*}
                                    
Your command was ignored.
Type  I <command> <return>  to replace it with another command,
or  <return>  to continue without it.

Missing character: There is no T in font nullfont!
Missing character: There is no h in font nullfont!
Missing character: There is no i in font nullfont!
Missing character: There is no s in font nullfont!
Missing character: There is no i in font nullfont!
Missing character: There is no s in font nullfont!
Missing character: There is no i in font nullfont!
Missing character: There is no m in font nullfont!
Missing character: There is no p in font nullfont!
Missing character: There is no o in font nullfont!
Missing character: There is no s in font nullfont!
Missing character: There is no s in font nullfont!
Missing character: There is no i in font nullfont!
Missing character: There is no b in font nullfont!
Missing character: There is no l in font nullfont!
Missing character: There is no e in font nullfont!
Missing character: There is no , in font nullfont!
Missing character: There is no h in font nullfont!
Missing character: There is no e in font nullfont!
Missing character: There is no n in font nullfont!
Missing character: There is no c in font nullfont!
Missing character: There is no e in font nullfont!
Missing character: There is no t in font nullfont!
Missing character: There is no h in font nullfont!
Missing character: There is no e in font nullfont!
Missing character: There is no r in font nullfont!
Missing character: There is no e in font nullfont!
Missing character: There is no d in font nullfont!
Missing character: There is no o in font nullfont!
Missing character: There is no e in font nullfont!
Missing character: There is no s in font nullfont!
Missing character: There is no n in font nullfont!
Missing character: There is no o in font nullfont!
Missing character: There is no t in font nullfont!
Missing character: There is no e in font nullfont!
Missing character: There is no x in font nullfont!
Missing character: There is no i in font nullfont!
Missing character: There is no s in font nullfont!
Missing character: There is no t in font nullfont!
Missing character: There is no a in font nullfont!
Missing character: There is no s in font nullfont!
Missing character: There is no a in font nullfont!
Missing character: There is no t in font nullfont!
Missing character: There is no i in font nullfont!
Missing character: There is no s in font nullfont!
Missing character: There is no f in font nullfont!
Missing character: There is no y in font nullfont!
Missing character: There is no i in font nullfont!
Missing character: There is no n in font nullfont!
Missing character: There is no g in font nullfont!
Missing character: There is no ( in font nullfont!
Missing character: There is no 1 in font nullfont!
Missing character: There is no ) in font nullfont!
Missing character: There is no , in font nullfont!
Missing character: There is no ( in font nullfont!
Missing character: There is no 2 in font nullfont!
Missing character: There is no ) in font nullfont!
Missing character: There is no , in font nullfont!
Missing character: There is no a in font nullfont!
Missing character: There is no n in font nullfont!
Missing character: There is no d in font nullfont!
Missing character: There is no ( in font nullfont!
Missing character: There is no 3 in font nullfont!
Missing character: There is no ) in font nullfont!
Missing character: There is no . in font nullfont!

/Users/gcrescenzo/Documents/School/LaTeX Documents/latex-class-notes/Fall 2025/550 Measure Theory/Notes/measures.tex:69: LaTeX Error: \begin{document} ended by \end{proof}.

See the LaTeX manual or LaTeX Companion for explanation.
Type  H <return>  for immediate help.
 ...                                              
                                                  
l.69         \end{proof}
                        
Your command was ignored.
Type  I <command> <return>  to replace it with another command,
or  <return>  to continue without it.


Overfull \hbox (9.12497pt too wide) in paragraph at lines 27--70
       $\OML/cmm/m/it/10 N$
 []


Overfull \hbox (12.46297pt too wide) in paragraph at lines 27--70
\OML/cmm/m/it/10 N[]$
 []


Overfull \hbox (33.48376pt too wide) in paragraph at lines 27--70
\OML/cmm/m/it/10 ^^V\OT1/cmr/m/n/10 (\OML/cmm/m/it/10 N\OT1/cmr/m/n/10 ) =
 []


Overfull \hbox (26.4005pt too wide) in paragraph at lines 27--70
\OML/cmm/m/it/10 ^^V[]N \OMS/cmsy/m/n/10 \
 []


Overfull \hbox (25.00003pt too wide) in paragraph at lines 27--70
\OT1/cmr/m/n/10 [0\OML/cmm/m/it/10 ; \OT1/cmr/m/n/10 1 \OMS/cmsy/m/n/10 ^^@
 []


Overfull \hbox (21.07297pt too wide) in paragraph at lines 27--70
\OML/cmm/m/it/10 q\OT1/cmr/m/n/10 )[] +
 []


Overfull \hbox (26.4005pt too wide) in paragraph at lines 27--70
\OML/cmm/m/it/10 ^^V[]N \OMS/cmsy/m/n/10 \
 []


Overfull \hbox (15.5556pt too wide) in paragraph at lines 27--70
\OT1/cmr/m/n/10 [1 \OMS/cmsy/m/n/10 ^^@
 []


Overfull \hbox (22.7396pt too wide) in paragraph at lines 27--70
\OML/cmm/m/it/10 q; \OT1/cmr/m/n/10 1)[][] 
 []


Overfull \hbox (7.7778pt too wide) in paragraph at lines 27--70
\OT1/cmr/m/n/10 =
 []


Overfull \hbox (29.10193pt too wide) in paragraph at lines 27--70
\OML/cmm/m/it/10 ^^V[]\OMS/cmsy/m/n/10 f\OML/cmm/m/it/10 x \OT1/cmr/m/n/10 +
 []


Overfull \hbox (10.3784pt too wide) in paragraph at lines 27--70
\OML/cmm/m/it/10 q \OMS/cmsy/m/n/10 j
 []


Overfull \hbox (15.15967pt too wide) in paragraph at lines 27--70
\OML/cmm/m/it/10 x \OMS/cmsy/m/n/10 2
 []


Overfull \hbox (15.79166pt too wide) in paragraph at lines 27--70
\OML/cmm/m/it/10 N \OMS/cmsy/m/n/10 \
 []


Overfull \hbox (25.00003pt too wide) in paragraph at lines 27--70
\OT1/cmr/m/n/10 [0\OML/cmm/m/it/10 ; \OT1/cmr/m/n/10 1 \OMS/cmsy/m/n/10 ^^@
 []


Overfull \hbox (26.07298pt too wide) in paragraph at lines 27--70
\OML/cmm/m/it/10 q\OT1/cmr/m/n/10 )\OMS/cmsy/m/n/10 g[] \OT1/cmr/m/n/10 +
 []


Overfull \hbox (29.10193pt too wide) in paragraph at lines 27--70
\OML/cmm/m/it/10 ^^V[]\OMS/cmsy/m/n/10 f\OML/cmm/m/it/10 x \OT1/cmr/m/n/10 +
 []


Overfull \hbox (12.60071pt too wide) in paragraph at lines 27--70
\OML/cmm/m/it/10 q \OMS/cmsy/m/n/10 ^^@
 []


Overfull \hbox (10.55551pt too wide) in paragraph at lines 27--70
\OT1/cmr/m/n/10 1 \OMS/cmsy/m/n/10 j
 []


Overfull \hbox (15.15967pt too wide) in paragraph at lines 27--70
\OML/cmm/m/it/10 x \OMS/cmsy/m/n/10 2
 []


Overfull \hbox (15.79166pt too wide) in paragraph at lines 27--70
\OML/cmm/m/it/10 N \OMS/cmsy/m/n/10 \
 []


Overfull \hbox (15.5556pt too wide) in paragraph at lines 27--70
\OT1/cmr/m/n/10 [1 \OMS/cmsy/m/n/10 ^^@
 []


Overfull \hbox (82.05986pt too wide) in paragraph at lines 27--70
\OML/cmm/m/it/10 q; \OT1/cmr/m/n/10 1)\OMS/cmsy/m/n/10 g[]\OT1/cmr/m/n/10 9[][] 
 []


Overfull \hbox (7.7778pt too wide) in paragraph at lines 27--70
\OT1/cmr/m/n/10 =
 []


Overfull \hbox (29.04404pt too wide) in paragraph at lines 27--70
\OML/cmm/m/it/10 ^^V\OT1/cmr/m/n/10 (\OML/cmm/m/it/10 N[]\OT1/cmr/m/n/10 )\OML/cmm/m/it/10 :$
 []


Overfull \hbox (10.00002pt too wide) in paragraph at lines 27--70
\OT1/cmr/m/n/10 |
 []


Overfull \hbox (15.15967pt too wide) in paragraph at lines 27--70
\OML/cmm/m/it/10 x \OMS/cmsy/m/n/10 2
 []


Overfull \hbox (19.12965pt too wide) in paragraph at lines 27--70
\OML/cmm/m/it/10 N[] \OMS/cmsy/m/n/10 \
 []


Overfull \hbox (12.30904pt too wide) in paragraph at lines 27--70
\OML/cmm/m/it/10 N[]$
 []


Overfull \hbox (13.49307pt too wide) in paragraph at lines 27--70
\OML/cmm/m/it/10 x \OMS/cmsy/m/n/10 ^^@
 []


Overfull \hbox (4.78937pt too wide) in paragraph at lines 27--70
\OML/cmm/m/it/10 r$
 []


Overfull \hbox (13.49307pt too wide) in paragraph at lines 27--70
\OML/cmm/m/it/10 x \OMS/cmsy/m/n/10 ^^@
 []


Overfull \hbox (4.6875pt too wide) in paragraph at lines 27--70
\OML/cmm/m/it/10 s$
 []


Overfull \hbox (9.12497pt too wide) in paragraph at lines 27--70
\OML/cmm/m/it/10 N$
 []


Overfull \hbox (17.38197pt too wide) in paragraph at lines 27--70
\OT1/cmr/m/n/10 (\OML/cmm/m/it/10 x \OMS/cmsy/m/n/10 ^^@
 []


Overfull \hbox (16.45607pt too wide) in paragraph at lines 27--70
\OML/cmm/m/it/10 r\OT1/cmr/m/n/10 ) \OMS/cmsy/m/n/10 ^^@
 []


Overfull \hbox (17.38197pt too wide) in paragraph at lines 27--70
\OT1/cmr/m/n/10 (\OML/cmm/m/it/10 x \OMS/cmsy/m/n/10 ^^@
 []


Overfull \hbox (19.13191pt too wide) in paragraph at lines 27--70
\OML/cmm/m/it/10 s\OT1/cmr/m/n/10 ) =
 []


Overfull \hbox (12.4653pt too wide) in paragraph at lines 27--70
\OML/cmm/m/it/10 s \OMS/cmsy/m/n/10 ^^@
 []


Overfull \hbox (14.23376pt too wide) in paragraph at lines 27--70
\OML/cmm/m/it/10 r \OMS/cmsy/m/n/10 2$
 []


Overfull \hbox (13.49307pt too wide) in paragraph at lines 27--70
\OML/cmm/m/it/10 x \OMS/cmsy/m/n/10 ^^@
 []


Overfull \hbox (4.78937pt too wide) in paragraph at lines 27--70
\OML/cmm/m/it/10 r$
 []


Overfull \hbox (13.49307pt too wide) in paragraph at lines 27--70
\OML/cmm/m/it/10 x \OMS/cmsy/m/n/10 ^^@
 []


Overfull \hbox (4.6875pt too wide) in paragraph at lines 27--70
\OML/cmm/m/it/10 s$
 []


Overfull \hbox (9.12497pt too wide) in paragraph at lines 27--70
\OML/cmm/m/it/10 N$
 []


Overfull \hbox (14.706pt too wide) in paragraph at lines 27--70
\OML/cmm/m/it/10 y \OMS/cmsy/m/n/10 2
 []


Overfull \hbox (21.11113pt too wide) in paragraph at lines 27--70
\OT1/cmr/m/n/10 [0\OML/cmm/m/it/10 ; \OT1/cmr/m/n/10 1)$
 []


Overfull \hbox (15.15967pt too wide) in paragraph at lines 27--70
\OML/cmm/m/it/10 x \OMS/cmsy/m/n/10 2$
 []


Overfull \hbox (16.27078pt too wide) in paragraph at lines 27--70
\OML/cmm/m/it/10 x \OMS/cmsy/m/n/10 ^^X
 []


Overfull \hbox (5.2616pt too wide) in paragraph at lines 27--70
\OML/cmm/m/it/10 y$
 []


Overfull \hbox (5.71527pt too wide) in paragraph at lines 27--70
\OML/cmm/m/it/10 x$
 []


Overfull \hbox (5.2616pt too wide) in paragraph at lines 27--70
\OML/cmm/m/it/10 y$
 []


Overfull \hbox (14.2673pt too wide) in paragraph at lines 27--70
\OML/cmm/m/it/10 q \OMS/cmsy/m/n/10 2$
 []


Overfull \hbox (21.35971pt too wide) in paragraph at lines 27--70
[] \OT1/cmr/m/n/10 +
 []


Overfull \hbox (25.5381pt too wide) in paragraph at lines 27--70
\OML/cmm/m/it/10 q; x <
 []


Overfull \hbox (5.2616pt too wide) in paragraph at lines 27--70
\OML/cmm/m/it/10 y[] 
 []


Overfull \hbox (13.49307pt too wide) in paragraph at lines 27--70
\OML/cmm/m/it/10 x \OMS/cmsy/m/n/10 ^^@
 []


Overfull \hbox (16.48961pt too wide) in paragraph at lines 27--70
\OT1/cmr/m/n/10 (\OML/cmm/m/it/10 q \OMS/cmsy/m/n/10 ^^@
 []


Overfull \hbox (25.1597pt too wide) in paragraph at lines 27--70
\OT1/cmr/m/n/10 1)\OML/cmm/m/it/10 x >
 []


Overfull \hbox (5.2616pt too wide) in paragraph at lines 27--70
\OML/cmm/m/it/10 y$
 []


Overfull \hbox (14.706pt too wide) in paragraph at lines 27--70
\OML/cmm/m/it/10 y \OMS/cmsy/m/n/10 2
 []


Overfull \hbox (12.45105pt too wide) in paragraph at lines 27--70
\OML/cmm/m/it/10 N[]$
 []


Overfull \hbox (31.66664pt too wide) in paragraph at lines 27--70
\OT1/cmr/m/n/10 [0\OML/cmm/m/it/10 ; \OT1/cmr/m/n/10 1) \OMS/cmsy/m/n/10 ^^Z
 []


Overfull \hbox (23.00656pt too wide) in paragraph at lines 27--70
\OML/cmm/m/it/10 N[] \OMS/cmsy/m/n/10 ^^Z
 []


Overfull \hbox (53.38135pt too wide) in paragraph at lines 27--70
[][] \OML/cmm/m/it/10 N[]$
 []


Overfull \hbox (63.93686pt too wide) in paragraph at lines 27--70
[][] \OML/cmm/m/it/10 N[] \OT1/cmr/m/n/10 =
 []


Overfull \hbox (23.88892pt too wide) in paragraph at lines 27--70
\OT1/cmr/m/n/10 [0\OML/cmm/m/it/10 ; \OT1/cmr/m/n/10 1)\OML/cmm/m/it/10 ;$
 []


Overfull \hbox (63.93686pt too wide) in paragraph at lines 27--70
[][] \OML/cmm/m/it/10 N[] \OT1/cmr/m/n/10 =
 []


Overfull \hbox (23.88892pt too wide) in paragraph at lines 27--70
\OT1/cmr/m/n/10 [0\OML/cmm/m/it/10 ; \OT1/cmr/m/n/10 1)\OML/cmm/m/it/10 :$
 []


Overfull \hbox (34.91441pt too wide) in paragraph at lines 27--70
\OML/cmm/m/it/10 ^^V\OT1/cmr/m/n/10 ([0\OML/cmm/m/it/10 ; \OT1/cmr/m/n/10 1))[] 
 []


Overfull \hbox (7.7778pt too wide) in paragraph at lines 27--70
\OT1/cmr/m/n/10 =
 []


Overfull \hbox (74.68454pt too wide) in paragraph at lines 27--70
\OML/cmm/m/it/10 ^^V [] [] 
 []


Overfull \hbox (7.7778pt too wide) in paragraph at lines 27--70
\OT1/cmr/m/n/10 =
 []


Overfull \hbox (69.40686pt too wide) in paragraph at lines 27--70
[][] \OML/cmm/m/it/10 ^^V\OT1/cmr/m/n/10 (\OML/cmm/m/it/10 N[]\OT1/cmr/m/n/10 )[] 
 []


Overfull \hbox (7.7778pt too wide) in paragraph at lines 27--70
\OT1/cmr/m/n/10 =
 []


Overfull \hbox (53.49663pt too wide) in paragraph at lines 27--70
[][] \OML/cmm/m/it/10 ^^V\OT1/cmr/m/n/10 (\OML/cmm/m/it/10 N\OT1/cmr/m/n/10 )\OML/cmm/m/it/10 :$
 []


Overfull \hbox (6.02548pt too wide) in paragraph at lines 27--70
\OML/cmm/m/it/10 ^^V$
 []




/Users/gcrescenzo/Documents/School/LaTeX Documents/latex-class-notes/Fall 2025/550 Measure Theory/Notes/measures.tex:70: LaTeX Error: The font size command \normalsize is not defined:
               there is probably something wrong with the class file.

See the LaTeX manual or LaTeX Companion for explanation.
Type  H <return>  for immediate help.
 ...                                              
                                                  
l.70 
     
Your command was ignored.
Type  I <command> <return>  to replace it with another command,
or  <return>  to continue without it.

[1{/usr/local/texlive/2025/texmf-var/fonts/map/pdftex/updmap/pdftex.map}]
Missing character: There is no O in font nullfont!
Missing character: There is no n in font nullfont!
Missing character: There is no e in font nullfont!
Missing character: There is no m in font nullfont!
Missing character: There is no i in font nullfont!
Missing character: There is no g in font nullfont!
Missing character: There is no h in font nullfont!
Missing character: There is no t in font nullfont!
Missing character: There is no g in font nullfont!
Missing character: There is no u in font nullfont!
Missing character: There is no e in font nullfont!
Missing character: There is no s in font nullfont!
Missing character: There is no s in font nullfont!
Missing character: There is no t in font nullfont!
Missing character: There is no h in font nullfont!
Missing character: There is no a in font nullfont!
Missing character: There is no t in font nullfont!
Missing character: There is no t in font nullfont!
Missing character: There is no h in font nullfont!
Missing character: There is no i in font nullfont!
Missing character: There is no s in font nullfont!
Missing character: There is no i in font nullfont!
Missing character: There is no n in font nullfont!
Missing character: There is no c in font nullfont!
Missing character: There is no o in font nullfont!
Missing character: There is no n in font nullfont!
Missing character: There is no s in font nullfont!
Missing character: There is no i in font nullfont!
Missing character: There is no s in font nullfont!
Missing character: There is no t in font nullfont!
Missing character: There is no e in font nullfont!
Missing character: There is no n in font nullfont!
Missing character: There is no c in font nullfont!
Missing character: There is no y in font nullfont!
Missing character: There is no i in font nullfont!
Missing character: There is no s in font nullfont!
Missing character: There is no a in font nullfont!
Missing character: There is no r in font nullfont!
Missing character: There is no e in font nullfont!
Missing character: There is no s in font nullfont!
Missing character: There is no u in font nullfont!
Missing character: There is no l in font nullfont!
Missing character: There is no t in font nullfont!
Missing character: There is no o in font nullfont!
Missing character: There is no f in font nullfont!
Missing character: There is no a in font nullfont!
Missing character: There is no s in font nullfont!
Missing character: There is no s in font nullfont!
Missing character: There is no u in font nullfont!
Missing character: There is no m in font nullfont!
Missing character: There is no i in font nullfont!
Missing character: There is no n in font nullfont!
Missing character: There is no g in font nullfont!
Missing character: There is no c in font nullfont!
Missing character: There is no o in font nullfont!
Missing character: There is no u in font nullfont!
Missing character: There is no n in font nullfont!
Missing character: There is no t in font nullfont!
Missing character: There is no a in font nullfont!
Missing character: There is no b in font nullfont!
Missing character: There is no l in font nullfont!
Missing character: There is no e in font nullfont!
Missing character: There is no a in font nullfont!
Missing character: There is no d in font nullfont!
Missing character: There is no d in font nullfont!
Missing character: There is no i in font nullfont!
Missing character: There is no t in font nullfont!
Missing character: There is no i in font nullfont!
Missing character: There is no v in font nullfont!
Missing character: There is no i in font nullfont!
Missing character: There is no t in font nullfont!
Missing character: There is no y in font nullfont!
Missing character: There is no a in font nullfont!
Missing character: There is no s in font nullfont!
Missing character: There is no o in font nullfont!
Missing character: There is no p in font nullfont!
Missing character: There is no p in font nullfont!
Missing character: There is no o in font nullfont!
Missing character: There is no s in font nullfont!
Missing character: There is no e in font nullfont!
Missing character: There is no d in font nullfont!
Missing character: There is no t in font nullfont!
Missing character: There is no o in font nullfont!
Missing character: There is no f in font nullfont!
Missing character: There is no i in font nullfont!
Missing character: There is no n in font nullfont!
Missing character: There is no i in font nullfont!
Missing character: There is no t in font nullfont!
Missing character: There is no e in font nullfont!
Missing character: There is no a in font nullfont!
Missing character: There is no d in font nullfont!
Missing character: There is no d in font nullfont!
Missing character: There is no i in font nullfont!
Missing character: There is no t in font nullfont!
Missing character: There is no i in font nullfont!
Missing character: There is no v in font nullfont!
Missing character: There is no i in font nullfont!
Missing character: There is no t in font nullfont!
Missing character: There is no y in font nullfont!
Missing character: There is no . in font nullfont!
Missing character: There is no T in font nullfont!
Missing character: There is no h in font nullfont!
Missing character: There is no i in font nullfont!
Missing character: There is no s in font nullfont!
Missing character: There is no i in font nullfont!
Missing character: There is no s in font nullfont!
Missing character: There is no n in font nullfont!
Missing character: There is no o in font nullfont!
Missing character: There is no t in font nullfont!
Missing character: There is no t in font nullfont!
Missing character: There is no h in font nullfont!
Missing character: There is no e in font nullfont!
Missing character: There is no c in font nullfont!
Missing character: There is no a in font nullfont!
Missing character: There is no s in font nullfont!
Missing character: There is no e in font nullfont!
Missing character: There is no , in font nullfont!
Missing character: There is no a in font nullfont!
Missing character: There is no n in font nullfont!
Missing character: There is no d in font nullfont!
Missing character: There is no i in font nullfont!
Missing character: There is no n in font nullfont!
Missing character: There is no d in font nullfont!
Missing character: There is no i in font nullfont!
Missing character: There is no m in font nullfont!
Missing character: There is no e in font nullfont!
Missing character: There is no n in font nullfont!
Missing character: There is no s in font nullfont!
Missing character: There is no i in font nullfont!
Missing character: There is no o in font nullfont!
Missing character: There is no n in font nullfont!
Missing character: There is no s in font nullfont!
Missing character: There is no a in font nullfont!
Missing character: There is no s in font nullfont!
Missing character: There is no s in font nullfont!
Missing character: There is no u in font nullfont!
Missing character: There is no m in font nullfont!
Missing character: There is no i in font nullfont!
Missing character: There is no n in font nullfont!
Missing character: There is no g in font nullfont!
Missing character: There is no a in font nullfont!
Missing character: There is no w in font nullfont!
Missing character: There is no e in font nullfont!
Missing character: There is no a in font nullfont!
Missing character: There is no k in font nullfont!
Missing character: There is no f in font nullfont!
Missing character: There is no o in font nullfont!
Missing character: There is no r in font nullfont!
Missing character: There is no m in font nullfont!
Missing character: There is no o in font nullfont!
Missing character: There is no f in font nullfont!
Missing character: There is no l in font nullfont!
Missing character: There is no e in font nullfont!
Missing character: There is no a in font nullfont!
Missing character: There is no d in font nullfont!
Missing character: There is no s in font nullfont!
Missing character: There is no t in font nullfont!
Missing character: There is no o in font nullfont!
Missing character: There is no t in font nullfont!
Missing character: There is no h in font nullfont!
Missing character: There is no e in font nullfont!
Missing character: There is no f in font nullfont!
Missing character: There is no o in font nullfont!
Missing character: There is no l in font nullfont!
Missing character: There is no l in font nullfont!
Missing character: There is no o in font nullfont!
Missing character: There is no w in font nullfont!
Missing character: There is no i in font nullfont!
Missing character: There is no n in font nullfont!
Missing character: There is no g in font nullfont!
Missing character: There is no r in font nullfont!
Missing character: There is no e in font nullfont!
Missing character: There is no s in font nullfont!
Missing character: There is no u in font nullfont!
Missing character: There is no l in font nullfont!
Missing character: There is no t in font nullfont!
Missing character: There is no : in font nullfont!

/Users/gcrescenzo/Documents/School/LaTeX Documents/latex-class-notes/Fall 2025/550 Measure Theory/Notes/measures.tex:72: LaTeX Error: Environment theorem undefined.

See the LaTeX manual or LaTeX Companion for explanation.
Type  H <return>  for immediate help.
 ...                                              
                                                  
l.72         \begin{theorem}
                            [Banach-Tarski]
Your command was ignored.
Type  I <command> <return>  to replace it with another command,
or  <return>  to continue without it.

Missing character: There is no [ in font nullfont!
Missing character: There is no B in font nullfont!
Missing character: There is no a in font nullfont!
Missing character: There is no n in font nullfont!
Missing character: There is no a in font nullfont!
Missing character: There is no c in font nullfont!
Missing character: There is no h in font nullfont!
Missing character: There is no - in font nullfont!
Missing character: There is no T in font nullfont!
Missing character: There is no a in font nullfont!
Missing character: There is no r in font nullfont!
Missing character: There is no s in font nullfont!
Missing character: There is no k in font nullfont!
Missing character: There is no i in font nullfont!
Missing character: There is no ] in font nullfont!
Missing character: There is no L in font nullfont!
Missing character: There is no e in font nullfont!
Missing character: There is no t in font nullfont!
Missing character: There is no a in font nullfont!
Missing character: There is no n in font nullfont!
Missing character: There is no d in font nullfont!
Missing character: There is no b in font nullfont!
Missing character: There is no e in font nullfont!
Missing character: There is no a in font nullfont!
Missing character: There is no r in font nullfont!
Missing character: There is no b in font nullfont!
Missing character: There is no i in font nullfont!
Missing character: There is no t in font nullfont!
Missing character: There is no r in font nullfont!
Missing character: There is no a in font nullfont!
Missing character: There is no r in font nullfont!
Missing character: There is no y in font nullfont!
Missing character: There is no b in font nullfont!
Missing character: There is no o in font nullfont!
Missing character: There is no u in font nullfont!
Missing character: There is no n in font nullfont!
Missing character: There is no d in font nullfont!
Missing character: There is no e in font nullfont!
Missing character: There is no d in font nullfont!
Missing character: There is no o in font nullfont!
Missing character: There is no p in font nullfont!
Missing character: There is no e in font nullfont!
Missing character: There is no n in font nullfont!
Missing character: There is no s in font nullfont!
Missing character: There is no e in font nullfont!
Missing character: There is no t in font nullfont!
Missing character: There is no s in font nullfont!
Missing character: There is no i in font nullfont!
Missing character: There is no n in font nullfont!
/Users/gcrescenzo/Documents/School/LaTeX Documents/latex-class-notes/Fall 2025/550 Measure Theory/Notes/measures.tex:73: Undefined control sequence.
<recently read> \bfR 
                     
l.73 ...V$ be arbitrary bounded open sets in $\bfR
                                                  ^n$ for $n \geq 3$. There ...
The control sequence at the end of the top line
of your error message was never \def'ed. If you have
misspelled it (e.g., `\hobx'), type `I' and the correct
spelling (e.g., `I\hbox'). Otherwise just continue,
and I'll forget about whatever was undefined.

Missing character: There is no f in font nullfont!
Missing character: There is no o in font nullfont!
Missing character: There is no r in font nullfont!
Missing character: There is no . in font nullfont!
Missing character: There is no T in font nullfont!
Missing character: There is no h in font nullfont!
Missing character: There is no e in font nullfont!
Missing character: There is no r in font nullfont!
Missing character: There is no e in font nullfont!
Missing character: There is no e in font nullfont!
Missing character: There is no x in font nullfont!
Missing character: There is no i in font nullfont!
Missing character: There is no s in font nullfont!
Missing character: There is no t in font nullfont!
/Users/gcrescenzo/Documents/School/LaTeX Documents/latex-class-notes/Fall 2025/550 Measure Theory/Notes/measures.tex:73: Undefined control sequence.
l.73 ...n$ for $n \geq 3$. There exist $k \in \bfN
                                                  $ and subsets $E_1,...,E_k...
The control sequence at the end of the top line
of your error message was never \def'ed. If you have
misspelled it (e.g., `\hobx'), type `I' and the correct
spelling (e.g., `I\hbox'). Otherwise just continue,
and I'll forget about whatever was undefined.

Missing character: There is no a in font nullfont!
Missing character: There is no n in font nullfont!
Missing character: There is no d in font nullfont!
Missing character: There is no s in font nullfont!
Missing character: There is no u in font nullfont!
Missing character: There is no b in font nullfont!
Missing character: There is no s in font nullfont!
Missing character: There is no e in font nullfont!
Missing character: There is no t in font nullfont!
Missing character: There is no s in font nullfont!
Missing character: There is no , in font nullfont!
Missing character: There is no o in font nullfont!
Missing character: There is no f in font nullfont!
/Users/gcrescenzo/Documents/School/LaTeX Documents/latex-class-notes/Fall 2025/550 Measure Theory/Notes/measures.tex:73: Undefined control sequence.
<recently read> \bfR 
                     
l.73 ...sets $E_1,...,E_k$, $F_1,...,F_k$ of $\bfR
                                                  ^n$ such that:
The control sequence at the end of the top line
of your error message was never \def'ed. If you have
misspelled it (e.g., `\hobx'), type `I' and the correct
spelling (e.g., `I\hbox'). Otherwise just continue,
and I'll forget about whatever was undefined.

Missing character: There is no s in font nullfont!
Missing character: There is no u in font nullfont!
Missing character: There is no c in font nullfont!
Missing character: There is no h in font nullfont!
Missing character: There is no t in font nullfont!
Missing character: There is no h in font nullfont!
Missing character: There is no a in font nullfont!
Missing character: There is no t in font nullfont!
Missing character: There is no : in font nullfont!

Overfull \hbox (20.0pt too wide) in paragraph at lines 71--74
[]
 []


Overfull \hbox (16.55786pt too wide) in paragraph at lines 71--74
\OML/cmm/m/it/10 n \OMS/cmsy/m/n/10 ^^U
 []


Overfull \hbox (5.00002pt too wide) in paragraph at lines 71--74
\OT1/cmr/m/n/10 3$
 []


Overfull \hbox (6.02548pt too wide) in paragraph at lines 71--74
\OML/cmm/m/it/10 ^^V$
 []


Overfull \hbox (7.91803pt too wide) in paragraph at lines 71--74
\OML/cmm/m/it/10 U$
 []


Overfull \hbox (8.05556pt too wide) in paragraph at lines 71--74
\OML/cmm/m/it/10 V$
 []


Overfull \hbox (5.44333pt too wide) in paragraph at lines 71--74
[]$
 []


Overfull \hbox (16.55786pt too wide) in paragraph at lines 71--74
\OML/cmm/m/it/10 n \OMS/cmsy/m/n/10 ^^U
 []


Overfull \hbox (5.00002pt too wide) in paragraph at lines 71--74
\OT1/cmr/m/n/10 3$
 []


Overfull \hbox (14.96524pt too wide) in paragraph at lines 71--74
\OML/cmm/m/it/10 k \OMS/cmsy/m/n/10 2$
 []


Overfull \hbox (41.39236pt too wide) in paragraph at lines 71--74
\OML/cmm/m/it/10 E[]; :::; E[]$
 []


Overfull \hbox (39.4896pt too wide) in paragraph at lines 71--74
\OML/cmm/m/it/10 F[]; :::; F[]$
 []


Overfull \hbox (5.44333pt too wide) in paragraph at lines 71--74
[]$
 []

Missing character: There is no t in font nullfont!
Missing character: There is no h in font nullfont!
Missing character: There is no e in font nullfont!
Missing character: There is no ' in font nullfont!
Missing character: There is no s in font nullfont!
Missing character: There is no a in font nullfont!
Missing character: There is no r in font nullfont!
Missing character: There is no e in font nullfont!
Missing character: There is no d in font nullfont!
Missing character: There is no i in font nullfont!
Missing character: There is no s in font nullfont!
Missing character: There is no j in font nullfont!
Missing character: There is no o in font nullfont!
Missing character: There is no i in font nullfont!
Missing character: There is no n in font nullfont!
Missing character: There is no t in font nullfont!
Missing character: There is no a in font nullfont!
Missing character: There is no n in font nullfont!
Missing character: There is no d in font nullfont!
Missing character: There is no t in font nullfont!
Missing character: There is no h in font nullfont!
Missing character: There is no e in font nullfont!
Missing character: There is no i in font nullfont!
Missing character: There is no r in font nullfont!
Missing character: There is no u in font nullfont!
Missing character: There is no n in font nullfont!
Missing character: There is no i in font nullfont!
Missing character: There is no o in font nullfont!
Missing character: There is no n in font nullfont!
Missing character: There is no i in font nullfont!
Missing character: There is no s in font nullfont!
Missing character: There is no ; in font nullfont!

Overfull \hbox (11.5955pt too wide) in paragraph at lines 75--76
\OML/cmm/m/it/10 E[]$
 []


Overfull \hbox (7.91803pt too wide) in paragraph at lines 75--76
\OML/cmm/m/it/10 U$ 
 []

Missing character: There is no t in font nullfont!
Missing character: There is no h in font nullfont!
Missing character: There is no e in font nullfont!
Missing character: There is no ' in font nullfont!
Missing character: There is no s in font nullfont!
Missing character: There is no a in font nullfont!
Missing character: There is no r in font nullfont!
Missing character: There is no e in font nullfont!
Missing character: There is no d in font nullfont!
Missing character: There is no i in font nullfont!
Missing character: There is no s in font nullfont!
Missing character: There is no j in font nullfont!
Missing character: There is no o in font nullfont!
Missing character: There is no i in font nullfont!
Missing character: There is no n in font nullfont!
Missing character: There is no t in font nullfont!
Missing character: There is no a in font nullfont!
Missing character: There is no n in font nullfont!
Missing character: There is no d in font nullfont!
Missing character: There is no t in font nullfont!
Missing character: There is no h in font nullfont!
Missing character: There is no e in font nullfont!
Missing character: There is no i in font nullfont!
Missing character: There is no r in font nullfont!
Missing character: There is no u in font nullfont!
Missing character: There is no n in font nullfont!
Missing character: There is no i in font nullfont!
Missing character: There is no o in font nullfont!
Missing character: There is no n in font nullfont!
Missing character: There is no i in font nullfont!
Missing character: There is no s in font nullfont!
Missing character: There is no ; in font nullfont!

Overfull \hbox (10.64412pt too wide) in paragraph at lines 76--77
\OML/cmm/m/it/10 F[]$
 []


Overfull \hbox (8.05556pt too wide) in paragraph at lines 76--77
\OML/cmm/m/it/10 V$ 
 []

Missing character: There is no i in font nullfont!
Missing character: There is no s in font nullfont!
Missing character: There is no c in font nullfont!
Missing character: There is no o in font nullfont!
Missing character: There is no n in font nullfont!
Missing character: There is no g in font nullfont!
Missing character: There is no r in font nullfont!
Missing character: There is no u in font nullfont!
Missing character: There is no e in font nullfont!
Missing character: There is no n in font nullfont!
Missing character: There is no t in font nullfont!
Missing character: There is no t in font nullfont!
Missing character: There is no o in font nullfont!
Missing character: There is no f in font nullfont!
Missing character: There is no o in font nullfont!
Missing character: There is no r in font nullfont!
Missing character: There is no a in font nullfont!
Missing character: There is no l in font nullfont!
Missing character: There is no l in font nullfont!
Missing character: There is no . in font nullfont!

Overfull \hbox (11.5955pt too wide) in paragraph at lines 77--78
\OML/cmm/m/it/10 E[]$
 []


Overfull \hbox (10.64412pt too wide) in paragraph at lines 77--78
\OML/cmm/m/it/10 F[]$
 []


Overfull \hbox (15.55553pt too wide) in paragraph at lines 77--78
\OT1/cmr/m/n/10 1 \OMS/cmsy/m/n/10 ^^T
 []


Overfull \hbox (15.246pt too wide) in paragraph at lines 77--78
\OML/cmm/m/it/10 j \OMS/cmsy/m/n/10 ^^T
 []


Overfull \hbox (5.52084pt too wide) in paragraph at lines 77--78
\OML/cmm/m/it/10 k$ 
 []


/Users/gcrescenzo/Documents/School/LaTeX Documents/latex-class-notes/Fall 2025/550 Measure Theory/Notes/measures.tex:79: LaTeX Error: \begin{document} ended by \end{theorem}.

See the LaTeX manual or LaTeX Companion for explanation.
Type  H <return>  for immediate help.
 ...                                              
                                                  
l.79         \end{theorem}
                          
Your command was ignored.
Type  I <command> <return>  to replace it with another command,
or  <return>  to continue without it.

Missing character: There is no U in font nullfont!
Missing character: There is no l in font nullfont!
Missing character: There is no t in font nullfont!
Missing character: There is no i in font nullfont!
Missing character: There is no m in font nullfont!
Missing character: There is no a in font nullfont!
Missing character: There is no t in font nullfont!
Missing character: There is no e in font nullfont!
Missing character: There is no l in font nullfont!
Missing character: There is no y in font nullfont!
Missing character: There is no , in font nullfont!
Missing character: There is no t in font nullfont!
Missing character: There is no h in font nullfont!
Missing character: There is no e in font nullfont!
Missing character: There is no p in font nullfont!
Missing character: There is no r in font nullfont!
Missing character: There is no o in font nullfont!
Missing character: There is no b in font nullfont!
Missing character: There is no l in font nullfont!
Missing character: There is no e in font nullfont!
Missing character: There is no m in font nullfont!
Missing character: There is no c in font nullfont!
Missing character: There is no o in font nullfont!
Missing character: There is no m in font nullfont!
Missing character: There is no e in font nullfont!
Missing character: There is no s in font nullfont!
Missing character: There is no f in font nullfont!
Missing character: There is no r in font nullfont!
Missing character: There is no o in font nullfont!
Missing character: There is no m in font nullfont!
Missing character: There is no t in font nullfont!
Missing character: There is no h in font nullfont!
Missing character: There is no e in font nullfont!
Missing character: There is no f in font nullfont!
Missing character: There is no a in font nullfont!
Missing character: There is no c in font nullfont!
Missing character: There is no t in font nullfont!
Missing character: There is no w in font nullfont!
Missing character: There is no e in font nullfont!
Missing character: There is no d in font nullfont!
Missing character: There is no e in font nullfont!
Missing character: There is no f in font nullfont!
Missing character: There is no i in font nullfont!
Missing character: There is no n in font nullfont!
Missing character: There is no e in font nullfont!
Missing character: There is no d in font nullfont!
Missing character: There is no o in font nullfont!
Missing character: There is no n in font nullfont!
Missing character: There is no s in font nullfont!
Missing character: There is no u in font nullfont!
Missing character: There is no b in font nullfont!
Missing character: There is no s in font nullfont!
Missing character: There is no e in font nullfont!
Missing character: There is no t in font nullfont!
Missing character: There is no o in font nullfont!
Missing character: There is no f in font nullfont!
/Users/gcrescenzo/Documents/School/LaTeX Documents/latex-class-notes/Fall 2025/550 Measure Theory/Notes/measures.tex:80: Undefined control sequence.
<recently read> \bfR 
                     
l.80 ...on \textit{every possible} subset of $\bfR
                                                  ^n$. We can't hope to do t...
The control sequence at the end of the top line
of your error message was never \def'ed. If you have
misspelled it (e.g., `\hobx'), type `I' and the correct
spelling (e.g., `I\hbox'). Otherwise just continue,
and I'll forget about whatever was undefined.

Missing character: There is no . in font nullfont!
Missing character: There is no W in font nullfont!
Missing character: There is no e in font nullfont!
Missing character: There is no c in font nullfont!
Missing character: There is no a in font nullfont!
Missing character: There is no n in font nullfont!
Missing character: There is no ' in font nullfont!
Missing character: There is no t in font nullfont!
Missing character: There is no h in font nullfont!
Missing character: There is no o in font nullfont!
Missing character: There is no p in font nullfont!
Missing character: There is no e in font nullfont!
Missing character: There is no t in font nullfont!
Missing character: There is no o in font nullfont!
Missing character: There is no d in font nullfont!
Missing character: There is no o in font nullfont!
Missing character: There is no t in font nullfont!
Missing character: There is no h in font nullfont!
Missing character: There is no i in font nullfont!
Missing character: There is no s in font nullfont!
Missing character: There is no , in font nullfont!
Missing character: There is no s in font nullfont!
Missing character: There is no i in font nullfont!
Missing character: There is no n in font nullfont!
Missing character: There is no c in font nullfont!
Missing character: There is no e in font nullfont!
Missing character: There is no a in font nullfont!
Missing character: There is no s in font nullfont!
Missing character: There is no w in font nullfont!
Missing character: There is no e in font nullfont!
Missing character: There is no s in font nullfont!
Missing character: There is no h in font nullfont!
Missing character: There is no o in font nullfont!
Missing character: There is no w in font nullfont!
Missing character: There is no e in font nullfont!
Missing character: There is no d in font nullfont!
Missing character: There is no t in font nullfont!
Missing character: There is no h in font nullfont!
Missing character: There is no e in font nullfont!
Missing character: There is no r in font nullfont!
Missing character: There is no e in font nullfont!
Missing character: There is no e in font nullfont!
Missing character: There is no x in font nullfont!
Missing character: There is no i in font nullfont!
Missing character: There is no s in font nullfont!
Missing character: There is no t in font nullfont!
Missing character: There is no s in font nullfont!
Missing character: There is no b in font nullfont!
Missing character: There is no i in font nullfont!
Missing character: There is no z in font nullfont!
Missing character: There is no a in font nullfont!
Missing character: There is no r in font nullfont!
Missing character: There is no r in font nullfont!
Missing character: There is no e in font nullfont!
Missing character: There is no s in font nullfont!
Missing character: There is no e in font nullfont!
Missing character: There is no t in font nullfont!
Missing character: There is no s in font nullfont!
Missing character: There is no w in font nullfont!
Missing character: There is no h in font nullfont!
Missing character: There is no i in font nullfont!
Missing character: There is no c in font nullfont!
Missing character: There is no h in font nullfont!
Missing character: There is no c in font nullfont!
Missing character: There is no a in font nullfont!
Missing character: There is no n in font nullfont!
Missing character: There is no n in font nullfont!
Missing character: There is no o in font nullfont!
Missing character: There is no t in font nullfont!
Missing character: There is no b in font nullfont!
Missing character: There is no e in font nullfont!
Missing character: There is no m in font nullfont!
Missing character: There is no e in font nullfont!
Missing character: There is no a in font nullfont!
Missing character: There is no s in font nullfont!
Missing character: There is no u in font nullfont!
Missing character: There is no r in font nullfont!
Missing character: There is no e in font nullfont!
Missing character: There is no d in font nullfont!
Missing character: There is no . in font nullfont!
Missing character: There is no I in font nullfont!
Missing character: There is no n in font nullfont!
Missing character: There is no s in font nullfont!
Missing character: There is no t in font nullfont!
Missing character: There is no e in font nullfont!
Missing character: There is no a in font nullfont!
Missing character: There is no d in font nullfont!
Missing character: There is no , in font nullfont!
Missing character: There is no w in font nullfont!
Missing character: There is no e in font nullfont!
Missing character: There is no w in font nullfont!
Missing character: There is no i in font nullfont!
Missing character: There is no l in font nullfont!
Missing character: There is no l in font nullfont!
Missing character: There is no d in font nullfont!
Missing character: There is no e in font nullfont!
Missing character: There is no f in font nullfont!
Missing character: There is no i in font nullfont!
Missing character: There is no n in font nullfont!
Missing character: There is no e in font nullfont!
Missing character: There is no o in font nullfont!
Missing character: There is no n in font nullfont!
Missing character: There is no a in font nullfont!
Missing character: There is no s in font nullfont!
Missing character: There is no p in font nullfont!
Missing character: There is no e in font nullfont!
Missing character: There is no c in font nullfont!
Missing character: There is no i in font nullfont!
Missing character: There is no a in font nullfont!
Missing character: There is no l in font nullfont!
Missing character: There is no c in font nullfont!
Missing character: There is no l in font nullfont!
Missing character: There is no a in font nullfont!
Missing character: There is no s in font nullfont!
Missing character: There is no s in font nullfont!
Missing character: There is no o in font nullfont!
Missing character: There is no f in font nullfont!
Missing character: There is no s in font nullfont!
Missing character: There is no u in font nullfont!
Missing character: There is no b in font nullfont!
Missing character: There is no s in font nullfont!
Missing character: There is no e in font nullfont!
Missing character: There is no t in font nullfont!
Missing character: There is no s in font nullfont!
Missing character: There is no o in font nullfont!
Missing character: There is no f in font nullfont!
/Users/gcrescenzo/Documents/School/LaTeX Documents/latex-class-notes/Fall 2025/550 Measure Theory/Notes/measures.tex:80: Undefined control sequence.
<recently read> \bfR 
                     
l.80 ...mu$ on a special class of subsets of $\bfR
                                                  ^n$.
The control sequence at the end of the top line
of your error message was never \def'ed. If you have
misspelled it (e.g., `\hobx'), type `I' and the correct
spelling (e.g., `I\hbox'). Otherwise just continue,
and I'll forget about whatever was undefined.

Missing character: There is no . in font nullfont!

Overfull \hbox (6.02548pt too wide) in paragraph at lines 80--81
         $\OML/cmm/m/it/10 ^^V$
 []


Overfull \hbox (12.77766pt too wide) in paragraph at lines 80--81
\OT1/cmr/m/it/10 ev-
 []


Overfull \hbox (13.6721pt too wide) in paragraph at lines 80--81
\OT1/cmr/m/it/10 ery
 []


Overfull \hbox (17.37766pt too wide) in paragraph at lines 80--81
\OT1/cmr/m/it/10 pos-
 []


Overfull \hbox (10.73326pt too wide) in paragraph at lines 80--81
\OT1/cmr/m/it/10 si-
 []


Overfull \hbox (11.75546pt too wide) in paragraph at lines 80--81
\OT1/cmr/m/it/10 ble
 []


Overfull \hbox (5.44333pt too wide) in paragraph at lines 80--81
[]$
 []


Overfull \hbox (6.02548pt too wide) in paragraph at lines 80--81
\OML/cmm/m/it/10 ^^V$
 []


Overfull \hbox (5.44333pt too wide) in paragraph at lines 80--81
[]$ 
 []

/Users/gcrescenzo/Documents/School/LaTeX Documents/latex-class-notes/Fall 2025/550 Measure Theory/Notes/measures.tex:82: Undefined control sequence.
l.82 \section
             {$\sigma$-Algebras}
The control sequence at the end of the top line
of your error message was never \def'ed. If you have
misspelled it (e.g., `\hobx'), type `I' and the correct
spelling (e.g., `I\hbox'). Otherwise just continue,
and I'll forget about whatever was undefined.

Missing character: There is no - in font nullfont!
Missing character: There is no A in font nullfont!
Missing character: There is no l in font nullfont!
Missing character: There is no g in font nullfont!
Missing character: There is no e in font nullfont!
Missing character: There is no b in font nullfont!
Missing character: There is no r in font nullfont!
Missing character: There is no a in font nullfont!
Missing character: There is no s in font nullfont!

/Users/gcrescenzo/Documents/School/LaTeX Documents/latex-class-notes/Fall 2025/550 Measure Theory/Notes/measures.tex:83: LaTeX Error: Environment definition undefined.

See the LaTeX manual or LaTeX Companion for explanation.
Type  H <return>  for immediate help.
 ...                                              
                                                  
l.83     \begin{definition}
                           
Your command was ignored.
Type  I <command> <return>  to replace it with another command,
or  <return>  to continue without it.

Missing character: There is no L in font nullfont!
Missing character: There is no e in font nullfont!
Missing character: There is no t in font nullfont!
Missing character: There is no b in font nullfont!
Missing character: There is no e in font nullfont!
Missing character: There is no a in font nullfont!
Missing character: There is no s in font nullfont!
Missing character: There is no e in font nullfont!
Missing character: There is no t in font nullfont!
Missing character: There is no . in font nullfont!
Missing character: There is no A in font nullfont!
Missing character: There is no n in font nullfont!
/Users/gcrescenzo/Documents/School/LaTeX Documents/latex-class-notes/Fall 2025/550 Measure Theory/Notes/measures.tex:84: Undefined control sequence.
<recently read> \cA 
                    
l.84 ...be a set. An \textit{algebra of sets} $\cA
                                                   \subset \cP(X)$ is a coll...
The control sequence at the end of the top line
of your error message was never \def'ed. If you have
misspelled it (e.g., `\hobx'), type `I' and the correct
spelling (e.g., `I\hbox'). Otherwise just continue,
and I'll forget about whatever was undefined.

/Users/gcrescenzo/Documents/School/LaTeX Documents/latex-class-notes/Fall 2025/550 Measure Theory/Notes/measures.tex:84: Undefined control sequence.
l.84 ... \textit{algebra of sets} $\cA \subset \cP
                                                  (X)$ is a collection of su...
The control sequence at the end of the top line
of your error message was never \def'ed. If you have
misspelled it (e.g., `\hobx'), type `I' and the correct
spelling (e.g., `I\hbox'). Otherwise just continue,
and I'll forget about whatever was undefined.

Missing character: There is no i in font nullfont!
Missing character: There is no s in font nullfont!
Missing character: There is no a in font nullfont!
Missing character: There is no c in font nullfont!
Missing character: There is no o in font nullfont!
Missing character: There is no l in font nullfont!
Missing character: There is no l in font nullfont!
Missing character: There is no e in font nullfont!
Missing character: There is no c in font nullfont!
Missing character: There is no t in font nullfont!
Missing character: There is no i in font nullfont!
Missing character: There is no o in font nullfont!
Missing character: There is no n in font nullfont!
Missing character: There is no o in font nullfont!
Missing character: There is no f in font nullfont!
Missing character: There is no s in font nullfont!
Missing character: There is no u in font nullfont!
Missing character: There is no b in font nullfont!
Missing character: There is no s in font nullfont!
Missing character: There is no e in font nullfont!
Missing character: There is no t in font nullfont!
Missing character: There is no s in font nullfont!
Missing character: There is no o in font nullfont!
Missing character: There is no f in font nullfont!
Missing character: There is no w in font nullfont!
Missing character: There is no h in font nullfont!
Missing character: There is no i in font nullfont!
Missing character: There is no c in font nullfont!
Missing character: There is no h in font nullfont!
Missing character: There is no i in font nullfont!
Missing character: There is no s in font nullfont!
Missing character: There is no : in font nullfont!

Overfull \hbox (26.0729pt too wide) in paragraph at lines 82--85
[]$\OML/cmm/m/it/10 ^^[$
 []


Overfull \hbox (9.06943pt too wide) in paragraph at lines 82--85
\OML/cmm/m/it/10 X$
 []


Overfull \hbox (11.24437pt too wide) in paragraph at lines 82--85
\OT1/cmr/m/it/10 al-
 []


Overfull \hbox (12.77766pt too wide) in paragraph at lines 82--85
\OT1/cmr/m/it/10 ge-
 []


Overfull \hbox (13.41655pt too wide) in paragraph at lines 82--85
\OT1/cmr/m/it/10 bra
 []


Overfull \hbox (8.17773pt too wide) in paragraph at lines 82--85
\OT1/cmr/m/it/10 of
 []


Overfull \hbox (16.09988pt too wide) in paragraph at lines 82--85
\OT1/cmr/m/it/10 sets
 []


Overfull \hbox (7.7778pt too wide) in paragraph at lines 82--85
\OMS/cmsy/m/n/10 ^^Z
 []


Overfull \hbox (16.84723pt too wide) in paragraph at lines 82--85
\OT1/cmr/m/n/10 (\OML/cmm/m/it/10 X\OT1/cmr/m/n/10 )$
 []


Overfull \hbox (9.06943pt too wide) in paragraph at lines 82--85
\OML/cmm/m/it/10 X$
 []

Missing character: There is no [ in font nullfont!
Missing character: There is no l in font nullfont!
Missing character: There is no a in font nullfont!
Missing character: There is no b in font nullfont!
Missing character: There is no e in font nullfont!
Missing character: There is no l in font nullfont!
Missing character: There is no = in font nullfont!
Missing character: There is no ( in font nullfont!
/Users/gcrescenzo/Documents/School/LaTeX Documents/latex-class-notes/Fall 2025/550 Measure Theory/Notes/measures.tex:85: Missing number, treated as zero.
<to be read again> 
                   \c@* 
l.85 ...       \begin{enumerate}[label = (\arabic*
                                                  ),itemsep=1pt,topsep=3pt]
A number should have been here; I inserted `0'.
(If you can't figure out why I needed to see a number,
look up `weird error' in the index to The TeXbook.)

Missing character: There is no 0 in font nullfont!
Missing character: There is no ) in font nullfont!
Missing character: There is no , in font nullfont!
Missing character: There is no i in font nullfont!
Missing character: There is no t in font nullfont!
Missing character: There is no e in font nullfont!
Missing character: There is no m in font nullfont!
Missing character: There is no s in font nullfont!
Missing character: There is no e in font nullfont!
Missing character: There is no p in font nullfont!
Missing character: There is no = in font nullfont!
Missing character: There is no 1 in font nullfont!
Missing character: There is no p in font nullfont!
Missing character: There is no t in font nullfont!
Missing character: There is no , in font nullfont!
Missing character: There is no t in font nullfont!
Missing character: There is no o in font nullfont!
Missing character: There is no p in font nullfont!
Missing character: There is no s in font nullfont!
Missing character: There is no e in font nullfont!
Missing character: There is no p in font nullfont!
Missing character: There is no = in font nullfont!
Missing character: There is no 3 in font nullfont!
Missing character: There is no p in font nullfont!
Missing character: There is no t in font nullfont!
Missing character: There is no ] in font nullfont!

/Users/gcrescenzo/Documents/School/LaTeX Documents/latex-class-notes/Fall 2025/550 Measure Theory/Notes/measures.tex:86: LaTeX Error: Something's wrong--perhaps a missing \item.

See the LaTeX manual or LaTeX Companion for explanation.
Type  H <return>  for immediate help.
 ...                                              
                                                  
l.86                 \item c
                            losed under finite union: if $E_1,E_2,...,E_n \i...
Try typing  <return>  to proceed.
If that doesn't work, type  X <return>  to quit.

Missing character: There is no c in font nullfont!
Missing character: There is no l in font nullfont!
Missing character: There is no o in font nullfont!
Missing character: There is no s in font nullfont!
Missing character: There is no e in font nullfont!
Missing character: There is no d in font nullfont!
Missing character: There is no u in font nullfont!
Missing character: There is no n in font nullfont!
Missing character: There is no d in font nullfont!
Missing character: There is no e in font nullfont!
Missing character: There is no r in font nullfont!
Missing character: There is no f in font nullfont!
Missing character: There is no i in font nullfont!
Missing character: There is no n in font nullfont!
Missing character: There is no i in font nullfont!
Missing character: There is no t in font nullfont!
Missing character: There is no e in font nullfont!
Missing character: There is no u in font nullfont!
Missing character: There is no n in font nullfont!
Missing character: There is no i in font nullfont!
Missing character: There is no o in font nullfont!
Missing character: There is no n in font nullfont!
Missing character: There is no : in font nullfont!
Missing character: There is no i in font nullfont!
Missing character: There is no f in font nullfont!
/Users/gcrescenzo/Documents/School/LaTeX Documents/latex-class-notes/Fall 2025/550 Measure Theory/Notes/measures.tex:86: Undefined control sequence.
l.86 ... finite union: if $E_1,E_2,...,E_n \in \cA
                                                  $, then $\bigcup_{i = 1}^n...
The control sequence at the end of the top line
of your error message was never \def'ed. If you have
misspelled it (e.g., `\hobx'), type `I' and the correct
spelling (e.g., `I\hbox'). Otherwise just continue,
and I'll forget about whatever was undefined.

Missing character: There is no , in font nullfont!
Missing character: There is no t in font nullfont!
Missing character: There is no h in font nullfont!
Missing character: There is no e in font nullfont!
Missing character: There is no n in font nullfont!
/Users/gcrescenzo/Documents/School/LaTeX Documents/latex-class-notes/Fall 2025/550 Measure Theory/Notes/measures.tex:86: Undefined control sequence.
l.86 ... \cA$, then $\bigcup_{i = 1}^n E_n \in \cA
                                                  $;
The control sequence at the end of the top line
of your error message was never \def'ed. If you have
misspelled it (e.g., `\hobx'), type `I' and the correct
spelling (e.g., `I\hbox'). Otherwise just continue,
and I'll forget about whatever was undefined.

Missing character: There is no ; in font nullfont!

Overfull \hbox (67.67241pt too wide) in paragraph at lines 86--87
\OML/cmm/m/it/10 E[]; E[]; :::; E[] \OMS/cmsy/m/n/10 2$
 []


Overfull \hbox (45.72398pt too wide) in paragraph at lines 86--87
[][] \OML/cmm/m/it/10 E[] \OMS/cmsy/m/n/10 2$ 
 []

Missing character: There is no c in font nullfont!
Missing character: There is no l in font nullfont!
Missing character: There is no o in font nullfont!
Missing character: There is no s in font nullfont!
Missing character: There is no e in font nullfont!
Missing character: There is no d in font nullfont!
Missing character: There is no u in font nullfont!
Missing character: There is no n in font nullfont!
Missing character: There is no d in font nullfont!
Missing character: There is no e in font nullfont!
Missing character: There is no r in font nullfont!
Missing character: There is no c in font nullfont!
Missing character: There is no o in font nullfont!
Missing character: There is no m in font nullfont!
Missing character: There is no p in font nullfont!
Missing character: There is no l in font nullfont!
Missing character: There is no e in font nullfont!
Missing character: There is no m in font nullfont!
Missing character: There is no e in font nullfont!
Missing character: There is no n in font nullfont!
Missing character: There is no t in font nullfont!
Missing character: There is no : in font nullfont!
Missing character: There is no i in font nullfont!
Missing character: There is no f in font nullfont!
/Users/gcrescenzo/Documents/School/LaTeX Documents/latex-class-notes/Fall 2025/550 Measure Theory/Notes/measures.tex:87: Undefined control sequence.
l.87 ...tem closed under complement: if $E \in \cA
                                                  $, then $E^c \in \cA$.
The control sequence at the end of the top line
of your error message was never \def'ed. If you have
misspelled it (e.g., `\hobx'), type `I' and the correct
spelling (e.g., `I\hbox'). Otherwise just continue,
and I'll forget about whatever was undefined.

Missing character: There is no , in font nullfont!
Missing character: There is no t in font nullfont!
Missing character: There is no h in font nullfont!
Missing character: There is no e in font nullfont!
Missing character: There is no n in font nullfont!
/Users/gcrescenzo/Documents/School/LaTeX Documents/latex-class-notes/Fall 2025/550 Measure Theory/Notes/measures.tex:87: Undefined control sequence.
l.87 ...plement: if $E \in \cA$, then $E^c \in \cA
                                                  $.
The control sequence at the end of the top line
of your error message was never \def'ed. If you have
misspelled it (e.g., `\hobx'), type `I' and the correct
spelling (e.g., `I\hbox'). Otherwise just continue,
and I'll forget about whatever was undefined.

Missing character: There is no . in font nullfont!

Overfull \hbox (17.40271pt too wide) in paragraph at lines 87--88
\OML/cmm/m/it/10 E \OMS/cmsy/m/n/10 2$
 []


Overfull \hbox (21.47646pt too wide) in paragraph at lines 87--88
\OML/cmm/m/it/10 E[] \OMS/cmsy/m/n/10 2$ 
 []

Missing character: There is no W in font nullfont!
Missing character: There is no e in font nullfont!
Missing character: There is no u in font nullfont!
Missing character: There is no s in font nullfont!
Missing character: There is no e in font nullfont!
Missing character: There is no d in font nullfont!
Missing character: There is no t in font nullfont!
Missing character: There is no h in font nullfont!
Missing character: There is no e in font nullfont!
Missing character: There is no o in font nullfont!
Missing character: There is no r in font nullfont!
Missing character: There is no d in font nullfont!
Missing character: There is no e in font nullfont!
Missing character: There is no r in font nullfont!
Missing character: There is no e in font nullfont!
Missing character: There is no d in font nullfont!
Missing character: There is no p in font nullfont!
Missing character: There is no a in font nullfont!
Missing character: There is no i in font nullfont!
Missing character: There is no r in font nullfont!
/Users/gcrescenzo/Documents/School/LaTeX Documents/latex-class-notes/Fall 2025/550 Measure Theory/Notes/measures.tex:89: Undefined control sequence.
l.89         We used the ordered pair $(X,\cA
                                             )$...If $\cA$ is closed under c...
The control sequence at the end of the top line
of your error message was never \def'ed. If you have
misspelled it (e.g., `\hobx'), type `I' and the correct
spelling (e.g., `I\hbox'). Otherwise just continue,
and I'll forget about whatever was undefined.

Missing character: There is no . in font nullfont!
Missing character: There is no . in font nullfont!
Missing character: There is no . in font nullfont!
Missing character: There is no I in font nullfont!
Missing character: There is no f in font nullfont!
/Users/gcrescenzo/Documents/School/LaTeX Documents/latex-class-notes/Fall 2025/550 Measure Theory/Notes/measures.tex:89: Undefined control sequence.
<recently read> \cA 
                    
l.89 ... used the ordered pair $(X,\cA)$...If $\cA
                                                  $ is closed under countabl...
The control sequence at the end of the top line
of your error message was never \def'ed. If you have
misspelled it (e.g., `\hobx'), type `I' and the correct
spelling (e.g., `I\hbox'). Otherwise just continue,
and I'll forget about whatever was undefined.

Missing character: There is no i in font nullfont!
Missing character: There is no s in font nullfont!
Missing character: There is no c in font nullfont!
Missing character: There is no l in font nullfont!
Missing character: There is no o in font nullfont!
Missing character: There is no s in font nullfont!
Missing character: There is no e in font nullfont!
Missing character: There is no d in font nullfont!
Missing character: There is no u in font nullfont!
Missing character: There is no n in font nullfont!
Missing character: There is no d in font nullfont!
Missing character: There is no e in font nullfont!
Missing character: There is no r in font nullfont!
Missing character: There is no c in font nullfont!
Missing character: There is no o in font nullfont!
Missing character: There is no u in font nullfont!
Missing character: There is no n in font nullfont!
Missing character: There is no t in font nullfont!
Missing character: There is no a in font nullfont!
Missing character: There is no b in font nullfont!
Missing character: There is no l in font nullfont!
Missing character: There is no e in font nullfont!
Missing character: There is no u in font nullfont!
Missing character: There is no n in font nullfont!
Missing character: There is no i in font nullfont!
Missing character: There is no o in font nullfont!
Missing character: There is no n in font nullfont!
Missing character: There is no , in font nullfont!
Missing character: There is no t in font nullfont!
Missing character: There is no h in font nullfont!
Missing character: There is no e in font nullfont!
Missing character: There is no n in font nullfont!
Missing character: There is no w in font nullfont!
Missing character: There is no e in font nullfont!
Missing character: There is no s in font nullfont!
Missing character: There is no a in font nullfont!
Missing character: There is no y in font nullfont!
/Users/gcrescenzo/Documents/School/LaTeX Documents/latex-class-notes/Fall 2025/550 Measure Theory/Notes/measures.tex:89: Undefined control sequence.
<recently read> \cA 
                    
l.89 ...ed under countable union, then we say $\cA
                                                  $ is a \textit{$\sigma$-al...
The control sequence at the end of the top line
of your error message was never \def'ed. If you have
misspelled it (e.g., `\hobx'), type `I' and the correct
spelling (e.g., `I\hbox'). Otherwise just continue,
and I'll forget about whatever was undefined.

Missing character: There is no i in font nullfont!
Missing character: There is no s in font nullfont!
Missing character: There is no a in font nullfont!
Missing character: There is no . in font nullfont!

/Users/gcrescenzo/Documents/School/LaTeX Documents/latex-class-notes/Fall 2025/550 Measure Theory/Notes/measures.tex:90: LaTeX Error: \begin{document} ended by \end{definition}.

See the LaTeX manual or LaTeX Companion for explanation.
Type  H <return>  for immediate help.
 ...                                              
                                                  
l.90     \end{definition}
                         
Your command was ignored.
Type  I <command> <return>  to replace it with another command,
or  <return>  to continue without it.


Overfull \hbox (20.73608pt too wide) in paragraph at lines 89--91
     $\OT1/cmr/m/n/10 (\OML/cmm/m/it/10 X; \OT1/cmr/m/n/10 )$
 []


Overfull \hbox (9.65065pt too wide) in paragraph at lines 89--91
\OML/cmm/m/it/10 ^^[$\OT1/cmr/m/it/10 -
 []


Overfull \hbox (30.2831pt too wide) in paragraph at lines 89--91
\OT1/cmr/m/it/10 algebra
 []


/Users/gcrescenzo/Documents/School/LaTeX Documents/latex-class-notes/Fall 2025/550 Measure Theory/Notes/measures.tex:92: LaTeX Error: Environment proposition undefined.

See the LaTeX manual or LaTeX Companion for explanation.
Type  H <return>  for immediate help.
 ...                                              
                                                  
l.92     \begin{proposition}
                            
Your command was ignored.
Type  I <command> <return>  to replace it with another command,
or  <return>  to continue without it.

Missing character: There is no L in font nullfont!
Missing character: There is no e in font nullfont!
Missing character: There is no t in font nullfont!
/Users/gcrescenzo/Documents/School/LaTeX Documents/latex-class-notes/Fall 2025/550 Measure Theory/Notes/measures.tex:93: Undefined control sequence.
<recently read> \cA 
                    
l.93         Let $\cA
                     $ be an algebra of sets.
The control sequence at the end of the top line
of your error message was never \def'ed. If you have
misspelled it (e.g., `\hobx'), type `I' and the correct
spelling (e.g., `I\hbox'). Otherwise just continue,
and I'll forget about whatever was undefined.

Missing character: There is no b in font nullfont!
Missing character: There is no e in font nullfont!
Missing character: There is no a in font nullfont!
Missing character: There is no n in font nullfont!
Missing character: There is no a in font nullfont!
Missing character: There is no l in font nullfont!
Missing character: There is no g in font nullfont!
Missing character: There is no e in font nullfont!
Missing character: There is no b in font nullfont!
Missing character: There is no r in font nullfont!
Missing character: There is no a in font nullfont!
Missing character: There is no o in font nullfont!
Missing character: There is no f in font nullfont!
Missing character: There is no s in font nullfont!
Missing character: There is no e in font nullfont!
Missing character: There is no t in font nullfont!
Missing character: There is no s in font nullfont!
Missing character: There is no . in font nullfont!

Overfull \hbox (20.0pt too wide) in paragraph at lines 93--94
[]
 []

Missing character: There is no [ in font nullfont!
Missing character: There is no l in font nullfont!
Missing character: There is no a in font nullfont!
Missing character: There is no b in font nullfont!
Missing character: There is no e in font nullfont!
Missing character: There is no l in font nullfont!
Missing character: There is no = in font nullfont!
Missing character: There is no ( in font nullfont!
/Users/gcrescenzo/Documents/School/LaTeX Documents/latex-class-notes/Fall 2025/550 Measure Theory/Notes/measures.tex:94: Missing number, treated as zero.
<to be read again> 
                   \c@* 
l.94         \begin{enumerate}[label = (\arabic*
                                                ),itemsep=1pt,topsep=3pt]
A number should have been here; I inserted `0'.
(If you can't figure out why I needed to see a number,
look up `weird error' in the index to The TeXbook.)

Missing character: There is no 0 in font nullfont!
Missing character: There is no ) in font nullfont!
Missing character: There is no , in font nullfont!
Missing character: There is no i in font nullfont!
Missing character: There is no t in font nullfont!
Missing character: There is no e in font nullfont!
Missing character: There is no m in font nullfont!
Missing character: There is no s in font nullfont!
Missing character: There is no e in font nullfont!
Missing character: There is no p in font nullfont!
Missing character: There is no = in font nullfont!
Missing character: There is no 1 in font nullfont!
Missing character: There is no p in font nullfont!
Missing character: There is no t in font nullfont!
Missing character: There is no , in font nullfont!
Missing character: There is no t in font nullfont!
Missing character: There is no o in font nullfont!
Missing character: There is no p in font nullfont!
Missing character: There is no s in font nullfont!
Missing character: There is no e in font nullfont!
Missing character: There is no p in font nullfont!
Missing character: There is no = in font nullfont!
Missing character: There is no 3 in font nullfont!
Missing character: There is no p in font nullfont!
Missing character: There is no t in font nullfont!
Missing character: There is no ] in font nullfont!

/Users/gcrescenzo/Documents/School/LaTeX Documents/latex-class-notes/Fall 2025/550 Measure Theory/Notes/measures.tex:95: LaTeX Error: Something's wrong--perhaps a missing \item.

See the LaTeX manual or LaTeX Companion for explanation.
Type  H <return>  for immediate help.
 ...                                              
                                                  
l.95             \item $
                        \cA$ is closed under finite intersection.
Try typing  <return>  to proceed.
If that doesn't work, type  X <return>  to quit.

/Users/gcrescenzo/Documents/School/LaTeX Documents/latex-class-notes/Fall 2025/550 Measure Theory/Notes/measures.tex:95: Undefined control sequence.
<recently read> \cA 
                    
l.95             \item $\cA
                           $ is closed under finite intersection.
The control sequence at the end of the top line
of your error message was never \def'ed. If you have
misspelled it (e.g., `\hobx'), type `I' and the correct
spelling (e.g., `I\hbox'). Otherwise just continue,
and I'll forget about whatever was undefined.

Missing character: There is no i in font nullfont!
Missing character: There is no s in font nullfont!
Missing character: There is no c in font nullfont!
Missing character: There is no l in font nullfont!
Missing character: There is no o in font nullfont!
Missing character: There is no s in font nullfont!
Missing character: There is no e in font nullfont!
Missing character: There is no d in font nullfont!
Missing character: There is no u in font nullfont!
Missing character: There is no n in font nullfont!
Missing character: There is no d in font nullfont!
Missing character: There is no e in font nullfont!
Missing character: There is no r in font nullfont!
Missing character: There is no f in font nullfont!
Missing character: There is no i in font nullfont!
Missing character: There is no n in font nullfont!
Missing character: There is no i in font nullfont!
Missing character: There is no t in font nullfont!
Missing character: There is no e in font nullfont!
Missing character: There is no i in font nullfont!
Missing character: There is no n in font nullfont!
Missing character: There is no t in font nullfont!
Missing character: There is no e in font nullfont!
Missing character: There is no r in font nullfont!
Missing character: There is no s in font nullfont!
Missing character: There is no e in font nullfont!
Missing character: There is no c in font nullfont!
Missing character: There is no t in font nullfont!
Missing character: There is no i in font nullfont!
Missing character: There is no o in font nullfont!
Missing character: There is no n in font nullfont!
Missing character: There is no . in font nullfont!
/Users/gcrescenzo/Documents/School/LaTeX Documents/latex-class-notes/Fall 2025/550 Measure Theory/Notes/measures.tex:96: Undefined control sequence.
<recently read> \cA 
                    
l.96             \item $\cA
                           $ is closed under set difference.
The control sequence at the end of the top line
of your error message was never \def'ed. If you have
misspelled it (e.g., `\hobx'), type `I' and the correct
spelling (e.g., `I\hbox'). Otherwise just continue,
and I'll forget about whatever was undefined.

Missing character: There is no i in font nullfont!
Missing character: There is no s in font nullfont!
Missing character: There is no c in font nullfont!
Missing character: There is no l in font nullfont!
Missing character: There is no o in font nullfont!
Missing character: There is no s in font nullfont!
Missing character: There is no e in font nullfont!
Missing character: There is no d in font nullfont!
Missing character: There is no u in font nullfont!
Missing character: There is no n in font nullfont!
Missing character: There is no d in font nullfont!
Missing character: There is no e in font nullfont!
Missing character: There is no r in font nullfont!
Missing character: There is no s in font nullfont!
Missing character: There is no e in font nullfont!
Missing character: There is no t in font nullfont!
Missing character: There is no d in font nullfont!
Missing character: There is no i in font nullfont!
Missing character: There is no f in font nullfont!
Missing character: There is no f in font nullfont!
Missing character: There is no e in font nullfont!
Missing character: There is no r in font nullfont!
Missing character: There is no e in font nullfont!
Missing character: There is no n in font nullfont!
Missing character: There is no c in font nullfont!
Missing character: There is no e in font nullfont!
Missing character: There is no . in font nullfont!
/Users/gcrescenzo/Documents/School/LaTeX Documents/latex-class-notes/Fall 2025/550 Measure Theory/Notes/measures.tex:97: Undefined control sequence.
l.97             \item $\emptyset \in \cA
                                         $ and $X \in \cA$.
The control sequence at the end of the top line
of your error message was never \def'ed. If you have
misspelled it (e.g., `\hobx'), type `I' and the correct
spelling (e.g., `I\hbox'). Otherwise just continue,
and I'll forget about whatever was undefined.

Missing character: There is no a in font nullfont!
Missing character: There is no n in font nullfont!
Missing character: There is no d in font nullfont!
/Users/gcrescenzo/Documents/School/LaTeX Documents/latex-class-notes/Fall 2025/550 Measure Theory/Notes/measures.tex:97: Undefined control sequence.
l.97 ...  \item $\emptyset \in \cA$ and $X \in \cA
                                                  $.
The control sequence at the end of the top line
of your error message was never \def'ed. If you have
misspelled it (e.g., `\hobx'), type `I' and the correct
spelling (e.g., `I\hbox'). Otherwise just continue,
and I'll forget about whatever was undefined.

Missing character: There is no . in font nullfont!

Overfull \hbox (14.44441pt too wide) in paragraph at lines 97--98
\OMS/cmsy/m/n/10 ; 2$
 []


Overfull \hbox (18.51382pt too wide) in paragraph at lines 97--98
\OML/cmm/m/it/10 X \OMS/cmsy/m/n/10 2$ 
 []


/Users/gcrescenzo/Documents/School/LaTeX Documents/latex-class-notes/Fall 2025/550 Measure Theory/Notes/measures.tex:99: LaTeX Error: \begin{document} ended by \end{proposition}.

See the LaTeX manual or LaTeX Companion for explanation.
Type  H <return>  for immediate help.
 ...                                              
                                                  
l.99     \end{proposition}
                          
Your command was ignored.
Type  I <command> <return>  to replace it with another command,
or  <return>  to continue without it.


/Users/gcrescenzo/Documents/School/LaTeX Documents/latex-class-notes/Fall 2025/550 Measure Theory/Notes/measures.tex:100: LaTeX Error: Environment proof undefined.

See the LaTeX manual or LaTeX Companion for explanation.
Type  H <return>  for immediate help.
 ...                                              
                                                  
l.100         \begin{proof}
                           
Your command was ignored.
Type  I <command> <return>  to replace it with another command,
or  <return>  to continue without it.

Missing character: There is no ( in font nullfont!
Missing character: There is no 1 in font nullfont!
Missing character: There is no ) in font nullfont!
Missing character: There is no L in font nullfont!
Missing character: There is no e in font nullfont!
Missing character: There is no t in font nullfont!
/Users/gcrescenzo/Documents/School/LaTeX Documents/latex-class-notes/Fall 2025/550 Measure Theory/Notes/measures.tex:101: Undefined control sequence.
l.101             (1) Let $E_1,E_2,...,E_n \in \cA
                                                  $. Then $\bigcap_{i = 1}^n...
The control sequence at the end of the top line
of your error message was never \def'ed. If you have
misspelled it (e.g., `\hobx'), type `I' and the correct
spelling (e.g., `I\hbox'). Otherwise just continue,
and I'll forget about whatever was undefined.

Missing character: There is no . in font nullfont!
Missing character: There is no T in font nullfont!
Missing character: There is no h in font nullfont!
Missing character: There is no e in font nullfont!
Missing character: There is no n in font nullfont!
/Users/gcrescenzo/Documents/School/LaTeX Documents/latex-class-notes/Fall 2025/550 Measure Theory/Notes/measures.tex:101: Undefined control sequence.
l.101 ...( \bigcup_{i=1}^n E_i^c \right)^c \in \cA
                                                  $. (2) If $E_1,E_2 \in \cA...
The control sequence at the end of the top line
of your error message was never \def'ed. If you have
misspelled it (e.g., `\hobx'), type `I' and the correct
spelling (e.g., `I\hbox'). Otherwise just continue,
and I'll forget about whatever was undefined.

Missing character: There is no . in font nullfont!
Missing character: There is no ( in font nullfont!
Missing character: There is no 2 in font nullfont!
Missing character: There is no ) in font nullfont!
Missing character: There is no I in font nullfont!
Missing character: There is no f in font nullfont!
/Users/gcrescenzo/Documents/School/LaTeX Documents/latex-class-notes/Fall 2025/550 Measure Theory/Notes/measures.tex:101: Undefined control sequence.
l.101 ...ight)^c \in \cA$. (2) If $E_1,E_2 \in \cA
                                                  $, then $E_1 \setminus E_2...
The control sequence at the end of the top line
of your error message was never \def'ed. If you have
misspelled it (e.g., `\hobx'), type `I' and the correct
spelling (e.g., `I\hbox'). Otherwise just continue,
and I'll forget about whatever was undefined.

Missing character: There is no , in font nullfont!
Missing character: There is no t in font nullfont!
Missing character: There is no h in font nullfont!
Missing character: There is no e in font nullfont!
Missing character: There is no n in font nullfont!
/Users/gcrescenzo/Documents/School/LaTeX Documents/latex-class-notes/Fall 2025/550 Measure Theory/Notes/measures.tex:101: Undefined control sequence.
l.101 ..._1 \setminus E_2 = E_1 \cap E_2^c \in \cA
                                                  $. (3) For any $E \in \cA$...
The control sequence at the end of the top line
of your error message was never \def'ed. If you have
misspelled it (e.g., `\hobx'), type `I' and the correct
spelling (e.g., `I\hbox'). Otherwise just continue,
and I'll forget about whatever was undefined.

Missing character: There is no . in font nullfont!
Missing character: There is no ( in font nullfont!
Missing character: There is no 3 in font nullfont!
Missing character: There is no ) in font nullfont!
Missing character: There is no F in font nullfont!
Missing character: There is no o in font nullfont!
Missing character: There is no r in font nullfont!
Missing character: There is no a in font nullfont!
Missing character: There is no n in font nullfont!
Missing character: There is no y in font nullfont!
/Users/gcrescenzo/Documents/School/LaTeX Documents/latex-class-notes/Fall 2025/550 Measure Theory/Notes/measures.tex:101: Undefined control sequence.
l.101 ...ap E_2^c \in \cA$. (3) For any $E \in \cA
                                                  $, we have $\emptyset = E ...
The control sequence at the end of the top line
of your error message was never \def'ed. If you have
misspelled it (e.g., `\hobx'), type `I' and the correct
spelling (e.g., `I\hbox'). Otherwise just continue,
and I'll forget about whatever was undefined.

Missing character: There is no , in font nullfont!
Missing character: There is no w in font nullfont!
Missing character: There is no e in font nullfont!
Missing character: There is no h in font nullfont!
Missing character: There is no a in font nullfont!
Missing character: There is no v in font nullfont!
Missing character: There is no e in font nullfont!
/Users/gcrescenzo/Documents/School/LaTeX Documents/latex-class-notes/Fall 2025/550 Measure Theory/Notes/measures.tex:101: Undefined control sequence.
l.101 ..., we have $\emptyset = E \cap E^c \in \cA
                                                  $ and $X = E \cup E^c \in ...
The control sequence at the end of the top line
of your error message was never \def'ed. If you have
misspelled it (e.g., `\hobx'), type `I' and the correct
spelling (e.g., `I\hbox'). Otherwise just continue,
and I'll forget about whatever was undefined.

Missing character: There is no a in font nullfont!
Missing character: There is no n in font nullfont!
Missing character: There is no d in font nullfont!
/Users/gcrescenzo/Documents/School/LaTeX Documents/latex-class-notes/Fall 2025/550 Measure Theory/Notes/measures.tex:101: Undefined control sequence.
l.101 ... E^c \in \cA$ and $X = E \cup E^c \in \cA
                                                  $.
The control sequence at the end of the top line
of your error message was never \def'ed. If you have
misspelled it (e.g., `\hobx'), type `I' and the correct
spelling (e.g., `I\hbox'). Otherwise just continue,
and I'll forget about whatever was undefined.

Missing character: There is no . in font nullfont!

/Users/gcrescenzo/Documents/School/LaTeX Documents/latex-class-notes/Fall 2025/550 Measure Theory/Notes/measures.tex:102: LaTeX Error: \begin{document} ended by \end{proof}.

See the LaTeX manual or LaTeX Companion for explanation.
Type  H <return>  for immediate help.
 ...                                              
                                                  
l.102         \end{proof}
                         
Your command was ignored.
Type  I <command> <return>  to replace it with another command,
or  <return>  to continue without it.


Overfull \hbox (67.67241pt too wide) in paragraph at lines 101--103
  $\OML/cmm/m/it/10 E[]; E[]; :::; E[] \OMS/cmsy/m/n/10 2$
 []


Overfull \hbox (44.72105pt too wide) in paragraph at lines 101--103
[][] \OML/cmm/m/it/10 E[] \OT1/cmr/m/n/10 =
 []


Overfull \hbox (56.78232pt too wide) in paragraph at lines 101--103
[][] \OMS/cmsy/m/n/10 2$
 []


Overfull \hbox (37.62495pt too wide) in paragraph at lines 101--103
\OML/cmm/m/it/10 E[]; E[] \OMS/cmsy/m/n/10 2$
 []


Overfull \hbox (16.86809pt too wide) in paragraph at lines 101--103
\OML/cmm/m/it/10 E[] \OMS/cmsy/m/n/10 n
 []


Overfull \hbox (22.42358pt too wide) in paragraph at lines 101--103
\OML/cmm/m/it/10 E[] \OT1/cmr/m/n/10 =
 []


Overfull \hbox (18.53476pt too wide) in paragraph at lines 101--103
\OML/cmm/m/it/10 E[] \OMS/cmsy/m/n/10 \
 []


Overfull \hbox (21.47646pt too wide) in paragraph at lines 101--103
\OML/cmm/m/it/10 E[] \OMS/cmsy/m/n/10 2$
 []


Overfull \hbox (17.40271pt too wide) in paragraph at lines 101--103
\OML/cmm/m/it/10 E \OMS/cmsy/m/n/10 2$
 []


Overfull \hbox (15.55553pt too wide) in paragraph at lines 101--103
\OMS/cmsy/m/n/10 ; \OT1/cmr/m/n/10 =
 []


Overfull \hbox (14.625pt too wide) in paragraph at lines 101--103
\OML/cmm/m/it/10 E \OMS/cmsy/m/n/10 \
 []


Overfull \hbox (21.47646pt too wide) in paragraph at lines 101--103
\OML/cmm/m/it/10 E[] \OMS/cmsy/m/n/10 2$
 []


Overfull \hbox (19.62494pt too wide) in paragraph at lines 101--103
\OML/cmm/m/it/10 X \OT1/cmr/m/n/10 =
 []


Overfull \hbox (14.625pt too wide) in paragraph at lines 101--103
\OML/cmm/m/it/10 E \OMS/cmsy/m/n/10 [
 []


Overfull \hbox (21.47646pt too wide) in paragraph at lines 101--103
\OML/cmm/m/it/10 E[] \OMS/cmsy/m/n/10 2$
 []


/Users/gcrescenzo/Documents/School/LaTeX Documents/latex-class-notes/Fall 2025/550 Measure Theory/Notes/measures.tex:104: LaTeX Error: Environment proposition undefined.

See the LaTeX manual or LaTeX Companion for explanation.
Type  H <return>  for immediate help.
 ...                                              
                                                  
l.104     \begin{proposition}
                             
Your command was ignored.
Type  I <command> <return>  to replace it with another command,
or  <return>  to continue without it.

Missing character: There is no L in font nullfont!
Missing character: There is no e in font nullfont!
Missing character: There is no t in font nullfont!
/Users/gcrescenzo/Documents/School/LaTeX Documents/latex-class-notes/Fall 2025/550 Measure Theory/Notes/measures.tex:105: Undefined control sequence.
<recently read> \cA 
                    
l.105         Let $\cA
                      $ be an algebra of sets. The following are equivalent:
The control sequence at the end of the top line
of your error message was never \def'ed. If you have
misspelled it (e.g., `\hobx'), type `I' and the correct
spelling (e.g., `I\hbox'). Otherwise just continue,
and I'll forget about whatever was undefined.

Missing character: There is no b in font nullfont!
Missing character: There is no e in font nullfont!
Missing character: There is no a in font nullfont!
Missing character: There is no n in font nullfont!
Missing character: There is no a in font nullfont!
Missing character: There is no l in font nullfont!
Missing character: There is no g in font nullfont!
Missing character: There is no e in font nullfont!
Missing character: There is no b in font nullfont!
Missing character: There is no r in font nullfont!
Missing character: There is no a in font nullfont!
Missing character: There is no o in font nullfont!
Missing character: There is no f in font nullfont!
Missing character: There is no s in font nullfont!
Missing character: There is no e in font nullfont!
Missing character: There is no t in font nullfont!
Missing character: There is no s in font nullfont!
Missing character: There is no . in font nullfont!
Missing character: There is no T in font nullfont!
Missing character: There is no h in font nullfont!
Missing character: There is no e in font nullfont!
Missing character: There is no f in font nullfont!
Missing character: There is no o in font nullfont!
Missing character: There is no l in font nullfont!
Missing character: There is no l in font nullfont!
Missing character: There is no o in font nullfont!
Missing character: There is no w in font nullfont!
Missing character: There is no i in font nullfont!
Missing character: There is no n in font nullfont!
Missing character: There is no g in font nullfont!
Missing character: There is no a in font nullfont!
Missing character: There is no r in font nullfont!
Missing character: There is no e in font nullfont!
Missing character: There is no e in font nullfont!
Missing character: There is no q in font nullfont!
Missing character: There is no u in font nullfont!
Missing character: There is no i in font nullfont!
Missing character: There is no v in font nullfont!
Missing character: There is no a in font nullfont!
Missing character: There is no l in font nullfont!
Missing character: There is no e in font nullfont!
Missing character: There is no n in font nullfont!
Missing character: There is no t in font nullfont!
Missing character: There is no : in font nullfont!

Overfull \hbox (20.0pt too wide) in paragraph at lines 105--106
[]
 []

Missing character: There is no [ in font nullfont!
Missing character: There is no l in font nullfont!
Missing character: There is no a in font nullfont!
Missing character: There is no b in font nullfont!
Missing character: There is no e in font nullfont!
Missing character: There is no l in font nullfont!
Missing character: There is no = in font nullfont!
Missing character: There is no ( in font nullfont!
/Users/gcrescenzo/Documents/School/LaTeX Documents/latex-class-notes/Fall 2025/550 Measure Theory/Notes/measures.tex:106: Missing number, treated as zero.
<to be read again> 
                   \c@* 
l.106 ...      \begin{enumerate}[label = (\arabic*
                                                  ),itemsep=1pt,topsep=3pt]
A number should have been here; I inserted `0'.
(If you can't figure out why I needed to see a number,
look up `weird error' in the index to The TeXbook.)

Missing character: There is no 0 in font nullfont!
Missing character: There is no ) in font nullfont!
Missing character: There is no , in font nullfont!
Missing character: There is no i in font nullfont!
Missing character: There is no t in font nullfont!
Missing character: There is no e in font nullfont!
Missing character: There is no m in font nullfont!
Missing character: There is no s in font nullfont!
Missing character: There is no e in font nullfont!
Missing character: There is no p in font nullfont!
Missing character: There is no = in font nullfont!
Missing character: There is no 1 in font nullfont!
Missing character: There is no p in font nullfont!
Missing character: There is no t in font nullfont!
Missing character: There is no , in font nullfont!
Missing character: There is no t in font nullfont!
Missing character: There is no o in font nullfont!
Missing character: There is no p in font nullfont!
Missing character: There is no s in font nullfont!
Missing character: There is no e in font nullfont!
Missing character: There is no p in font nullfont!
Missing character: There is no = in font nullfont!
Missing character: There is no 3 in font nullfont!
Missing character: There is no p in font nullfont!
Missing character: There is no t in font nullfont!
Missing character: There is no ] in font nullfont!

/Users/gcrescenzo/Documents/School/LaTeX Documents/latex-class-notes/Fall 2025/550 Measure Theory/Notes/measures.tex:107: LaTeX Error: Something's wrong--perhaps a missing \item.

See the LaTeX manual or LaTeX Companion for explanation.
Type  H <return>  for immediate help.
 ...                                              
                                                  
l.107                 \item $
                             \cA$ is a $\sigma$-algebra.
Try typing  <return>  to proceed.
If that doesn't work, type  X <return>  to quit.

/Users/gcrescenzo/Documents/School/LaTeX Documents/latex-class-notes/Fall 2025/550 Measure Theory/Notes/measures.tex:107: Undefined control sequence.
<recently read> \cA 
                    
l.107                 \item $\cA
                                $ is a $\sigma$-algebra.
The control sequence at the end of the top line
of your error message was never \def'ed. If you have
misspelled it (e.g., `\hobx'), type `I' and the correct
spelling (e.g., `I\hbox'). Otherwise just continue,
and I'll forget about whatever was undefined.

Missing character: There is no i in font nullfont!
Missing character: There is no s in font nullfont!
Missing character: There is no a in font nullfont!
Missing character: There is no - in font nullfont!
Missing character: There is no a in font nullfont!
Missing character: There is no l in font nullfont!
Missing character: There is no g in font nullfont!
Missing character: There is no e in font nullfont!
Missing character: There is no b in font nullfont!
Missing character: There is no r in font nullfont!
Missing character: There is no a in font nullfont!
Missing character: There is no . in font nullfont!

Overfull \hbox (6.0729pt too wide) in paragraph at lines 107--108
\OML/cmm/m/it/10 ^^[$ 
 []

/Users/gcrescenzo/Documents/School/LaTeX Documents/latex-class-notes/Fall 2025/550 Measure Theory/Notes/measures.tex:108: Undefined control sequence.
<recently read> \cA 
                    
l.108                 \item $\cA
                                $ is closed under countable disjoint union.
The control sequence at the end of the top line
of your error message was never \def'ed. If you have
misspelled it (e.g., `\hobx'), type `I' and the correct
spelling (e.g., `I\hbox'). Otherwise just continue,
and I'll forget about whatever was undefined.

Missing character: There is no i in font nullfont!
Missing character: There is no s in font nullfont!
Missing character: There is no c in font nullfont!
Missing character: There is no l in font nullfont!
Missing character: There is no o in font nullfont!
Missing character: There is no s in font nullfont!
Missing character: There is no e in font nullfont!
Missing character: There is no d in font nullfont!
Missing character: There is no u in font nullfont!
Missing character: There is no n in font nullfont!
Missing character: There is no d in font nullfont!
Missing character: There is no e in font nullfont!
Missing character: There is no r in font nullfont!
Missing character: There is no c in font nullfont!
Missing character: There is no o in font nullfont!
Missing character: There is no u in font nullfont!
Missing character: There is no n in font nullfont!
Missing character: There is no t in font nullfont!
Missing character: There is no a in font nullfont!
Missing character: There is no b in font nullfont!
Missing character: There is no l in font nullfont!
Missing character: There is no e in font nullfont!
Missing character: There is no d in font nullfont!
Missing character: There is no i in font nullfont!
Missing character: There is no s in font nullfont!
Missing character: There is no j in font nullfont!
Missing character: There is no o in font nullfont!
Missing character: There is no i in font nullfont!
Missing character: There is no n in font nullfont!
Missing character: There is no t in font nullfont!
Missing character: There is no u in font nullfont!
Missing character: There is no n in font nullfont!
Missing character: There is no i in font nullfont!
Missing character: There is no o in font nullfont!
Missing character: There is no n in font nullfont!
Missing character: There is no . in font nullfont!

/Users/gcrescenzo/Documents/School/LaTeX Documents/latex-class-notes/Fall 2025/550 Measure Theory/Notes/measures.tex:110: LaTeX Error: \begin{document} ended by \end{proposition}.

See the LaTeX manual or LaTeX Companion for explanation.
Type  H <return>  for immediate help.
 ...                                              
                                                  
l.110     \end{proposition}
                           
Your command was ignored.
Type  I <command> <return>  to replace it with another command,
or  <return>  to continue without it.


/Users/gcrescenzo/Documents/School/LaTeX Documents/latex-class-notes/Fall 2025/550 Measure Theory/Notes/measures.tex:111: LaTeX Error: Environment proof undefined.

See the LaTeX manual or LaTeX Companion for explanation.
Type  H <return>  for immediate help.
 ...                                              
                                                  
l.111         \begin{proof}
                           
Your command was ignored.
Type  I <command> <return>  to replace it with another command,
or  <return>  to continue without it.

Missing character: There is no I in font nullfont!
Missing character: There is no f in font nullfont!
/Users/gcrescenzo/Documents/School/LaTeX Documents/latex-class-notes/Fall 2025/550 Measure Theory/Notes/measures.tex:112: Undefined control sequence.
<recently read> \cA 
                    
l.112             If $\cA
                         $ is a $\sigma$-algebra, then it is closed under co...
The control sequence at the end of the top line
of your error message was never \def'ed. If you have
misspelled it (e.g., `\hobx'), type `I' and the correct
spelling (e.g., `I\hbox'). Otherwise just continue,
and I'll forget about whatever was undefined.

Missing character: There is no i in font nullfont!
Missing character: There is no s in font nullfont!
Missing character: There is no a in font nullfont!
Missing character: There is no - in font nullfont!
Missing character: There is no a in font nullfont!
Missing character: There is no l in font nullfont!
Missing character: There is no g in font nullfont!
Missing character: There is no e in font nullfont!
Missing character: There is no b in font nullfont!
Missing character: There is no r in font nullfont!
Missing character: There is no a in font nullfont!
Missing character: There is no , in font nullfont!
Missing character: There is no t in font nullfont!
Missing character: There is no h in font nullfont!
Missing character: There is no e in font nullfont!
Missing character: There is no n in font nullfont!
Missing character: There is no i in font nullfont!
Missing character: There is no t in font nullfont!
Missing character: There is no i in font nullfont!
Missing character: There is no s in font nullfont!
Missing character: There is no c in font nullfont!
Missing character: There is no l in font nullfont!
Missing character: There is no o in font nullfont!
Missing character: There is no s in font nullfont!
Missing character: There is no e in font nullfont!
Missing character: There is no d in font nullfont!
Missing character: There is no u in font nullfont!
Missing character: There is no n in font nullfont!
Missing character: There is no d in font nullfont!
Missing character: There is no e in font nullfont!
Missing character: There is no r in font nullfont!
Missing character: There is no c in font nullfont!
Missing character: There is no o in font nullfont!
Missing character: There is no u in font nullfont!
Missing character: There is no n in font nullfont!
Missing character: There is no t in font nullfont!
Missing character: There is no a in font nullfont!
Missing character: There is no b in font nullfont!
Missing character: There is no l in font nullfont!
Missing character: There is no e in font nullfont!
Missing character: There is no u in font nullfont!
Missing character: There is no n in font nullfont!
Missing character: There is no i in font nullfont!
Missing character: There is no o in font nullfont!
Missing character: There is no n in font nullfont!
Missing character: There is no , in font nullfont!
Missing character: There is no h in font nullfont!
Missing character: There is no e in font nullfont!
Missing character: There is no n in font nullfont!
Missing character: There is no c in font nullfont!
Missing character: There is no e in font nullfont!
Missing character: There is no i in font nullfont!
Missing character: There is no t in font nullfont!
Missing character: There is no m in font nullfont!
Missing character: There is no u in font nullfont!
Missing character: There is no s in font nullfont!
Missing character: There is no t in font nullfont!
Missing character: There is no b in font nullfont!
Missing character: There is no e in font nullfont!
Missing character: There is no c in font nullfont!
Missing character: There is no l in font nullfont!
Missing character: There is no o in font nullfont!
Missing character: There is no s in font nullfont!
Missing character: There is no e in font nullfont!
Missing character: There is no d in font nullfont!
Missing character: There is no u in font nullfont!
Missing character: There is no n in font nullfont!
Missing character: There is no d in font nullfont!
Missing character: There is no e in font nullfont!
Missing character: There is no r in font nullfont!
Missing character: There is no c in font nullfont!
Missing character: There is no o in font nullfont!
Missing character: There is no u in font nullfont!
Missing character: There is no n in font nullfont!
Missing character: There is no t in font nullfont!
Missing character: There is no a in font nullfont!
Missing character: There is no b in font nullfont!
Missing character: There is no l in font nullfont!
Missing character: There is no e in font nullfont!
Missing character: There is no d in font nullfont!
Missing character: There is no i in font nullfont!
Missing character: There is no s in font nullfont!
Missing character: There is no j in font nullfont!
Missing character: There is no o in font nullfont!
Missing character: There is no i in font nullfont!
Missing character: There is no n in font nullfont!
Missing character: There is no t in font nullfont!
Missing character: There is no u in font nullfont!
Missing character: There is no n in font nullfont!
Missing character: There is no i in font nullfont!
Missing character: There is no o in font nullfont!
Missing character: There is no n in font nullfont!
Missing character: There is no . in font nullfont!
Missing character: There is no C in font nullfont!
Missing character: There is no o in font nullfont!
Missing character: There is no n in font nullfont!
Missing character: There is no v in font nullfont!
Missing character: There is no e in font nullfont!
Missing character: There is no r in font nullfont!
Missing character: There is no s in font nullfont!
Missing character: There is no e in font nullfont!
Missing character: There is no l in font nullfont!
Missing character: There is no y in font nullfont!
Missing character: There is no , in font nullfont!
Missing character: There is no s in font nullfont!
Missing character: There is no u in font nullfont!
Missing character: There is no p in font nullfont!
Missing character: There is no p in font nullfont!
Missing character: There is no o in font nullfont!
Missing character: There is no s in font nullfont!
Missing character: There is no e in font nullfont!
/Users/gcrescenzo/Documents/School/LaTeX Documents/latex-class-notes/Fall 2025/550 Measure Theory/Notes/measures.tex:112: Undefined control sequence.
<recently read> \cA 
                    
l.112 ... disjoint union. Conversely, suppose $\cA
                                                  $ is closed under countabl...
The control sequence at the end of the top line
of your error message was never \def'ed. If you have
misspelled it (e.g., `\hobx'), type `I' and the correct
spelling (e.g., `I\hbox'). Otherwise just continue,
and I'll forget about whatever was undefined.

Missing character: There is no i in font nullfont!
Missing character: There is no s in font nullfont!
Missing character: There is no c in font nullfont!
Missing character: There is no l in font nullfont!
Missing character: There is no o in font nullfont!
Missing character: There is no s in font nullfont!
Missing character: There is no e in font nullfont!
Missing character: There is no d in font nullfont!
Missing character: There is no u in font nullfont!
Missing character: There is no n in font nullfont!
Missing character: There is no d in font nullfont!
Missing character: There is no e in font nullfont!
Missing character: There is no r in font nullfont!
Missing character: There is no c in font nullfont!
Missing character: There is no o in font nullfont!
Missing character: There is no u in font nullfont!
Missing character: There is no n in font nullfont!
Missing character: There is no t in font nullfont!
Missing character: There is no a in font nullfont!
Missing character: There is no b in font nullfont!
Missing character: There is no l in font nullfont!
Missing character: There is no e in font nullfont!
Missing character: There is no d in font nullfont!
Missing character: There is no i in font nullfont!
Missing character: There is no s in font nullfont!
Missing character: There is no j in font nullfont!
Missing character: There is no o in font nullfont!
Missing character: There is no i in font nullfont!
Missing character: There is no n in font nullfont!
Missing character: There is no t in font nullfont!
Missing character: There is no u in font nullfont!
Missing character: There is no n in font nullfont!
Missing character: There is no i in font nullfont!
Missing character: There is no o in font nullfont!
Missing character: There is no n in font nullfont!
Missing character: There is no . in font nullfont!
Missing character: There is no L in font nullfont!
Missing character: There is no e in font nullfont!
Missing character: There is no t in font nullfont!
Missing character: There is no b in font nullfont!
Missing character: There is no e in font nullfont!
Missing character: There is no a in font nullfont!
Missing character: There is no f in font nullfont!
Missing character: There is no a in font nullfont!
Missing character: There is no m in font nullfont!
Missing character: There is no i in font nullfont!
Missing character: There is no l in font nullfont!
Missing character: There is no y in font nullfont!
Missing character: There is no o in font nullfont!
Missing character: There is no f in font nullfont!
Missing character: There is no s in font nullfont!
Missing character: There is no e in font nullfont!
Missing character: There is no t in font nullfont!
Missing character: There is no s in font nullfont!
Missing character: There is no i in font nullfont!
Missing character: There is no n in font nullfont!
/Users/gcrescenzo/Documents/School/LaTeX Documents/latex-class-notes/Fall 2025/550 Measure Theory/Notes/measures.tex:112: Undefined control sequence.
<recently read> \cA 
                    
l.112 ... = 1}^\infty$ be a family of sets in $\cA
                                                  $. Define:
The control sequence at the end of the top line
of your error message was never \def'ed. If you have
misspelled it (e.g., `\hobx'), type `I' and the correct
spelling (e.g., `I\hbox'). Otherwise just continue,
and I'll forget about whatever was undefined.

Missing character: There is no . in font nullfont!
Missing character: There is no D in font nullfont!
Missing character: There is no e in font nullfont!
Missing character: There is no f in font nullfont!
Missing character: There is no i in font nullfont!
Missing character: There is no n in font nullfont!
Missing character: There is no e in font nullfont!
Missing character: There is no : in font nullfont!

/Users/gcrescenzo/Documents/School/LaTeX Documents/latex-class-notes/Fall 2025/550 Measure Theory/Notes/measures.tex:113: LaTeX Error: Environment equation* undefined.

See the LaTeX manual or LaTeX Companion for explanation.
Type  H <return>  for immediate help.
 ...                                              
                                                  
l.113                 \begin{equation*}
                                       
Your command was ignored.
Type  I <command> <return>  to replace it with another command,
or  <return>  to continue without it.


/Users/gcrescenzo/Documents/School/LaTeX Documents/latex-class-notes/Fall 2025/550 Measure Theory/Notes/measures.tex:114: LaTeX Error: Environment split undefined.

See the LaTeX manual or LaTeX Companion for explanation.
Type  H <return>  for immediate help.
 ...                                              
                                                  
l.114                 \begin{split}
                                   
Your command was ignored.
Type  I <command> <return>  to replace it with another command,
or  <return>  to continue without it.

Missing character: There is no F in font nullfont!
/Users/gcrescenzo/Documents/School/LaTeX Documents/latex-class-notes/Fall 2025/550 Measure Theory/Notes/measures.tex:115: Missing $ inserted.
<inserted text> 
                $
l.115                     F_
                            1 &= E_1, \\
I've inserted a begin-math/end-math symbol since I think
you left one out. Proceed, with fingers crossed.

/Users/gcrescenzo/Documents/School/LaTeX Documents/latex-class-notes/Fall 2025/550 Measure Theory/Notes/measures.tex:115: Misplaced alignment tab character &.
l.115                     F_1 &
                               = E_1, \\
I can't figure out why you would want to use a tab mark
here. If you just want an ampersand, the remedy is
simple: Just type `I\&' now. But if some right brace
up above has ended a previous alignment prematurely,
you're probably due for more error messages, and you
might try typing `S' now just to see what is salvageable.

/Users/gcrescenzo/Documents/School/LaTeX Documents/latex-class-notes/Fall 2025/550 Measure Theory/Notes/measures.tex:116: Misplaced alignment tab character &.
l.116                     F_2 &
                               = E_2 \setminus E_1 \\
I can't figure out why you would want to use a tab mark
here. If you just want an ampersand, the remedy is
simple: Just type `I\&' now. But if some right brace
up above has ended a previous alignment prematurely,
you're probably due for more error messages, and you
might try typing `S' now just to see what is salvageable.

/Users/gcrescenzo/Documents/School/LaTeX Documents/latex-class-notes/Fall 2025/550 Measure Theory/Notes/measures.tex:117: Misplaced alignment tab character &.
l.117                     F_3 &
                               = E_3 \setminus (E_1 \cup E_2) \\
I can't figure out why you would want to use a tab mark
here. If you just want an ampersand, the remedy is
simple: Just type `I\&' now. But if some right brace
up above has ended a previous alignment prematurely,
you're probably due for more error messages, and you
might try typing `S' now just to see what is salvageable.

/Users/gcrescenzo/Documents/School/LaTeX Documents/latex-class-notes/Fall 2025/550 Measure Theory/Notes/measures.tex:118: Misplaced alignment tab character &.
<recently read> &
                 
l.118                     &
                           \vdots \\
I can't figure out why you would want to use a tab mark
here. If you just want an ampersand, the remedy is
simple: Just type `I\&' now. But if some right brace
up above has ended a previous alignment prematurely,
you're probably due for more error messages, and you
might try typing `S' now just to see what is salvageable.

Missing character: There is no . in font nullfont!
Missing character: There is no . in font nullfont!
Missing character: There is no . in font nullfont!
/Users/gcrescenzo/Documents/School/LaTeX Documents/latex-class-notes/Fall 2025/550 Measure Theory/Notes/measures.tex:119: Misplaced alignment tab character &.
l.119                     F_n &
                               = E_n \setminus \left( E_1 \cup E_2 \cup ... ...
I can't figure out why you would want to use a tab mark
here. If you just want an ampersand, the remedy is
simple: Just type `I\&' now. But if some right brace
up above has ended a previous alignment prematurely,
you're probably due for more error messages, and you
might try typing `S' now just to see what is salvageable.


/Users/gcrescenzo/Documents/School/LaTeX Documents/latex-class-notes/Fall 2025/550 Measure Theory/Notes/measures.tex:120: LaTeX Error: \begin{document} ended by \end{split}.

See the LaTeX manual or LaTeX Companion for explanation.
Type  H <return>  for immediate help.
 ...                                              
                                                  
l.120                 \end{split}
                                 
Your command was ignored.
Type  I <command> <return>  to replace it with another command,
or  <return>  to continue without it.

/Users/gcrescenzo/Documents/School/LaTeX Documents/latex-class-notes/Fall 2025/550 Measure Theory/Notes/measures.tex:120: Missing $ inserted.
<inserted text> 
                $
l.120                 \end{split}
                                 
I've inserted something that you may have forgotten.
(See the <inserted text> above.)
With luck, this will get me unwedged. But if you
really didn't forget anything, try typing `2' now; then
my insertion and my current dilemma will both disappear.


/Users/gcrescenzo/Documents/School/LaTeX Documents/latex-class-notes/Fall 2025/550 Measure Theory/Notes/measures.tex:121: LaTeX Error: \begin{document} ended by \end{equation*}.

See the LaTeX manual or LaTeX Companion for explanation.
Type  H <return>  for immediate help.
 ...                                              
                                                  
l.121                 \end{equation*}
                                     
Your command was ignored.
Type  I <command> <return>  to replace it with another command,
or  <return>  to continue without it.

Missing character: There is no L in font nullfont!
Missing character: There is no e in font nullfont!
Missing character: There is no t in font nullfont!
Missing character: There is no b in font nullfont!
Missing character: There is no e in font nullfont!
Missing character: There is no n in font nullfont!
Missing character: There is no a in font nullfont!
Missing character: There is no t in font nullfont!
Missing character: There is no u in font nullfont!
Missing character: There is no r in font nullfont!
Missing character: There is no a in font nullfont!
Missing character: There is no l in font nullfont!
Missing character: There is no n in font nullfont!
Missing character: There is no u in font nullfont!
Missing character: There is no m in font nullfont!
Missing character: There is no b in font nullfont!
Missing character: There is no e in font nullfont!
Missing character: There is no r in font nullfont!
Missing character: There is no s in font nullfont!
Missing character: There is no a in font nullfont!
Missing character: There is no n in font nullfont!
Missing character: There is no d in font nullfont!
Missing character: There is no c in font nullfont!
Missing character: There is no o in font nullfont!
Missing character: There is no n in font nullfont!
Missing character: There is no s in font nullfont!
Missing character: There is no i in font nullfont!
Missing character: There is no d in font nullfont!
Missing character: There is no e in font nullfont!
Missing character: There is no r in font nullfont!
Missing character: There is no . in font nullfont!
Missing character: There is no I in font nullfont!
Missing character: There is no f in font nullfont!
Missing character: There is no , in font nullfont!
Missing character: There is no t in font nullfont!
Missing character: There is no h in font nullfont!
Missing character: There is no e in font nullfont!
Missing character: There is no n in font nullfont!
Missing character: There is no . in font nullfont!
Missing character: There is no S in font nullfont!
Missing character: There is no i in font nullfont!
Missing character: There is no n in font nullfont!
Missing character: There is no c in font nullfont!
Missing character: There is no e in font nullfont!
Missing character: There is no , in font nullfont!
Missing character: There is no w in font nullfont!
Missing character: There is no e in font nullfont!
Missing character: There is no h in font nullfont!
Missing character: There is no a in font nullfont!
Missing character: There is no v in font nullfont!
Missing character: There is no e in font nullfont!
Missing character: There is no , in font nullfont!
Missing character: There is no h in font nullfont!
Missing character: There is no e in font nullfont!
Missing character: There is no n in font nullfont!
Missing character: There is no c in font nullfont!
Missing character: There is no e in font nullfont!
Missing character: There is no . in font nullfont!
Missing character: There is no T in font nullfont!
Missing character: There is no h in font nullfont!
Missing character: There is no u in font nullfont!
Missing character: There is no s in font nullfont!
Missing character: There is no . in font nullfont!
Missing character: There is no I in font nullfont!
Missing character: There is no n in font nullfont!
Missing character: There is no d in font nullfont!
Missing character: There is no u in font nullfont!
Missing character: There is no c in font nullfont!
Missing character: There is no t in font nullfont!
Missing character: There is no i in font nullfont!
Missing character: There is no v in font nullfont!
Missing character: There is no e in font nullfont!
Missing character: There is no l in font nullfont!
Missing character: There is no y in font nullfont!
Missing character: There is no , in font nullfont!
Missing character: There is no i in font nullfont!
Missing character: There is no s in font nullfont!
Missing character: There is no a in font nullfont!
Missing character: There is no c in font nullfont!
Missing character: There is no o in font nullfont!
Missing character: There is no u in font nullfont!
Missing character: There is no n in font nullfont!
Missing character: There is no t in font nullfont!
Missing character: There is no a in font nullfont!
Missing character: There is no b in font nullfont!
Missing character: There is no l in font nullfont!
Missing character: There is no e in font nullfont!
Missing character: There is no f in font nullfont!
Missing character: There is no a in font nullfont!
Missing character: There is no m in font nullfont!
Missing character: There is no i in font nullfont!
Missing character: There is no l in font nullfont!
Missing character: There is no y in font nullfont!
Missing character: There is no o in font nullfont!
Missing character: There is no f in font nullfont!
Missing character: There is no d in font nullfont!
Missing character: There is no i in font nullfont!
Missing character: There is no s in font nullfont!
Missing character: There is no j in font nullfont!
Missing character: There is no o in font nullfont!
Missing character: There is no i in font nullfont!
Missing character: There is no n in font nullfont!
Missing character: There is no t in font nullfont!
Missing character: There is no s in font nullfont!
Missing character: There is no e in font nullfont!
Missing character: There is no t in font nullfont!
Missing character: There is no s in font nullfont!
Missing character: There is no . in font nullfont!

Overfull \hbox (6.0729pt too wide) in paragraph at lines 112--123
\OML/cmm/m/it/10 ^^[$
 []


Overfull \hbox (38.39368pt too wide) in paragraph at lines 112--123
\OMS/cmsy/m/n/10 f\OML/cmm/m/it/10 E[]\OMS/cmsy/m/n/10 g[]$
 []


Overfull \hbox (15.04164pt too wide) in paragraph at lines 112--123
[] \OT1/cmr/m/n/10 =
 []


Overfull \hbox (16.31248pt too wide) in paragraph at lines 112--123
\OML/cmm/m/it/10 E[]; [] 
 []


Overfull \hbox (21.4722pt too wide) in paragraph at lines 112--123
\OML/cmm/m/it/10 F[] \OT1/cmr/m/n/10 =
 []


Overfull \hbox (16.86809pt too wide) in paragraph at lines 112--123
\OML/cmm/m/it/10 E[] \OMS/cmsy/m/n/10 n
 []


Overfull \hbox (11.86807pt too wide) in paragraph at lines 112--123
\OML/cmm/m/it/10 E[][] 
 []


Overfull \hbox (21.4722pt too wide) in paragraph at lines 112--123
\OML/cmm/m/it/10 F[] \OT1/cmr/m/n/10 =
 []


Overfull \hbox (16.86809pt too wide) in paragraph at lines 112--123
\OML/cmm/m/it/10 E[] \OMS/cmsy/m/n/10 n
 []


Overfull \hbox (22.42366pt too wide) in paragraph at lines 112--123
\OT1/cmr/m/n/10 (\OML/cmm/m/it/10 E[] \OMS/cmsy/m/n/10 [
 []


Overfull \hbox (15.75697pt too wide) in paragraph at lines 112--123
\OML/cmm/m/it/10 E[]\OT1/cmr/m/n/10 )[] 
 []


Overfull \hbox (22.4294pt too wide) in paragraph at lines 112--123
\OML/cmm/m/it/10 F[] \OT1/cmr/m/n/10 =
 []


Overfull \hbox (17.82529pt too wide) in paragraph at lines 112--123
\OML/cmm/m/it/10 E[] \OMS/cmsy/m/n/10 n
 []


Overfull \hbox (100.6862pt too wide) in paragraph at lines 112--123
[] \OML/cmm/m/it/10 :$
 []


Overfull \hbox (14.00064pt too wide) in paragraph at lines 112--123
\OML/cmm/m/it/10 i <
 []


Overfull \hbox (4.69049pt too wide) in paragraph at lines 112--123
\OML/cmm/m/it/10 j$
 []


Overfull \hbox (16.42653pt too wide) in paragraph at lines 112--123
\OML/cmm/m/it/10 F[] \OMS/cmsy/m/n/10 \
 []


Overfull \hbox (10.64412pt too wide) in paragraph at lines 112--123
\OML/cmm/m/it/10 F[]$
 []


Overfull \hbox (15.15967pt too wide) in paragraph at lines 112--123
\OML/cmm/m/it/10 x \OMS/cmsy/m/n/10 2
 []


Overfull \hbox (9.75984pt too wide) in paragraph at lines 112--123
\OML/cmm/m/it/10 F[]$
 []


Overfull \hbox (15.15967pt too wide) in paragraph at lines 112--123
\OML/cmm/m/it/10 x \OMS/cmsy/m/n/10 2
 []


Overfull \hbox (10.71123pt too wide) in paragraph at lines 112--123
\OML/cmm/m/it/10 E[]$
 []


Overfull \hbox (14.00064pt too wide) in paragraph at lines 112--123
\OML/cmm/m/it/10 i <
 []


Overfull \hbox (4.69049pt too wide) in paragraph at lines 112--123
\OML/cmm/m/it/10 j$
 []


Overfull \hbox (15.15967pt too wide) in paragraph at lines 112--123
\OML/cmm/m/it/10 x \OMS/cmsy/m/n/10 2
 []


Overfull \hbox (18.53476pt too wide) in paragraph at lines 112--123
\OML/cmm/m/it/10 E[] \OMS/cmsy/m/n/10 [
 []


Overfull \hbox (15.00005pt too wide) in paragraph at lines 112--123
\OML/cmm/m/it/10 ::: \OMS/cmsy/m/n/10 [
 []


Overfull \hbox (21.83165pt too wide) in paragraph at lines 112--123
\OML/cmm/m/it/10 E[]$
 []


Overfull \hbox (15.15967pt too wide) in paragraph at lines 112--123
\OML/cmm/m/it/10 x \OMS/cmsy/m/n/10 62
 []


Overfull \hbox (10.64412pt too wide) in paragraph at lines 112--123
\OML/cmm/m/it/10 F[]$
 []


Overfull \hbox (16.42653pt too wide) in paragraph at lines 112--123
\OML/cmm/m/it/10 F[] \OMS/cmsy/m/n/10 \
 []


Overfull \hbox (21.19963pt too wide) in paragraph at lines 112--123
\OML/cmm/m/it/10 F[] \OT1/cmr/m/n/10 =
 []


Overfull \hbox (5.00002pt too wide) in paragraph at lines 112--123
\OMS/cmsy/m/n/10 ;$
 []


Overfull \hbox (37.44229pt too wide) in paragraph at lines 112--123
\OMS/cmsy/m/n/10 f\OML/cmm/m/it/10 F[]\OMS/cmsy/m/n/10 g[]$
 []

Missing character: There is no C in font nullfont!
Missing character: There is no l in font nullfont!
Missing character: There is no e in font nullfont!
Missing character: There is no a in font nullfont!
Missing character: There is no r in font nullfont!
Missing character: There is no l in font nullfont!
Missing character: There is no y in font nullfont!
Missing character: There is no . in font nullfont!
Missing character: There is no C in font nullfont!
Missing character: There is no o in font nullfont!
Missing character: There is no n in font nullfont!
Missing character: There is no v in font nullfont!
Missing character: There is no e in font nullfont!
Missing character: There is no r in font nullfont!
Missing character: There is no s in font nullfont!
Missing character: There is no e in font nullfont!
Missing character: There is no l in font nullfont!
Missing character: There is no y in font nullfont!
Missing character: There is no , in font nullfont!
Missing character: There is no l in font nullfont!
Missing character: There is no e in font nullfont!
Missing character: There is no t in font nullfont!
Missing character: There is no . in font nullfont!
Missing character: There is no F in font nullfont!
Missing character: There is no i in font nullfont!
Missing character: There is no n in font nullfont!
Missing character: There is no d in font nullfont!
Missing character: There is no t in font nullfont!
Missing character: There is no h in font nullfont!
Missing character: There is no e in font nullfont!
Missing character: There is no s in font nullfont!
Missing character: There is no m in font nullfont!
Missing character: There is no a in font nullfont!
Missing character: There is no l in font nullfont!
Missing character: There is no l in font nullfont!
Missing character: There is no e in font nullfont!
Missing character: There is no s in font nullfont!
Missing character: There is no t in font nullfont!
Missing character: There is no n in font nullfont!
Missing character: There is no a in font nullfont!
Missing character: There is no t in font nullfont!
Missing character: There is no u in font nullfont!
Missing character: There is no r in font nullfont!
Missing character: There is no a in font nullfont!
Missing character: There is no l in font nullfont!
Missing character: There is no n in font nullfont!
Missing character: There is no u in font nullfont!
Missing character: There is no m in font nullfont!
Missing character: There is no b in font nullfont!
Missing character: There is no e in font nullfont!
Missing character: There is no r in font nullfont!
Missing character: There is no s in font nullfont!
Missing character: There is no u in font nullfont!
Missing character: There is no c in font nullfont!
Missing character: There is no h in font nullfont!
Missing character: There is no t in font nullfont!
Missing character: There is no h in font nullfont!
Missing character: There is no a in font nullfont!
Missing character: There is no t in font nullfont!
Missing character: There is no . in font nullfont!
Missing character: There is no T in font nullfont!
Missing character: There is no h in font nullfont!
Missing character: There is no e in font nullfont!
Missing character: There is no n in font nullfont!
Missing character: There is no f in font nullfont!
Missing character: There is no o in font nullfont!
Missing character: There is no r in font nullfont!
Missing character: There is no . in font nullfont!
Missing character: There is no H in font nullfont!
Missing character: There is no e in font nullfont!
Missing character: There is no n in font nullfont!
Missing character: There is no c in font nullfont!
Missing character: There is no e in font nullfont!
Missing character: There is no . in font nullfont!

Overfull \hbox (20.0pt too wide) in paragraph at lines 124--125
[]
 []


Overfull \hbox (47.99776pt too wide) in paragraph at lines 124--125
[][] \OML/cmm/m/it/10 F[] \OMS/cmsy/m/n/10 ^^Z
 []


Overfull \hbox (38.39363pt too wide) in paragraph at lines 124--125
[][] \OML/cmm/m/it/10 E[]$
 []


Overfull \hbox (15.15967pt too wide) in paragraph at lines 124--125
\OML/cmm/m/it/10 x \OMS/cmsy/m/n/10 2
 []


Overfull \hbox (38.39363pt too wide) in paragraph at lines 124--125
[][] \OML/cmm/m/it/10 E[]$
 []


Overfull \hbox (4.69049pt too wide) in paragraph at lines 124--125
\OML/cmm/m/it/10 j$
 []


Overfull \hbox (15.15967pt too wide) in paragraph at lines 124--125
\OML/cmm/m/it/10 x \OMS/cmsy/m/n/10 2
 []


Overfull \hbox (11.5955pt too wide) in paragraph at lines 124--125
\OML/cmm/m/it/10 E[]$
 []


Overfull \hbox (15.15967pt too wide) in paragraph at lines 124--125
\OML/cmm/m/it/10 x \OMS/cmsy/m/n/10 62
 []


Overfull \hbox (10.71123pt too wide) in paragraph at lines 124--125
\OML/cmm/m/it/10 E[]$
 []


Overfull \hbox (14.00064pt too wide) in paragraph at lines 124--125
\OML/cmm/m/it/10 i <
 []


Overfull \hbox (4.69049pt too wide) in paragraph at lines 124--125
\OML/cmm/m/it/10 j$
 []


Overfull \hbox (15.15967pt too wide) in paragraph at lines 124--125
\OML/cmm/m/it/10 x \OMS/cmsy/m/n/10 2
 []


Overfull \hbox (16.59552pt too wide) in paragraph at lines 124--125
\OML/cmm/m/it/10 E[] \OMS/cmsy/m/n/10 n
 []


Overfull \hbox (22.42366pt too wide) in paragraph at lines 124--125
\OT1/cmr/m/n/10 (\OML/cmm/m/it/10 E[] \OMS/cmsy/m/n/10 [
 []


Overfull \hbox (15.00005pt too wide) in paragraph at lines 124--125
\OML/cmm/m/it/10 ::: \OMS/cmsy/m/n/10 [
 []


Overfull \hbox (36.27606pt too wide) in paragraph at lines 124--125
\OML/cmm/m/it/10 E[]\OT1/cmr/m/n/10 ) =
 []


Overfull \hbox (21.19963pt too wide) in paragraph at lines 124--125
\OML/cmm/m/it/10 F[] \OMS/cmsy/m/n/10 ^^Z
 []


Overfull \hbox (37.44225pt too wide) in paragraph at lines 124--125
[][] \OML/cmm/m/it/10 F[]$ 
 []

Missing character: There is no S in font nullfont!
Missing character: There is no i in font nullfont!
Missing character: There is no n in font nullfont!
Missing character: There is no c in font nullfont!
Missing character: There is no e in font nullfont!
/Users/gcrescenzo/Documents/School/LaTeX Documents/latex-class-notes/Fall 2025/550 Measure Theory/Notes/measures.tex:126: Undefined control sequence.
<recently read> \cA 
                    
l.126             Since $\cA
                            $ is closed under countable disjoint unions, we ...
The control sequence at the end of the top line
of your error message was never \def'ed. If you have
misspelled it (e.g., `\hobx'), type `I' and the correct
spelling (e.g., `I\hbox'). Otherwise just continue,
and I'll forget about whatever was undefined.

Missing character: There is no i in font nullfont!
Missing character: There is no s in font nullfont!
Missing character: There is no c in font nullfont!
Missing character: There is no l in font nullfont!
Missing character: There is no o in font nullfont!
Missing character: There is no s in font nullfont!
Missing character: There is no e in font nullfont!
Missing character: There is no d in font nullfont!
Missing character: There is no u in font nullfont!
Missing character: There is no n in font nullfont!
Missing character: There is no d in font nullfont!
Missing character: There is no e in font nullfont!
Missing character: There is no r in font nullfont!
Missing character: There is no c in font nullfont!
Missing character: There is no o in font nullfont!
Missing character: There is no u in font nullfont!
Missing character: There is no n in font nullfont!
Missing character: There is no t in font nullfont!
Missing character: There is no a in font nullfont!
Missing character: There is no b in font nullfont!
Missing character: There is no l in font nullfont!
Missing character: There is no e in font nullfont!
Missing character: There is no d in font nullfont!
Missing character: There is no i in font nullfont!
Missing character: There is no s in font nullfont!
Missing character: There is no j in font nullfont!
Missing character: There is no o in font nullfont!
Missing character: There is no i in font nullfont!
Missing character: There is no n in font nullfont!
Missing character: There is no t in font nullfont!
Missing character: There is no u in font nullfont!
Missing character: There is no n in font nullfont!
Missing character: There is no i in font nullfont!
Missing character: There is no o in font nullfont!
Missing character: There is no n in font nullfont!
Missing character: There is no s in font nullfont!
Missing character: There is no , in font nullfont!
Missing character: There is no w in font nullfont!
Missing character: There is no e in font nullfont!
Missing character: There is no h in font nullfont!
Missing character: There is no a in font nullfont!
Missing character: There is no v in font nullfont!
Missing character: There is no e in font nullfont!
/Users/gcrescenzo/Documents/School/LaTeX Documents/latex-class-notes/Fall 2025/550 Measure Theory/Notes/measures.tex:126: Undefined control sequence.
l.126 ... E_n = \bigcup_{n = 1}^\infty F_n \in \cA
                                                  $. Since $\{E_n\}_{n = 1}^...
The control sequence at the end of the top line
of your error message was never \def'ed. If you have
misspelled it (e.g., `\hobx'), type `I' and the correct
spelling (e.g., `I\hbox'). Otherwise just continue,
and I'll forget about whatever was undefined.

Missing character: There is no . in font nullfont!
Missing character: There is no S in font nullfont!
Missing character: There is no i in font nullfont!
Missing character: There is no n in font nullfont!
Missing character: There is no c in font nullfont!
Missing character: There is no e in font nullfont!
Missing character: There is no w in font nullfont!
Missing character: There is no a in font nullfont!
Missing character: There is no s in font nullfont!
Missing character: There is no a in font nullfont!
Missing character: There is no n in font nullfont!
Missing character: There is no a in font nullfont!
Missing character: There is no r in font nullfont!
Missing character: There is no b in font nullfont!
Missing character: There is no i in font nullfont!
Missing character: There is no t in font nullfont!
Missing character: There is no r in font nullfont!
Missing character: There is no a in font nullfont!
Missing character: There is no r in font nullfont!
Missing character: There is no y in font nullfont!
Missing character: There is no f in font nullfont!
Missing character: There is no a in font nullfont!
Missing character: There is no m in font nullfont!
Missing character: There is no i in font nullfont!
Missing character: There is no l in font nullfont!
Missing character: There is no y in font nullfont!
Missing character: There is no o in font nullfont!
Missing character: There is no f in font nullfont!
Missing character: There is no s in font nullfont!
Missing character: There is no e in font nullfont!
Missing character: There is no t in font nullfont!
Missing character: There is no s in font nullfont!
Missing character: There is no , in font nullfont!
Missing character: There is no t in font nullfont!
Missing character: There is no h in font nullfont!
Missing character: There is no i in font nullfont!
Missing character: There is no s in font nullfont!
Missing character: There is no m in font nullfont!
Missing character: There is no e in font nullfont!
Missing character: There is no a in font nullfont!
Missing character: There is no n in font nullfont!
Missing character: There is no s in font nullfont!
/Users/gcrescenzo/Documents/School/LaTeX Documents/latex-class-notes/Fall 2025/550 Measure Theory/Notes/measures.tex:126: Undefined control sequence.
<recently read> \cA 
                    
l.126 ...arbitrary family of sets, this means $\cA
                                                  $ is a $\sigma$-algebra.
The control sequence at the end of the top line
of your error message was never \def'ed. If you have
misspelled it (e.g., `\hobx'), type `I' and the correct
spelling (e.g., `I\hbox'). Otherwise just continue,
and I'll forget about whatever was undefined.

Missing character: There is no i in font nullfont!
Missing character: There is no s in font nullfont!
Missing character: There is no a in font nullfont!
Missing character: There is no - in font nullfont!
Missing character: There is no a in font nullfont!
Missing character: There is no l in font nullfont!
Missing character: There is no g in font nullfont!
Missing character: There is no e in font nullfont!
Missing character: There is no b in font nullfont!
Missing character: There is no r in font nullfont!
Missing character: There is no a in font nullfont!
Missing character: There is no . in font nullfont!

/Users/gcrescenzo/Documents/School/LaTeX Documents/latex-class-notes/Fall 2025/550 Measure Theory/Notes/measures.tex:127: LaTeX Error: \begin{document} ended by \end{proof}.

See the LaTeX manual or LaTeX Companion for explanation.
Type  H <return>  for immediate help.
 ...                                              
                                                  
l.127         \end{proof}
                         
Your command was ignored.
Type  I <command> <return>  to replace it with another command,
or  <return>  to continue without it.


Overfull \hbox (20.0pt too wide) in paragraph at lines 126--128
[]
 []


Overfull \hbox (48.94914pt too wide) in paragraph at lines 126--128
[][] \OML/cmm/m/it/10 E[] \OT1/cmr/m/n/10 =
 []


Overfull \hbox (46.88664pt too wide) in paragraph at lines 126--128
[][] \OML/cmm/m/it/10 F[] \OMS/cmsy/m/n/10 2$
 []


Overfull \hbox (38.39368pt too wide) in paragraph at lines 126--128
\OMS/cmsy/m/n/10 f\OML/cmm/m/it/10 E[]\OMS/cmsy/m/n/10 g[]$
 []


Overfull \hbox (6.0729pt too wide) in paragraph at lines 126--128
\OML/cmm/m/it/10 ^^[$
 []


/Users/gcrescenzo/Documents/School/LaTeX Documents/latex-class-notes/Fall 2025/550 Measure Theory/Notes/measures.tex:129: LaTeX Error: Environment proposition undefined.

See the LaTeX manual or LaTeX Companion for explanation.
Type  H <return>  for immediate help.
 ...                                              
                                                  
l.129     \begin{proposition}
                             
Your command was ignored.
Type  I <command> <return>  to replace it with another command,
or  <return>  to continue without it.

Missing character: There is no I in font nullfont!
Missing character: There is no f in font nullfont!
/Users/gcrescenzo/Documents/School/LaTeX Documents/latex-class-notes/Fall 2025/550 Measure Theory/Notes/measures.tex:130: Undefined control sequence.
l.130         If $\{\cE
                       _i\}_{i \in I}$ is a family of $\sigma$-algebras, the...
The control sequence at the end of the top line
of your error message was never \def'ed. If you have
misspelled it (e.g., `\hobx'), type `I' and the correct
spelling (e.g., `I\hbox'). Otherwise just continue,
and I'll forget about whatever was undefined.

Missing character: There is no i in font nullfont!
Missing character: There is no s in font nullfont!
Missing character: There is no a in font nullfont!
Missing character: There is no f in font nullfont!
Missing character: There is no a in font nullfont!
Missing character: There is no m in font nullfont!
Missing character: There is no i in font nullfont!
Missing character: There is no l in font nullfont!
Missing character: There is no y in font nullfont!
Missing character: There is no o in font nullfont!
Missing character: There is no f in font nullfont!
Missing character: There is no - in font nullfont!
Missing character: There is no a in font nullfont!
Missing character: There is no l in font nullfont!
Missing character: There is no g in font nullfont!
Missing character: There is no e in font nullfont!
Missing character: There is no b in font nullfont!
Missing character: There is no r in font nullfont!
Missing character: There is no a in font nullfont!
Missing character: There is no s in font nullfont!
Missing character: There is no , in font nullfont!
Missing character: There is no t in font nullfont!
Missing character: There is no h in font nullfont!
Missing character: There is no e in font nullfont!
Missing character: There is no n in font nullfont!
/Users/gcrescenzo/Documents/School/LaTeX Documents/latex-class-notes/Fall 2025/550 Measure Theory/Notes/measures.tex:130: Undefined control sequence.
l.130 ...gma$-algebras, then $\bigcap_{i \in I}\cE
                                                  _i$ is a $\sigma$-algebra.
The control sequence at the end of the top line
of your error message was never \def'ed. If you have
misspelled it (e.g., `\hobx'), type `I' and the correct
spelling (e.g., `I\hbox'). Otherwise just continue,
and I'll forget about whatever was undefined.

/Users/gcrescenzo/Documents/School/LaTeX Documents/latex-class-notes/Fall 2025/550 Measure Theory/Notes/measures.tex:130: Double subscript.
l.130 ...ma$-algebras, then $\bigcap_{i \in I}\cE_
                                                  i$ is a $\sigma$-algebra.
I treat `x_1_2' essentially like `x_1{}_2'.

Missing character: There is no i in font nullfont!
Missing character: There is no s in font nullfont!
Missing character: There is no a in font nullfont!
Missing character: There is no - in font nullfont!
Missing character: There is no a in font nullfont!
Missing character: There is no l in font nullfont!
Missing character: There is no g in font nullfont!
Missing character: There is no e in font nullfont!
Missing character: There is no b in font nullfont!
Missing character: There is no r in font nullfont!
Missing character: There is no a in font nullfont!
Missing character: There is no . in font nullfont!

/Users/gcrescenzo/Documents/School/LaTeX Documents/latex-class-notes/Fall 2025/550 Measure Theory/Notes/measures.tex:131: LaTeX Error: \begin{document} ended by \end{proposition}.

See the LaTeX manual or LaTeX Companion for explanation.
Type  H <return>  for immediate help.
 ...                                              
                                                  
l.131     \end{proposition}
                           
Your command was ignored.
Type  I <command> <return>  to replace it with another command,
or  <return>  to continue without it.


/Users/gcrescenzo/Documents/School/LaTeX Documents/latex-class-notes/Fall 2025/550 Measure Theory/Notes/measures.tex:132: LaTeX Error: Environment proof undefined.

See the LaTeX manual or LaTeX Companion for explanation.
Type  H <return>  for immediate help.
 ...                                              
                                                  
l.132         \begin{proof}
                           
Your command was ignored.
Type  I <command> <return>  to replace it with another command,
or  <return>  to continue without it.

Missing character: There is no L in font nullfont!
Missing character: There is no e in font nullfont!
Missing character: There is no t in font nullfont!
Missing character: There is no b in font nullfont!
Missing character: There is no e in font nullfont!
Missing character: There is no a in font nullfont!
Missing character: There is no f in font nullfont!
Missing character: There is no a in font nullfont!
Missing character: There is no m in font nullfont!
Missing character: There is no i in font nullfont!
Missing character: There is no l in font nullfont!
Missing character: There is no y in font nullfont!
Missing character: There is no o in font nullfont!
Missing character: There is no f in font nullfont!
Missing character: There is no s in font nullfont!
Missing character: There is no e in font nullfont!
Missing character: There is no t in font nullfont!
Missing character: There is no s in font nullfont!
Missing character: There is no c in font nullfont!
Missing character: There is no o in font nullfont!
Missing character: There is no n in font nullfont!
Missing character: There is no t in font nullfont!
Missing character: There is no a in font nullfont!
Missing character: There is no i in font nullfont!
Missing character: There is no n in font nullfont!
Missing character: There is no e in font nullfont!
Missing character: There is no d in font nullfont!
Missing character: There is no i in font nullfont!
Missing character: There is no n in font nullfont!
/Users/gcrescenzo/Documents/School/LaTeX Documents/latex-class-notes/Fall 2025/550 Measure Theory/Notes/measures.tex:133: Undefined control sequence.
l.133 ...f sets contained in $\bigcap_{i \in I}\cE
                                                  _i$. Then each $\{E_n\}_{n...
The control sequence at the end of the top line
of your error message was never \def'ed. If you have
misspelled it (e.g., `\hobx'), type `I' and the correct
spelling (e.g., `I\hbox'). Otherwise just continue,
and I'll forget about whatever was undefined.

/Users/gcrescenzo/Documents/School/LaTeX Documents/latex-class-notes/Fall 2025/550 Measure Theory/Notes/measures.tex:133: Double subscript.
l.133 ... sets contained in $\bigcap_{i \in I}\cE_
                                                  i$. Then each $\{E_n\}_{n ...
I treat `x_1_2' essentially like `x_1{}_2'.

Missing character: There is no . in font nullfont!
Missing character: There is no T in font nullfont!
Missing character: There is no h in font nullfont!
Missing character: There is no e in font nullfont!
Missing character: There is no n in font nullfont!
Missing character: There is no e in font nullfont!
Missing character: There is no a in font nullfont!
Missing character: There is no c in font nullfont!
Missing character: There is no h in font nullfont!
Missing character: There is no i in font nullfont!
Missing character: There is no s in font nullfont!
Missing character: There is no c in font nullfont!
Missing character: There is no o in font nullfont!
Missing character: There is no n in font nullfont!
Missing character: There is no t in font nullfont!
Missing character: There is no a in font nullfont!
Missing character: There is no i in font nullfont!
Missing character: There is no n in font nullfont!
Missing character: There is no e in font nullfont!
Missing character: There is no d in font nullfont!
Missing character: There is no i in font nullfont!
Missing character: There is no n in font nullfont!
/Users/gcrescenzo/Documents/School/LaTeX Documents/latex-class-notes/Fall 2025/550 Measure Theory/Notes/measures.tex:133: Undefined control sequence.
<recently read> \cE 
                    
l.133 ..._n\}_{n = 1}^\infty$ is contained in $\cE
                                                  _i$. Since $\cE_i$ is a $\...
The control sequence at the end of the top line
of your error message was never \def'ed. If you have
misspelled it (e.g., `\hobx'), type `I' and the correct
spelling (e.g., `I\hbox'). Otherwise just continue,
and I'll forget about whatever was undefined.

Missing character: There is no . in font nullfont!
Missing character: There is no S in font nullfont!
Missing character: There is no i in font nullfont!
Missing character: There is no n in font nullfont!
Missing character: There is no c in font nullfont!
Missing character: There is no e in font nullfont!
/Users/gcrescenzo/Documents/School/LaTeX Documents/latex-class-notes/Fall 2025/550 Measure Theory/Notes/measures.tex:133: Undefined control sequence.
<recently read> \cE 
                    
l.133 ...nfty$ is contained in $\cE_i$. Since $\cE
                                                  _i$ is a $\sigma$-algebra ...
The control sequence at the end of the top line
of your error message was never \def'ed. If you have
misspelled it (e.g., `\hobx'), type `I' and the correct
spelling (e.g., `I\hbox'). Otherwise just continue,
and I'll forget about whatever was undefined.

Missing character: There is no i in font nullfont!
Missing character: There is no s in font nullfont!
Missing character: There is no a in font nullfont!
Missing character: There is no - in font nullfont!
Missing character: There is no a in font nullfont!
Missing character: There is no l in font nullfont!
Missing character: There is no g in font nullfont!
Missing character: There is no e in font nullfont!
Missing character: There is no b in font nullfont!
Missing character: There is no r in font nullfont!
Missing character: There is no a in font nullfont!
Missing character: There is no f in font nullfont!
Missing character: There is no o in font nullfont!
Missing character: There is no r in font nullfont!
Missing character: There is no e in font nullfont!
Missing character: There is no v in font nullfont!
Missing character: There is no e in font nullfont!
Missing character: There is no r in font nullfont!
Missing character: There is no y in font nullfont!
Missing character: There is no , in font nullfont!
Missing character: There is no w in font nullfont!
Missing character: There is no e in font nullfont!
Missing character: There is no h in font nullfont!
Missing character: There is no a in font nullfont!
Missing character: There is no v in font nullfont!
Missing character: There is no e in font nullfont!
/Users/gcrescenzo/Documents/School/LaTeX Documents/latex-class-notes/Fall 2025/550 Measure Theory/Notes/measures.tex:133: Undefined control sequence.
l.133 ... have $\bigcup_{n = 1}^\infty E_n \in \cE
                                                  _i$ for every $i \in I$, w...
The control sequence at the end of the top line
of your error message was never \def'ed. If you have
misspelled it (e.g., `\hobx'), type `I' and the correct
spelling (e.g., `I\hbox'). Otherwise just continue,
and I'll forget about whatever was undefined.

Missing character: There is no f in font nullfont!
Missing character: There is no o in font nullfont!
Missing character: There is no r in font nullfont!
Missing character: There is no e in font nullfont!
Missing character: There is no v in font nullfont!
Missing character: There is no e in font nullfont!
Missing character: There is no r in font nullfont!
Missing character: There is no y in font nullfont!
Missing character: There is no , in font nullfont!
Missing character: There is no w in font nullfont!
Missing character: There is no h in font nullfont!
Missing character: There is no i in font nullfont!
Missing character: There is no c in font nullfont!
Missing character: There is no h in font nullfont!
Missing character: There is no m in font nullfont!
Missing character: There is no e in font nullfont!
Missing character: There is no a in font nullfont!
Missing character: There is no n in font nullfont!
Missing character: There is no s in font nullfont!
/Users/gcrescenzo/Documents/School/LaTeX Documents/latex-class-notes/Fall 2025/550 Measure Theory/Notes/measures.tex:133: Undefined control sequence.
l.133 ... = 1}^\infty E_n \in \bigcap_{i \in I}\cE
                                                  _i$.
The control sequence at the end of the top line
of your error message was never \def'ed. If you have
misspelled it (e.g., `\hobx'), type `I' and the correct
spelling (e.g., `I\hbox'). Otherwise just continue,
and I'll forget about whatever was undefined.

/Users/gcrescenzo/Documents/School/LaTeX Documents/latex-class-notes/Fall 2025/550 Measure Theory/Notes/measures.tex:133: Double subscript.
l.133 ...= 1}^\infty E_n \in \bigcap_{i \in I}\cE_
                                                  i$.
I treat `x_1_2' essentially like `x_1{}_2'.

Missing character: There is no . in font nullfont!

Overfull \hbox (20.0pt too wide) in paragraph at lines 130--134
[]
 []


Overfull \hbox (26.13571pt too wide) in paragraph at lines 130--134
\OMS/cmsy/m/n/10 f[]g[]$
 []


Overfull \hbox (6.0729pt too wide) in paragraph at lines 130--134
\OML/cmm/m/it/10 ^^[$
 []


Overfull \hbox (26.13567pt too wide) in paragraph at lines 130--134
[][] []$
 []


Overfull \hbox (6.0729pt too wide) in paragraph at lines 130--134
\OML/cmm/m/it/10 ^^[$
 []


Overfull \hbox (38.39368pt too wide) in paragraph at lines 130--134
\OMS/cmsy/m/n/10 f\OML/cmm/m/it/10 E[]\OMS/cmsy/m/n/10 g[]$
 []


Overfull \hbox (26.13567pt too wide) in paragraph at lines 130--134
[][] []$
 []


Overfull \hbox (38.39368pt too wide) in paragraph at lines 130--134
\OMS/cmsy/m/n/10 f\OML/cmm/m/it/10 E[]\OMS/cmsy/m/n/10 g[]$
 []


Overfull \hbox (3.32928pt too wide) in paragraph at lines 130--134
[]$
 []


Overfull \hbox (3.32928pt too wide) in paragraph at lines 130--134
[]$
 []


Overfull \hbox (6.0729pt too wide) in paragraph at lines 130--134
\OML/cmm/m/it/10 ^^[$
 []


Overfull \hbox (12.88953pt too wide) in paragraph at lines 130--134
\OML/cmm/m/it/10 i \OMS/cmsy/m/n/10 2
 []


Overfull \hbox (5.18054pt too wide) in paragraph at lines 130--134
\OML/cmm/m/it/10 I$
 []


Overfull \hbox (51.16731pt too wide) in paragraph at lines 130--134
[][] \OML/cmm/m/it/10 E[] \OMS/cmsy/m/n/10 2[]$
 []


Overfull \hbox (12.88953pt too wide) in paragraph at lines 130--134
\OML/cmm/m/it/10 i \OMS/cmsy/m/n/10 2
 []


Overfull \hbox (5.18054pt too wide) in paragraph at lines 130--134
\OML/cmm/m/it/10 I$
 []


Overfull \hbox (47.83803pt too wide) in paragraph at lines 130--134
[][] \OML/cmm/m/it/10 E[] \OMS/cmsy/m/n/10 2
 []


Overfull \hbox (26.13567pt too wide) in paragraph at lines 130--134
[][] []$ 
 []

Missing character: There is no S in font nullfont!
Missing character: There is no i in font nullfont!
Missing character: There is no m in font nullfont!
Missing character: There is no i in font nullfont!
Missing character: There is no l in font nullfont!
Missing character: There is no a in font nullfont!
Missing character: There is no r in font nullfont!
Missing character: There is no l in font nullfont!
Missing character: There is no y in font nullfont!
Missing character: There is no , in font nullfont!
Missing character: There is no l in font nullfont!
Missing character: There is no e in font nullfont!
Missing character: There is no t in font nullfont!
/Users/gcrescenzo/Documents/School/LaTeX Documents/latex-class-notes/Fall 2025/550 Measure Theory/Notes/measures.tex:135: Undefined control sequence.
l.135 ...imilarly, let $F \in \bigcap_{i \in I}\cE
                                                  _i$. Then $F \in \cE_i$ fo...
The control sequence at the end of the top line
of your error message was never \def'ed. If you have
misspelled it (e.g., `\hobx'), type `I' and the correct
spelling (e.g., `I\hbox'). Otherwise just continue,
and I'll forget about whatever was undefined.

/Users/gcrescenzo/Documents/School/LaTeX Documents/latex-class-notes/Fall 2025/550 Measure Theory/Notes/measures.tex:135: Double subscript.
l.135 ...milarly, let $F \in \bigcap_{i \in I}\cE_
                                                  i$. Then $F \in \cE_i$ for...
I treat `x_1_2' essentially like `x_1{}_2'.

Missing character: There is no . in font nullfont!
Missing character: There is no T in font nullfont!
Missing character: There is no h in font nullfont!
Missing character: There is no e in font nullfont!
Missing character: There is no n in font nullfont!
/Users/gcrescenzo/Documents/School/LaTeX Documents/latex-class-notes/Fall 2025/550 Measure Theory/Notes/measures.tex:135: Undefined control sequence.
l.135 ... \bigcap_{i \in I}\cE_i$. Then $F \in \cE
                                                  _i$ for every $i \in I$. S...
The control sequence at the end of the top line
of your error message was never \def'ed. If you have
misspelled it (e.g., `\hobx'), type `I' and the correct
spelling (e.g., `I\hbox'). Otherwise just continue,
and I'll forget about whatever was undefined.

Missing character: There is no f in font nullfont!
Missing character: There is no o in font nullfont!
Missing character: There is no r in font nullfont!
Missing character: There is no e in font nullfont!
Missing character: There is no v in font nullfont!
Missing character: There is no e in font nullfont!
Missing character: There is no r in font nullfont!
Missing character: There is no y in font nullfont!
Missing character: There is no . in font nullfont!
Missing character: There is no S in font nullfont!
Missing character: There is no i in font nullfont!
Missing character: There is no n in font nullfont!
Missing character: There is no c in font nullfont!
Missing character: There is no e in font nullfont!
/Users/gcrescenzo/Documents/School/LaTeX Documents/latex-class-notes/Fall 2025/550 Measure Theory/Notes/measures.tex:135: Undefined control sequence.
<recently read> \cE 
                    
l.135 ...in \cE_i$ for every $i \in I$. Since $\cE
                                                  _i$ is a $\sigma$-algebra ...
The control sequence at the end of the top line
of your error message was never \def'ed. If you have
misspelled it (e.g., `\hobx'), type `I' and the correct
spelling (e.g., `I\hbox'). Otherwise just continue,
and I'll forget about whatever was undefined.

Missing character: There is no i in font nullfont!
Missing character: There is no s in font nullfont!
Missing character: There is no a in font nullfont!
Missing character: There is no - in font nullfont!
Missing character: There is no a in font nullfont!
Missing character: There is no l in font nullfont!
Missing character: There is no g in font nullfont!
Missing character: There is no e in font nullfont!
Missing character: There is no b in font nullfont!
Missing character: There is no r in font nullfont!
Missing character: There is no a in font nullfont!
Missing character: There is no f in font nullfont!
Missing character: There is no o in font nullfont!
Missing character: There is no r in font nullfont!
Missing character: There is no e in font nullfont!
Missing character: There is no v in font nullfont!
Missing character: There is no e in font nullfont!
Missing character: There is no r in font nullfont!
Missing character: There is no y in font nullfont!
Missing character: There is no , in font nullfont!
Missing character: There is no w in font nullfont!
Missing character: There is no e in font nullfont!
Missing character: There is no h in font nullfont!
Missing character: There is no a in font nullfont!
Missing character: There is no v in font nullfont!
Missing character: There is no e in font nullfont!
/Users/gcrescenzo/Documents/School/LaTeX Documents/latex-class-notes/Fall 2025/550 Measure Theory/Notes/measures.tex:135: Undefined control sequence.
l.135 ...for every $i \in I$, we have $F^c \in \cE
                                                  _i$ for every $i \in I$, w...
The control sequence at the end of the top line
of your error message was never \def'ed. If you have
misspelled it (e.g., `\hobx'), type `I' and the correct
spelling (e.g., `I\hbox'). Otherwise just continue,
and I'll forget about whatever was undefined.

Missing character: There is no f in font nullfont!
Missing character: There is no o in font nullfont!
Missing character: There is no r in font nullfont!
Missing character: There is no e in font nullfont!
Missing character: There is no v in font nullfont!
Missing character: There is no e in font nullfont!
Missing character: There is no r in font nullfont!
Missing character: There is no y in font nullfont!
Missing character: There is no , in font nullfont!
Missing character: There is no w in font nullfont!
Missing character: There is no h in font nullfont!
Missing character: There is no i in font nullfont!
Missing character: There is no c in font nullfont!
Missing character: There is no h in font nullfont!
Missing character: There is no m in font nullfont!
Missing character: There is no e in font nullfont!
Missing character: There is no a in font nullfont!
Missing character: There is no n in font nullfont!
Missing character: There is no s in font nullfont!
/Users/gcrescenzo/Documents/School/LaTeX Documents/latex-class-notes/Fall 2025/550 Measure Theory/Notes/measures.tex:135: Undefined control sequence.
l.135 ...which means $F^c \in \bigcap_{i \in I}\cE
                                                  _i$. Thus $\bigcap_{i \in ...
The control sequence at the end of the top line
of your error message was never \def'ed. If you have
misspelled it (e.g., `\hobx'), type `I' and the correct
spelling (e.g., `I\hbox'). Otherwise just continue,
and I'll forget about whatever was undefined.

/Users/gcrescenzo/Documents/School/LaTeX Documents/latex-class-notes/Fall 2025/550 Measure Theory/Notes/measures.tex:135: Double subscript.
l.135 ...hich means $F^c \in \bigcap_{i \in I}\cE_
                                                  i$. Thus $\bigcap_{i \in I...
I treat `x_1_2' essentially like `x_1{}_2'.

Missing character: There is no . in font nullfont!
Missing character: There is no T in font nullfont!
Missing character: There is no h in font nullfont!
Missing character: There is no u in font nullfont!
Missing character: There is no s in font nullfont!
/Users/gcrescenzo/Documents/School/LaTeX Documents/latex-class-notes/Fall 2025/550 Measure Theory/Notes/measures.tex:135: Undefined control sequence.
l.135 ... \in I}\cE_i$. Thus $\bigcap_{i \in I}\cE
                                                  _i$ is a $\sigma$-algebra.
The control sequence at the end of the top line
of your error message was never \def'ed. If you have
misspelled it (e.g., `\hobx'), type `I' and the correct
spelling (e.g., `I\hbox'). Otherwise just continue,
and I'll forget about whatever was undefined.

/Users/gcrescenzo/Documents/School/LaTeX Documents/latex-class-notes/Fall 2025/550 Measure Theory/Notes/measures.tex:135: Double subscript.
l.135 ...\in I}\cE_i$. Thus $\bigcap_{i \in I}\cE_
                                                  i$ is a $\sigma$-algebra.
I treat `x_1_2' essentially like `x_1{}_2'.

Missing character: There is no i in font nullfont!
Missing character: There is no s in font nullfont!
Missing character: There is no a in font nullfont!
Missing character: There is no - in font nullfont!
Missing character: There is no a in font nullfont!
Missing character: There is no l in font nullfont!
Missing character: There is no g in font nullfont!
Missing character: There is no e in font nullfont!
Missing character: There is no b in font nullfont!
Missing character: There is no r in font nullfont!
Missing character: There is no a in font nullfont!
Missing character: There is no . in font nullfont!

/Users/gcrescenzo/Documents/School/LaTeX Documents/latex-class-notes/Fall 2025/550 Measure Theory/Notes/measures.tex:136: LaTeX Error: \begin{document} ended by \end{proof}.

See the LaTeX manual or LaTeX Companion for explanation.
Type  H <return>  for immediate help.
 ...                                              
                                                  
l.136         \end{proof}
                         
Your command was ignored.
Type  I <command> <return>  to replace it with another command,
or  <return>  to continue without it.


Overfull \hbox (20.0pt too wide) in paragraph at lines 135--137
[]
 []


Overfull \hbox (17.26385pt too wide) in paragraph at lines 135--137
\OML/cmm/m/it/10 F \OMS/cmsy/m/n/10 2
 []


Overfull \hbox (26.13567pt too wide) in paragraph at lines 135--137
[][] []$
 []


Overfull \hbox (20.59314pt too wide) in paragraph at lines 135--137
\OML/cmm/m/it/10 F \OMS/cmsy/m/n/10 2[]$
 []


Overfull \hbox (12.88953pt too wide) in paragraph at lines 135--137
\OML/cmm/m/it/10 i \OMS/cmsy/m/n/10 2
 []


Overfull \hbox (5.18054pt too wide) in paragraph at lines 135--137
\OML/cmm/m/it/10 I$
 []


Overfull \hbox (3.32928pt too wide) in paragraph at lines 135--137
[]$
 []


Overfull \hbox (6.0729pt too wide) in paragraph at lines 135--137
\OML/cmm/m/it/10 ^^[$
 []


Overfull \hbox (12.88953pt too wide) in paragraph at lines 135--137
\OML/cmm/m/it/10 i \OMS/cmsy/m/n/10 2
 []


Overfull \hbox (5.18054pt too wide) in paragraph at lines 135--137
\OML/cmm/m/it/10 I$
 []


Overfull \hbox (24.66689pt too wide) in paragraph at lines 135--137
\OML/cmm/m/it/10 F[] \OMS/cmsy/m/n/10 2[]$
 []


Overfull \hbox (12.88953pt too wide) in paragraph at lines 135--137
\OML/cmm/m/it/10 i \OMS/cmsy/m/n/10 2
 []


Overfull \hbox (5.18054pt too wide) in paragraph at lines 135--137
\OML/cmm/m/it/10 I$
 []


Overfull \hbox (21.3376pt too wide) in paragraph at lines 135--137
\OML/cmm/m/it/10 F[] \OMS/cmsy/m/n/10 2
 []


Overfull \hbox (26.13567pt too wide) in paragraph at lines 135--137
[][] []$
 []


Overfull \hbox (26.13567pt too wide) in paragraph at lines 135--137
[][] []$
 []


Overfull \hbox (6.0729pt too wide) in paragraph at lines 135--137
\OML/cmm/m/it/10 ^^[$
 []


/Users/gcrescenzo/Documents/School/LaTeX Documents/latex-class-notes/Fall 2025/550 Measure Theory/Notes/measures.tex:138: LaTeX Error: Environment definition undefined.

See the LaTeX manual or LaTeX Companion for explanation.
Type  H <return>  for immediate help.
 ...                                              
                                                  
l.138     \begin{definition}
                            
Your command was ignored.
Type  I <command> <return>  to replace it with another command,
or  <return>  to continue without it.

Missing character: There is no L in font nullfont!
Missing character: There is no e in font nullfont!
Missing character: There is no t in font nullfont!
Missing character: There is no b in font nullfont!
Missing character: There is no e in font nullfont!
Missing character: There is no a in font nullfont!
Missing character: There is no s in font nullfont!
Missing character: There is no e in font nullfont!
Missing character: There is no t in font nullfont!
Missing character: There is no a in font nullfont!
Missing character: There is no n in font nullfont!
Missing character: There is no d in font nullfont!
/Users/gcrescenzo/Documents/School/LaTeX Documents/latex-class-notes/Fall 2025/550 Measure Theory/Notes/measures.tex:139: Undefined control sequence.
<recently read> \cE 
                    
l.139         Let $X$ be a set and $\cE
                                        \subset \cP(X)$. The \textit{$\sigma...
The control sequence at the end of the top line
of your error message was never \def'ed. If you have
misspelled it (e.g., `\hobx'), type `I' and the correct
spelling (e.g., `I\hbox'). Otherwise just continue,
and I'll forget about whatever was undefined.

/Users/gcrescenzo/Documents/School/LaTeX Documents/latex-class-notes/Fall 2025/550 Measure Theory/Notes/measures.tex:139: Undefined control sequence.
l.139 ...    Let $X$ be a set and $\cE \subset \cP
                                                  (X)$. The \textit{$\sigma$...
The control sequence at the end of the top line
of your error message was never \def'ed. If you have
misspelled it (e.g., `\hobx'), type `I' and the correct
spelling (e.g., `I\hbox'). Otherwise just continue,
and I'll forget about whatever was undefined.

Missing character: There is no . in font nullfont!
Missing character: There is no T in font nullfont!
Missing character: There is no h in font nullfont!
Missing character: There is no e in font nullfont!
/Users/gcrescenzo/Documents/School/LaTeX Documents/latex-class-notes/Fall 2025/550 Measure Theory/Notes/measures.tex:139: Undefined control sequence.
<recently read> \cE 
                    
l.139 ...xtit{$\sigma$-algebra generated by $\cE$}
                                                   is $\fM(\cE) := \bigcap \...
The control sequence at the end of the top line
of your error message was never \def'ed. If you have
misspelled it (e.g., `\hobx'), type `I' and the correct
spelling (e.g., `I\hbox'). Otherwise just continue,
and I'll forget about whatever was undefined.

Missing character: There is no i in font nullfont!
Missing character: There is no s in font nullfont!
/Users/gcrescenzo/Documents/School/LaTeX Documents/latex-class-notes/Fall 2025/550 Measure Theory/Notes/measures.tex:139: Undefined control sequence.
<recently read> \fM 
                    
l.139 ...igma$-algebra generated by $\cE$} is $\fM
                                                  (\cE) := \bigcap \{\cA \mi...
The control sequence at the end of the top line
of your error message was never \def'ed. If you have
misspelled it (e.g., `\hobx'), type `I' and the correct
spelling (e.g., `I\hbox'). Otherwise just continue,
and I'll forget about whatever was undefined.

/Users/gcrescenzo/Documents/School/LaTeX Documents/latex-class-notes/Fall 2025/550 Measure Theory/Notes/measures.tex:139: Undefined control sequence.
l.139 ...$-algebra generated by $\cE$} is $\fM(\cE
                                                  ) := \bigcap \{\cA \mid \c...
The control sequence at the end of the top line
of your error message was never \def'ed. If you have
misspelled it (e.g., `\hobx'), type `I' and the correct
spelling (e.g., `I\hbox'). Otherwise just continue,
and I'll forget about whatever was undefined.

/Users/gcrescenzo/Documents/School/LaTeX Documents/latex-class-notes/Fall 2025/550 Measure Theory/Notes/measures.tex:139: Undefined control sequence.
l.139 ...d by $\cE$} is $\fM(\cE) := \bigcap \{\cA
                                                   \mid \cE \subset \cA, \cA...
The control sequence at the end of the top line
of your error message was never \def'ed. If you have
misspelled it (e.g., `\hobx'), type `I' and the correct
spelling (e.g., `I\hbox'). Otherwise just continue,
and I'll forget about whatever was undefined.

/Users/gcrescenzo/Documents/School/LaTeX Documents/latex-class-notes/Fall 2025/550 Measure Theory/Notes/measures.tex:139: Undefined control sequence.
l.139 ...$} is $\fM(\cE) := \bigcap \{\cA \mid \cE
                                                   \subset \cA, \cA \h1\text...
The control sequence at the end of the top line
of your error message was never \def'ed. If you have
misspelled it (e.g., `\hobx'), type `I' and the correct
spelling (e.g., `I\hbox'). Otherwise just continue,
and I'll forget about whatever was undefined.

/Users/gcrescenzo/Documents/School/LaTeX Documents/latex-class-notes/Fall 2025/550 Measure Theory/Notes/measures.tex:139: Undefined control sequence.
l.139 ...cE) := \bigcap \{\cA \mid \cE \subset \cA
                                                  , \cA \h1\text{is a $\sigm...
The control sequence at the end of the top line
of your error message was never \def'ed. If you have
misspelled it (e.g., `\hobx'), type `I' and the correct
spelling (e.g., `I\hbox'). Otherwise just continue,
and I'll forget about whatever was undefined.

/Users/gcrescenzo/Documents/School/LaTeX Documents/latex-class-notes/Fall 2025/550 Measure Theory/Notes/measures.tex:139: Undefined control sequence.
l.139 ...= \bigcap \{\cA \mid \cE \subset \cA, \cA
                                                   \h1\text{is a $\sigma$-al...
The control sequence at the end of the top line
of your error message was never \def'ed. If you have
misspelled it (e.g., `\hobx'), type `I' and the correct
spelling (e.g., `I\hbox'). Otherwise just continue,
and I'll forget about whatever was undefined.

/Users/gcrescenzo/Documents/School/LaTeX Documents/latex-class-notes/Fall 2025/550 Measure Theory/Notes/measures.tex:139: Undefined control sequence.
l.139 ...bigcap \{\cA \mid \cE \subset \cA, \cA \h
                                                  1\text{is a $\sigma$-algeb...
The control sequence at the end of the top line
of your error message was never \def'ed. If you have
misspelled it (e.g., `\hobx'), type `I' and the correct
spelling (e.g., `I\hbox'). Otherwise just continue,
and I'll forget about whatever was undefined.

/Users/gcrescenzo/Documents/School/LaTeX Documents/latex-class-notes/Fall 2025/550 Measure Theory/Notes/measures.tex:139: Undefined control sequence.
l.139 ... \{\cA \mid \cE \subset \cA, \cA \h1\text
                                                  {is a $\sigma$-algebra}\h1...
The control sequence at the end of the top line
of your error message was never \def'ed. If you have
misspelled it (e.g., `\hobx'), type `I' and the correct
spelling (e.g., `I\hbox'). Otherwise just continue,
and I'll forget about whatever was undefined.

/Users/gcrescenzo/Documents/School/LaTeX Documents/latex-class-notes/Fall 2025/550 Measure Theory/Notes/measures.tex:139: Missing } inserted.
<inserted text> 
                }
l.139 ...\mid \cE \subset \cA, \cA \h1\text{is a $
                                                  \sigma$-algebra}\h1\}$.
I've inserted something that you may have forgotten.
(See the <inserted text> above.)
With luck, this will get me unwedged. But if you
really didn't forget anything, try typing `2' now; then
my insertion and my current dilemma will both disappear.

/Users/gcrescenzo/Documents/School/LaTeX Documents/latex-class-notes/Fall 2025/550 Measure Theory/Notes/measures.tex:139: Missing $ inserted.
<inserted text> 
                $
l.139 ...cE \subset \cA, \cA \h1\text{is a $\sigma
                                                  $-algebra}\h1\}$.
I've inserted a begin-math/end-math symbol since I think
you left one out. Proceed, with fingers crossed.

Missing character: There is no - in font nullfont!
Missing character: There is no a in font nullfont!
Missing character: There is no l in font nullfont!
Missing character: There is no g in font nullfont!
Missing character: There is no e in font nullfont!
Missing character: There is no b in font nullfont!
Missing character: There is no r in font nullfont!
Missing character: There is no a in font nullfont!
/Users/gcrescenzo/Documents/School/LaTeX Documents/latex-class-notes/Fall 2025/550 Measure Theory/Notes/measures.tex:139: Extra }, or forgotten \endgroup.
l.139 ... \cA, \cA \h1\text{is a $\sigma$-algebra}
                                                  \h1\}$.
I've deleted a group-closing symbol because it seems to be
spurious, as in `$x}$'. But perhaps the } is legitimate and
you forgot something else, as in `\hbox{$x}'. In such cases
the way to recover is to insert both the forgotten and the
deleted material, e.g., by typing `I$}'.

/Users/gcrescenzo/Documents/School/LaTeX Documents/latex-class-notes/Fall 2025/550 Measure Theory/Notes/measures.tex:139: Undefined control sequence.
l.139 ...cA, \cA \h1\text{is a $\sigma$-algebra}\h
                                                  1\}$.
The control sequence at the end of the top line
of your error message was never \def'ed. If you have
misspelled it (e.g., `\hobx'), type `I' and the correct
spelling (e.g., `I\hbox'). Otherwise just continue,
and I'll forget about whatever was undefined.

Missing character: There is no 1 in font nullfont!
LaTeX Font Info:    Trying to load font information for OMS+cmr on input line 139.
(/usr/local/texlive/2025/texmf-dist/tex/latex/base/omscmr.fd
File: omscmr.fd 2024/11/19 v2.5n Standard LaTeX font definitions
)
LaTeX Font Info:    Font shape `OMS/cmr/m/n' in size <10> not available
(Font)              Font shape `OMS/cmsy/m/n' tried instead on input line 139.


/Users/gcrescenzo/Documents/School/LaTeX Documents/latex-class-notes/Fall 2025/550 Measure Theory/Notes/measures.tex:140: LaTeX Error: \begin{document} ended by \end{definition}.

See the LaTeX manual or LaTeX Companion for explanation.
Type  H <return>  for immediate help.
 ...                                              
                                                  
l.140     \end{definition}
                          
Your command was ignored.
Type  I <command> <return>  to replace it with another command,
or  <return>  to continue without it.

/Users/gcrescenzo/Documents/School/LaTeX Documents/latex-class-notes/Fall 2025/550 Measure Theory/Notes/measures.tex:140: Missing $ inserted.
<inserted text> 
                $
l.140     \end{definition}
                          
I've inserted something that you may have forgotten.
(See the <inserted text> above.)
With luck, this will get me unwedged. But if you
really didn't forget anything, try typing `2' now; then
my insertion and my current dilemma will both disappear.


Overfull \hbox (20.0pt too wide) in paragraph at lines 139--141
[]
 []


Overfull \hbox (9.06943pt too wide) in paragraph at lines 139--141
\OML/cmm/m/it/10 X$
 []


Overfull \hbox (7.7778pt too wide) in paragraph at lines 139--141
\OMS/cmsy/m/n/10 ^^Z
 []


Overfull \hbox (16.84723pt too wide) in paragraph at lines 139--141
\OT1/cmr/m/n/10 (\OML/cmm/m/it/10 X\OT1/cmr/m/n/10 )$
 []


Overfull \hbox (9.65065pt too wide) in paragraph at lines 139--141
\OML/cmm/m/it/10 ^^[$\OT1/cmr/m/it/10 -
 []


Overfull \hbox (30.2831pt too wide) in paragraph at lines 139--141
\OT1/cmr/m/it/10 algebra
 []


Overfull \hbox (18.39986pt too wide) in paragraph at lines 139--141
\OT1/cmr/m/it/10 gen-
 []


Overfull \hbox (12.39433pt too wide) in paragraph at lines 139--141
\OT1/cmr/m/it/10 er-
 []


Overfull \hbox (17.6332pt too wide) in paragraph at lines 139--141
\OT1/cmr/m/it/10 ated
 []


Overfull \hbox (9.45547pt too wide) in paragraph at lines 139--141
\OT1/cmr/m/it/10 by
 []


Overfull \hbox (21.1111pt too wide) in paragraph at lines 139--141
\OT1/cmr/m/n/10 () :=
 []


Overfull \hbox (23.88896pt too wide) in paragraph at lines 139--141
[]\OMS/cmsy/m/n/10 fj^^Z
 []


Overfull \hbox (36.71365pt too wide) in paragraph at lines 139--141
\OML/cmm/m/it/10 ; \OT1/cmr/m/n/10 1[]$$\OML/cmm/m/it/10 ^^[$\OMS/cmsy/m/n/10 g$\OML/cmm/m/it/10 :$ 
 []

Missing character: There is no F in font nullfont!
Missing character: There is no o in font nullfont!
Missing character: There is no r in font nullfont!
Missing character: There is no a in font nullfont!
Missing character: There is no m in font nullfont!
Missing character: There is no e in font nullfont!
Missing character: There is no t in font nullfont!
Missing character: There is no r in font nullfont!
Missing character: There is no i in font nullfont!
Missing character: There is no c in font nullfont!
Missing character: There is no s in font nullfont!
Missing character: There is no p in font nullfont!
Missing character: There is no a in font nullfont!
Missing character: There is no c in font nullfont!
Missing character: There is no e in font nullfont!
Missing character: There is no , in font nullfont!
Missing character: There is no i in font nullfont!
Missing character: There is no t in font nullfont!
Missing character: There is no ' in font nullfont!
Missing character: There is no d in font nullfont!
Missing character: There is no b in font nullfont!
Missing character: There is no e in font nullfont!
Missing character: There is no n in font nullfont!
Missing character: There is no i in font nullfont!
Missing character: There is no c in font nullfont!
Missing character: There is no e in font nullfont!
Missing character: There is no i in font nullfont!
Missing character: There is no f in font nullfont!
Missing character: There is no w in font nullfont!
Missing character: There is no e in font nullfont!
Missing character: There is no c in font nullfont!
Missing character: There is no o in font nullfont!
Missing character: There is no u in font nullfont!
Missing character: There is no l in font nullfont!
Missing character: There is no d in font nullfont!
Missing character: There is no m in font nullfont!
Missing character: There is no e in font nullfont!
Missing character: There is no a in font nullfont!
Missing character: There is no s in font nullfont!
Missing character: There is no u in font nullfont!
Missing character: There is no r in font nullfont!
Missing character: There is no e in font nullfont!
Missing character: There is no a in font nullfont!
Missing character: There is no l in font nullfont!
Missing character: There is no l in font nullfont!
Missing character: There is no t in font nullfont!
Missing character: There is no h in font nullfont!
Missing character: There is no e in font nullfont!
Missing character: There is no o in font nullfont!
Missing character: There is no p in font nullfont!
Missing character: There is no e in font nullfont!
Missing character: There is no n in font nullfont!
Missing character: There is no s in font nullfont!
Missing character: There is no e in font nullfont!
Missing character: There is no t in font nullfont!
Missing character: There is no s in font nullfont!
Missing character: There is no . in font nullfont!

Overfull \hbox (20.0pt too wide) in paragraph at lines 142--143
[]
 []


Overfull \hbox (9.06943pt too wide) in paragraph at lines 142--143
\OML/cmm/m/it/10 X$
 []


/Users/gcrescenzo/Documents/School/LaTeX Documents/latex-class-notes/Fall 2025/550 Measure Theory/Notes/measures.tex:144: LaTeX Error: Environment definition undefined.

See the LaTeX manual or LaTeX Companion for explanation.
Type  H <return>  for immediate help.
 ...                                              
                                                  
l.144     \begin{definition}
                            
Your command was ignored.
Type  I <command> <return>  to replace it with another command,
or  <return>  to continue without it.

Missing character: There is no L in font nullfont!
Missing character: There is no e in font nullfont!
Missing character: There is no t in font nullfont!
Missing character: There is no b in font nullfont!
Missing character: There is no e in font nullfont!
Missing character: There is no a in font nullfont!
Missing character: There is no m in font nullfont!
Missing character: There is no e in font nullfont!
Missing character: There is no t in font nullfont!
Missing character: There is no r in font nullfont!
Missing character: There is no i in font nullfont!
Missing character: There is no c in font nullfont!
Missing character: There is no s in font nullfont!
Missing character: There is no p in font nullfont!
Missing character: There is no a in font nullfont!
Missing character: There is no c in font nullfont!
Missing character: There is no e in font nullfont!
Missing character: There is no a in font nullfont!
Missing character: There is no n in font nullfont!
Missing character: There is no d in font nullfont!
Missing character: There is no t in font nullfont!
Missing character: There is no h in font nullfont!
Missing character: There is no e in font nullfont!
Missing character: There is no s in font nullfont!
Missing character: There is no e in font nullfont!
Missing character: There is no t in font nullfont!
Missing character: There is no c in font nullfont!
Missing character: There is no o in font nullfont!
Missing character: There is no n in font nullfont!
Missing character: There is no t in font nullfont!
Missing character: There is no a in font nullfont!
Missing character: There is no i in font nullfont!
Missing character: There is no n in font nullfont!
Missing character: There is no i in font nullfont!
Missing character: There is no n in font nullfont!
Missing character: There is no g in font nullfont!
Missing character: There is no a in font nullfont!
Missing character: There is no l in font nullfont!
Missing character: There is no l in font nullfont!
Missing character: There is no o in font nullfont!
Missing character: There is no f in font nullfont!
Missing character: There is no i in font nullfont!
Missing character: There is no t in font nullfont!
Missing character: There is no s in font nullfont!
Missing character: There is no o in font nullfont!
Missing character: There is no p in font nullfont!
Missing character: There is no e in font nullfont!
Missing character: There is no n in font nullfont!
Missing character: There is no s in font nullfont!
Missing character: There is no e in font nullfont!
Missing character: There is no t in font nullfont!
Missing character: There is no s in font nullfont!
Missing character: There is no . in font nullfont!
Missing character: There is no T in font nullfont!
Missing character: There is no h in font nullfont!
Missing character: There is no e in font nullfont!
Missing character: There is no i in font nullfont!
Missing character: There is no s in font nullfont!
Missing character: There is no t in font nullfont!
Missing character: There is no h in font nullfont!
Missing character: There is no e in font nullfont!
Missing character: There is no s in font nullfont!
Missing character: There is no e in font nullfont!
Missing character: There is no t in font nullfont!
/Users/gcrescenzo/Documents/School/LaTeX Documents/latex-class-notes/Fall 2025/550 Measure Theory/Notes/measures.tex:145: Undefined control sequence.
<recently read> \cB 
                    
l.145 ... $\sigma$-algebra on $X$} is the set $\cB
                                                  _X := \fM(\tau_X)$. Member...
The control sequence at the end of the top line
of your error message was never \def'ed. If you have
misspelled it (e.g., `\hobx'), type `I' and the correct
spelling (e.g., `I\hbox'). Otherwise just continue,
and I'll forget about whatever was undefined.

/Users/gcrescenzo/Documents/School/LaTeX Documents/latex-class-notes/Fall 2025/550 Measure Theory/Notes/measures.tex:145: Undefined control sequence.
l.145 ...-algebra on $X$} is the set $\cB_X := \fM
                                                  (\tau_X)$. Members of $\cB...
The control sequence at the end of the top line
of your error message was never \def'ed. If you have
misspelled it (e.g., `\hobx'), type `I' and the correct
spelling (e.g., `I\hbox'). Otherwise just continue,
and I'll forget about whatever was undefined.

Missing character: There is no . in font nullfont!
Missing character: There is no M in font nullfont!
Missing character: There is no e in font nullfont!
Missing character: There is no m in font nullfont!
Missing character: There is no b in font nullfont!
Missing character: There is no e in font nullfont!
Missing character: There is no r in font nullfont!
Missing character: There is no s in font nullfont!
Missing character: There is no o in font nullfont!
Missing character: There is no f in font nullfont!
/Users/gcrescenzo/Documents/School/LaTeX Documents/latex-class-notes/Fall 2025/550 Measure Theory/Notes/measures.tex:145: Undefined control sequence.
<recently read> \cB 
                    
l.145 ...t $\cB_X := \fM(\tau_X)$. Members of $\cB
                                                  _X$ are called \textit{Bor...
The control sequence at the end of the top line
of your error message was never \def'ed. If you have
misspelled it (e.g., `\hobx'), type `I' and the correct
spelling (e.g., `I\hbox'). Otherwise just continue,
and I'll forget about whatever was undefined.

Missing character: There is no a in font nullfont!
Missing character: There is no r in font nullfont!
Missing character: There is no e in font nullfont!
Missing character: There is no c in font nullfont!
Missing character: There is no a in font nullfont!
Missing character: There is no l in font nullfont!
Missing character: There is no l in font nullfont!
Missing character: There is no e in font nullfont!
Missing character: There is no d in font nullfont!
Missing character: There is no . in font nullfont!

/Users/gcrescenzo/Documents/School/LaTeX Documents/latex-class-notes/Fall 2025/550 Measure Theory/Notes/measures.tex:146: LaTeX Error: \begin{document} ended by \end{definition}.

See the LaTeX manual or LaTeX Companion for explanation.
Type  H <return>  for immediate help.
 ...                                              
                                                  
l.146     \end{definition}
                          
Your command was ignored.
Type  I <command> <return>  to replace it with another command,
or  <return>  to continue without it.


Overfull \hbox (20.0pt too wide) in paragraph at lines 145--147
[]
 []


Overfull \hbox (9.06943pt too wide) in paragraph at lines 145--147
\OML/cmm/m/it/10 X$
 []


Overfull \hbox (11.97365pt too wide) in paragraph at lines 145--147
\OML/cmm/m/it/10 ^^\[]$
 []


Overfull \hbox (23.01094pt too wide) in paragraph at lines 145--147
\OT1/cmr/m/it/10 Borel
 []


Overfull \hbox (9.65065pt too wide) in paragraph at lines 145--147
\OML/cmm/m/it/10 ^^[$\OT1/cmr/m/it/10 -
 []


Overfull \hbox (30.2831pt too wide) in paragraph at lines 145--147
\OT1/cmr/m/it/10 algebra
 []


Overfull \hbox (10.73328pt too wide) in paragraph at lines 145--147
\OT1/cmr/m/it/10 on
 []


Overfull \hbox (9.06943pt too wide) in paragraph at lines 145--147
\OML/cmm/m/it/10 X$
 []


Overfull \hbox (20.93541pt too wide) in paragraph at lines 145--147
[] \OT1/cmr/m/n/10 :=
 []


Overfull \hbox (19.75145pt too wide) in paragraph at lines 145--147
\OT1/cmr/m/n/10 (\OML/cmm/m/it/10 ^^\[]\OT1/cmr/m/n/10 )$
 []


Overfull \hbox (7.60211pt too wide) in paragraph at lines 145--147
[]$
 []


Overfull \hbox (23.01094pt too wide) in paragraph at lines 145--147
\OT1/cmr/m/it/10 Borel
 []


Overfull \hbox (16.09988pt too wide) in paragraph at lines 145--147
\OT1/cmr/m/it/10 sets
 []

Missing character: There is no E in font nullfont!
Missing character: There is no x in font nullfont!
Missing character: There is no p in font nullfont!
Missing character: There is no o in font nullfont!
Missing character: There is no s in font nullfont!
Missing character: There is no i in font nullfont!
Missing character: There is no t in font nullfont!
Missing character: There is no i in font nullfont!
Missing character: There is no o in font nullfont!
Missing character: There is no n in font nullfont!
Missing character: There is no o in font nullfont!
Missing character: There is no n in font nullfont!
Missing character: There is no a in font nullfont!
Missing character: There is no p in font nullfont!
Missing character: There is no p in font nullfont!
Missing character: There is no r in font nullfont!
Missing character: There is no e in font nullfont!
Missing character: There is no c in font nullfont!
Missing character: There is no i in font nullfont!
Missing character: There is no a in font nullfont!
Missing character: There is no t in font nullfont!
Missing character: There is no i in font nullfont!
Missing character: There is no n in font nullfont!
Missing character: There is no g in font nullfont!
Missing character: There is no w in font nullfont!
Missing character: There is no h in font nullfont!
Missing character: There is no a in font nullfont!
Missing character: There is no t in font nullfont!
Missing character: There is no s in font nullfont!
Missing character: There is no i in font nullfont!
Missing character: There is no n in font nullfont!
Missing character: There is no s in font nullfont!
Missing character: There is no i in font nullfont!
Missing character: There is no d in font nullfont!
Missing character: There is no e in font nullfont!
Missing character: There is no t in font nullfont!
Missing character: There is no h in font nullfont!
Missing character: There is no e in font nullfont!
Missing character: There is no b in font nullfont!
Missing character: There is no o in font nullfont!
Missing character: There is no r in font nullfont!
Missing character: There is no e in font nullfont!
Missing character: There is no l in font nullfont!
Missing character: There is no s in font nullfont!
Missing character: There is no e in font nullfont!
Missing character: There is no t in font nullfont!
Missing character: There is no s in font nullfont!
Missing character: There is no . in font nullfont!
Missing character: There is no d in font nullfont!
Missing character: There is no e in font nullfont!
Missing character: There is no f in font nullfont!
Missing character: There is no i in font nullfont!
Missing character: There is no n in font nullfont!
Missing character: There is no e in font nullfont!
Missing character: There is no w in font nullfont!
Missing character: There is no a in font nullfont!
Missing character: There is no s in font nullfont!
Missing character: There is no F in font nullfont!
Missing character: There is no s in font nullfont!
Missing character: There is no i in font nullfont!
Missing character: There is no g in font nullfont!
Missing character: There is no m in font nullfont!
Missing character: There is no a in font nullfont!
Missing character: There is no a in font nullfont!
Missing character: There is no n in font nullfont!
Missing character: There is no d in font nullfont!
Missing character: There is no G in font nullfont!
Missing character: There is no d in font nullfont!
Missing character: There is no e in font nullfont!
Missing character: There is no l in font nullfont!
Missing character: There is no t in font nullfont!
Missing character: There is no a in font nullfont!
Missing character: There is no s in font nullfont!
Missing character: There is no e in font nullfont!
Missing character: There is no t in font nullfont!
Missing character: There is no s in font nullfont!
Missing character: There is no a in font nullfont!
Missing character: There is no r in font nullfont!
Missing character: There is no e in font nullfont!
Missing character: There is no . in font nullfont!
Missing character: There is no t in font nullfont!
Missing character: There is no a in font nullfont!
Missing character: There is no l in font nullfont!
Missing character: There is no k in font nullfont!
Missing character: There is no a in font nullfont!
Missing character: There is no b in font nullfont!
Missing character: There is no o in font nullfont!
Missing character: There is no u in font nullfont!
Missing character: There is no t in font nullfont!
Missing character: There is no w in font nullfont!
Missing character: There is no h in font nullfont!
Missing character: There is no y in font nullfont!
Missing character: There is no t in font nullfont!
Missing character: There is no h in font nullfont!
Missing character: There is no e in font nullfont!
Missing character: There is no y in font nullfont!
Missing character: There is no a in font nullfont!
Missing character: There is no r in font nullfont!
Missing character: There is no e in font nullfont!
Missing character: There is no i in font nullfont!
Missing character: There is no n in font nullfont!
Missing character: There is no i in font nullfont!
Missing character: There is no t in font nullfont!
Missing character: There is no a in font nullfont!
Missing character: There is no n in font nullfont!
Missing character: There is no d in font nullfont!
Missing character: There is no a in font nullfont!
Missing character: There is no l in font nullfont!
Missing character: There is no s in font nullfont!
Missing character: There is no o in font nullfont!
Missing character: There is no c in font nullfont!
Missing character: There is no o in font nullfont!
Missing character: There is no m in font nullfont!
Missing character: There is no b in font nullfont!
Missing character: There is no i in font nullfont!
Missing character: There is no n in font nullfont!
Missing character: There is no a in font nullfont!
Missing character: There is no t in font nullfont!
Missing character: There is no i in font nullfont!
Missing character: There is no o in font nullfont!
Missing character: There is no n in font nullfont!
Missing character: There is no s in font nullfont!
Missing character: There is no o in font nullfont!
Missing character: There is no f in font nullfont!
Missing character: There is no t in font nullfont!
Missing character: There is no h in font nullfont!
Missing character: There is no e in font nullfont!
Missing character: There is no m in font nullfont!

Overfull \hbox (20.0pt too wide) in paragraph at lines 148--149
[]
 []


/Users/gcrescenzo/Documents/School/LaTeX Documents/latex-class-notes/Fall 2025/550 Measure Theory/Notes/measures.tex:150: LaTeX Error: Environment proposition undefined.

See the LaTeX manual or LaTeX Companion for explanation.
Type  H <return>  for immediate help.
 ...                                              
                                                  
l.150     \begin{proposition}
                             
Your command was ignored.
Type  I <command> <return>  to replace it with another command,
or  <return>  to continue without it.

/Users/gcrescenzo/Documents/School/LaTeX Documents/latex-class-notes/Fall 2025/550 Measure Theory/Notes/measures.tex:151: Undefined control sequence.
<recently read> \cB 
                    
l.151     $\cB
              _\bfR$ is generated by each of the following:
The control sequence at the end of the top line
of your error message was never \def'ed. If you have
misspelled it (e.g., `\hobx'), type `I' and the correct
spelling (e.g., `I\hbox'). Otherwise just continue,
and I'll forget about whatever was undefined.

/Users/gcrescenzo/Documents/School/LaTeX Documents/latex-class-notes/Fall 2025/550 Measure Theory/Notes/measures.tex:151: Undefined control sequence.
l.151     $\cB_\bfR
                   $ is generated by each of the following:
The control sequence at the end of the top line
of your error message was never \def'ed. If you have
misspelled it (e.g., `\hobx'), type `I' and the correct
spelling (e.g., `I\hbox'). Otherwise just continue,
and I'll forget about whatever was undefined.

/Users/gcrescenzo/Documents/School/LaTeX Documents/latex-class-notes/Fall 2025/550 Measure Theory/Notes/measures.tex:151: Missing { inserted.
<to be read again> 
                   $
l.151     $\cB_\bfR$
                     is generated by each of the following:
A left brace was mandatory here, so I've put one in.
You might want to delete and/or insert some corrections
so that I will find a matching right brace soon.
(If you're confused by all this, try typing `I}' now.)

/Users/gcrescenzo/Documents/School/LaTeX Documents/latex-class-notes/Fall 2025/550 Measure Theory/Notes/measures.tex:151: Missing } inserted.
<inserted text> 
                }
l.151     $\cB_\bfR$
                     is generated by each of the following:
I've inserted something that you may have forgotten.
(See the <inserted text> above.)
With luck, this will get me unwedged. But if you
really didn't forget anything, try typing `2' now; then
my insertion and my current dilemma will both disappear.

Missing character: There is no i in font nullfont!
Missing character: There is no s in font nullfont!
Missing character: There is no g in font nullfont!
Missing character: There is no e in font nullfont!
Missing character: There is no n in font nullfont!
Missing character: There is no e in font nullfont!
Missing character: There is no r in font nullfont!
Missing character: There is no a in font nullfont!
Missing character: There is no t in font nullfont!
Missing character: There is no e in font nullfont!
Missing character: There is no d in font nullfont!
Missing character: There is no b in font nullfont!
Missing character: There is no y in font nullfont!
Missing character: There is no e in font nullfont!
Missing character: There is no a in font nullfont!
Missing character: There is no c in font nullfont!
Missing character: There is no h in font nullfont!
Missing character: There is no o in font nullfont!
Missing character: There is no f in font nullfont!
Missing character: There is no t in font nullfont!
Missing character: There is no h in font nullfont!
Missing character: There is no e in font nullfont!
Missing character: There is no f in font nullfont!
Missing character: There is no o in font nullfont!
Missing character: There is no l in font nullfont!
Missing character: There is no l in font nullfont!
Missing character: There is no o in font nullfont!
Missing character: There is no w in font nullfont!
Missing character: There is no i in font nullfont!
Missing character: There is no n in font nullfont!
Missing character: There is no g in font nullfont!
Missing character: There is no : in font nullfont!

Overfull \hbox (20.5pt too wide) in paragraph at lines 151--152
[]$[]$
 []

Missing character: There is no [ in font nullfont!
Missing character: There is no l in font nullfont!
Missing character: There is no a in font nullfont!
Missing character: There is no b in font nullfont!
Missing character: There is no e in font nullfont!
Missing character: There is no l in font nullfont!
Missing character: There is no = in font nullfont!
Missing character: There is no ( in font nullfont!
/Users/gcrescenzo/Documents/School/LaTeX Documents/latex-class-notes/Fall 2025/550 Measure Theory/Notes/measures.tex:152: Missing number, treated as zero.
<to be read again> 
                   \c@* 
l.152         \begin{enumerate}[label = (\arabic*
                                                 ),itemsep=1pt,topsep=3pt]
A number should have been here; I inserted `0'.
(If you can't figure out why I needed to see a number,
look up `weird error' in the index to The TeXbook.)

Missing character: There is no 0 in font nullfont!
Missing character: There is no ) in font nullfont!
Missing character: There is no , in font nullfont!
Missing character: There is no i in font nullfont!
Missing character: There is no t in font nullfont!
Missing character: There is no e in font nullfont!
Missing character: There is no m in font nullfont!
Missing character: There is no s in font nullfont!
Missing character: There is no e in font nullfont!
Missing character: There is no p in font nullfont!
Missing character: There is no = in font nullfont!
Missing character: There is no 1 in font nullfont!
Missing character: There is no p in font nullfont!
Missing character: There is no t in font nullfont!
Missing character: There is no , in font nullfont!
Missing character: There is no t in font nullfont!
Missing character: There is no o in font nullfont!
Missing character: There is no p in font nullfont!
Missing character: There is no s in font nullfont!
Missing character: There is no e in font nullfont!
Missing character: There is no p in font nullfont!
Missing character: There is no = in font nullfont!
Missing character: There is no 3 in font nullfont!
Missing character: There is no p in font nullfont!
Missing character: There is no t in font nullfont!
Missing character: There is no ] in font nullfont!

/Users/gcrescenzo/Documents/School/LaTeX Documents/latex-class-notes/Fall 2025/550 Measure Theory/Notes/measures.tex:153: LaTeX Error: Something's wrong--perhaps a missing \item.

See the LaTeX manual or LaTeX Companion for explanation.
Type  H <return>  for immediate help.
 ...                                              
                                                  
l.153             \item t
                         he open intervals: $\cE_1 = \{(a,b) \mid a < b\}$,
Try typing  <return>  to proceed.
If that doesn't work, type  X <return>  to quit.

Missing character: There is no t in font nullfont!
Missing character: There is no h in font nullfont!
Missing character: There is no e in font nullfont!
Missing character: There is no o in font nullfont!
Missing character: There is no p in font nullfont!
Missing character: There is no e in font nullfont!
Missing character: There is no n in font nullfont!
Missing character: There is no i in font nullfont!
Missing character: There is no n in font nullfont!
Missing character: There is no t in font nullfont!
Missing character: There is no e in font nullfont!
Missing character: There is no r in font nullfont!
Missing character: There is no v in font nullfont!
Missing character: There is no a in font nullfont!
Missing character: There is no l in font nullfont!
Missing character: There is no s in font nullfont!
Missing character: There is no : in font nullfont!
/Users/gcrescenzo/Documents/School/LaTeX Documents/latex-class-notes/Fall 2025/550 Measure Theory/Notes/measures.tex:153: Undefined control sequence.
<recently read> \cE 
                    
l.153             \item the open intervals: $\cE
                                                _1 = \{(a,b) \mid a < b\}$,
The control sequence at the end of the top line
of your error message was never \def'ed. If you have
misspelled it (e.g., `\hobx'), type `I' and the correct
spelling (e.g., `I\hbox'). Otherwise just continue,
and I'll forget about whatever was undefined.

Missing character: There is no , in font nullfont!

Overfull \hbox (15.04164pt too wide) in paragraph at lines 153--154
[] \OT1/cmr/m/n/10 =
 []


Overfull \hbox (32.35527pt too wide) in paragraph at lines 153--154
\OMS/cmsy/m/n/10 f\OT1/cmr/m/n/10 (\OML/cmm/m/it/10 a; b\OT1/cmr/m/n/10 ) \OMS/cmsy/m/n/10 j
 []


Overfull \hbox (15.8414pt too wide) in paragraph at lines 153--154
\OML/cmm/m/it/10 a <
 []


Overfull \hbox (9.29167pt too wide) in paragraph at lines 153--154
\OML/cmm/m/it/10 b\OMS/cmsy/m/n/10 g$ 
 []

Missing character: There is no t in font nullfont!
Missing character: There is no h in font nullfont!
Missing character: There is no e in font nullfont!
Missing character: There is no c in font nullfont!
Missing character: There is no l in font nullfont!
Missing character: There is no o in font nullfont!
Missing character: There is no s in font nullfont!
Missing character: There is no e in font nullfont!
Missing character: There is no d in font nullfont!
Missing character: There is no i in font nullfont!
Missing character: There is no n in font nullfont!
Missing character: There is no t in font nullfont!
Missing character: There is no e in font nullfont!
Missing character: There is no r in font nullfont!
Missing character: There is no v in font nullfont!
Missing character: There is no a in font nullfont!
Missing character: There is no l in font nullfont!
Missing character: There is no s in font nullfont!
Missing character: There is no : in font nullfont!
/Users/gcrescenzo/Documents/School/LaTeX Documents/latex-class-notes/Fall 2025/550 Measure Theory/Notes/measures.tex:154: Undefined control sequence.
<recently read> \cE 
                    
l.154             \item the closed intervals: $\cE
                                                  _2 = \{[a,b] \mid a < b\}$,
The control sequence at the end of the top line
of your error message was never \def'ed. If you have
misspelled it (e.g., `\hobx'), type `I' and the correct
spelling (e.g., `I\hbox'). Otherwise just continue,
and I'll forget about whatever was undefined.

Missing character: There is no , in font nullfont!

Overfull \hbox (15.04164pt too wide) in paragraph at lines 154--155
[] \OT1/cmr/m/n/10 =
 []


Overfull \hbox (30.13304pt too wide) in paragraph at lines 154--155
\OMS/cmsy/m/n/10 f\OT1/cmr/m/n/10 [\OML/cmm/m/it/10 a; b\OT1/cmr/m/n/10 ] \OMS/cmsy/m/n/10 j
 []


Overfull \hbox (15.8414pt too wide) in paragraph at lines 154--155
\OML/cmm/m/it/10 a <
 []


Overfull \hbox (9.29167pt too wide) in paragraph at lines 154--155
\OML/cmm/m/it/10 b\OMS/cmsy/m/n/10 g$ 
 []

Missing character: There is no t in font nullfont!
Missing character: There is no h in font nullfont!
Missing character: There is no e in font nullfont!
Missing character: There is no h in font nullfont!
Missing character: There is no a in font nullfont!
Missing character: There is no l in font nullfont!
Missing character: There is no f in font nullfont!
Missing character: There is no - in font nullfont!
Missing character: There is no o in font nullfont!
Missing character: There is no p in font nullfont!
Missing character: There is no e in font nullfont!
Missing character: There is no n in font nullfont!
Missing character: There is no i in font nullfont!
Missing character: There is no n in font nullfont!
Missing character: There is no t in font nullfont!
Missing character: There is no e in font nullfont!
Missing character: There is no r in font nullfont!
Missing character: There is no v in font nullfont!
Missing character: There is no a in font nullfont!
Missing character: There is no l in font nullfont!
Missing character: There is no s in font nullfont!
Missing character: There is no : in font nullfont!
/Users/gcrescenzo/Documents/School/LaTeX Documents/latex-class-notes/Fall 2025/550 Measure Theory/Notes/measures.tex:155: Undefined control sequence.
<recently read> \cE 
                    
l.155 ...      \item the half-open intervals: $\cE
                                                  _3 = \{(a,b] \mid a < b\}$...
The control sequence at the end of the top line
of your error message was never \def'ed. If you have
misspelled it (e.g., `\hobx'), type `I' and the correct
spelling (e.g., `I\hbox'). Otherwise just continue,
and I'll forget about whatever was undefined.

Missing character: There is no o in font nullfont!
Missing character: There is no r in font nullfont!
/Users/gcrescenzo/Documents/School/LaTeX Documents/latex-class-notes/Fall 2025/550 Measure Theory/Notes/measures.tex:155: Undefined control sequence.
<recently read> \cE 
                    
l.155 ...s: $\cE_3 = \{(a,b] \mid a < b\}$ or $\cE
                                                  _4 = \{[a,b) \mid a < b\}$,
The control sequence at the end of the top line
of your error message was never \def'ed. If you have
misspelled it (e.g., `\hobx'), type `I' and the correct
spelling (e.g., `I\hbox'). Otherwise just continue,
and I'll forget about whatever was undefined.

Missing character: There is no , in font nullfont!

Overfull \hbox (15.04164pt too wide) in paragraph at lines 155--156
[] \OT1/cmr/m/n/10 =
 []


Overfull \hbox (31.24416pt too wide) in paragraph at lines 155--156
\OMS/cmsy/m/n/10 f\OT1/cmr/m/n/10 (\OML/cmm/m/it/10 a; b\OT1/cmr/m/n/10 ] \OMS/cmsy/m/n/10 j
 []


Overfull \hbox (15.8414pt too wide) in paragraph at lines 155--156
\OML/cmm/m/it/10 a <
 []


Overfull \hbox (9.29167pt too wide) in paragraph at lines 155--156
\OML/cmm/m/it/10 b\OMS/cmsy/m/n/10 g$
 []


Overfull \hbox (15.04164pt too wide) in paragraph at lines 155--156
[] \OT1/cmr/m/n/10 =
 []


Overfull \hbox (31.24416pt too wide) in paragraph at lines 155--156
\OMS/cmsy/m/n/10 f\OT1/cmr/m/n/10 [\OML/cmm/m/it/10 a; b\OT1/cmr/m/n/10 ) \OMS/cmsy/m/n/10 j
 []


Overfull \hbox (15.8414pt too wide) in paragraph at lines 155--156
\OML/cmm/m/it/10 a <
 []


Overfull \hbox (9.29167pt too wide) in paragraph at lines 155--156
\OML/cmm/m/it/10 b\OMS/cmsy/m/n/10 g$ 
 []

Missing character: There is no t in font nullfont!
Missing character: There is no h in font nullfont!
Missing character: There is no e in font nullfont!
Missing character: There is no o in font nullfont!
Missing character: There is no p in font nullfont!
Missing character: There is no e in font nullfont!
Missing character: There is no n in font nullfont!
Missing character: There is no r in font nullfont!
Missing character: There is no a in font nullfont!
Missing character: There is no y in font nullfont!
Missing character: There is no s in font nullfont!
Missing character: There is no : in font nullfont!
/Users/gcrescenzo/Documents/School/LaTeX Documents/latex-class-notes/Fall 2025/550 Measure Theory/Notes/measures.tex:156: Undefined control sequence.
<recently read> \cE 
                    
l.156             \item the open rays: $\cE
                                           _5 = \{(a,\infty) \mid a \in \bfR...
The control sequence at the end of the top line
of your error message was never \def'ed. If you have
misspelled it (e.g., `\hobx'), type `I' and the correct
spelling (e.g., `I\hbox'). Otherwise just continue,
and I'll forget about whatever was undefined.

/Users/gcrescenzo/Documents/School/LaTeX Documents/latex-class-notes/Fall 2025/550 Measure Theory/Notes/measures.tex:156: Undefined control sequence.
l.156 ...ys: $\cE_5 = \{(a,\infty) \mid a \in \bfR
                                                  \}$ or $\cE_6 = \{(-\infty...
The control sequence at the end of the top line
of your error message was never \def'ed. If you have
misspelled it (e.g., `\hobx'), type `I' and the correct
spelling (e.g., `I\hbox'). Otherwise just continue,
and I'll forget about whatever was undefined.

Missing character: There is no o in font nullfont!
Missing character: There is no r in font nullfont!
/Users/gcrescenzo/Documents/School/LaTeX Documents/latex-class-notes/Fall 2025/550 Measure Theory/Notes/measures.tex:156: Undefined control sequence.
<recently read> \cE 
                    
l.156 ...= \{(a,\infty) \mid a \in \bfR\}$ or $\cE
                                                  _6 = \{(-\infty,a) \mid a ...
The control sequence at the end of the top line
of your error message was never \def'ed. If you have
misspelled it (e.g., `\hobx'), type `I' and the correct
spelling (e.g., `I\hbox'). Otherwise just continue,
and I'll forget about whatever was undefined.

/Users/gcrescenzo/Documents/School/LaTeX Documents/latex-class-notes/Fall 2025/550 Measure Theory/Notes/measures.tex:156: Undefined control sequence.
l.156 ...or $\cE_6 = \{(-\infty,a) \mid a \in \bfR
                                                  \}$,
The control sequence at the end of the top line
of your error message was never \def'ed. If you have
misspelled it (e.g., `\hobx'), type `I' and the correct
spelling (e.g., `I\hbox'). Otherwise just continue,
and I'll forget about whatever was undefined.

Missing character: There is no , in font nullfont!

Overfull \hbox (15.04164pt too wide) in paragraph at lines 156--157
[] \OT1/cmr/m/n/10 =
 []


Overfull \hbox (38.06363pt too wide) in paragraph at lines 156--157
\OMS/cmsy/m/n/10 f\OT1/cmr/m/n/10 (\OML/cmm/m/it/10 a; \OMS/cmsy/m/n/10 1\OT1/cmr/m/n/10 ) \OMS/cmsy/m/n/10 j
 []


Overfull \hbox (14.73029pt too wide) in paragraph at lines 156--157
\OML/cmm/m/it/10 a \OMS/cmsy/m/n/10 2
 []


Overfull \hbox (5.00002pt too wide) in paragraph at lines 156--157
\OMS/cmsy/m/n/10 g$
 []


Overfull \hbox (15.04164pt too wide) in paragraph at lines 156--157
[] \OT1/cmr/m/n/10 =
 []


Overfull \hbox (45.84143pt too wide) in paragraph at lines 156--157
\OMS/cmsy/m/n/10 f\OT1/cmr/m/n/10 (\OMS/cmsy/m/n/10 ^^@1\OML/cmm/m/it/10 ; a\OT1/cmr/m/n/10 ) \OMS/cmsy/m/n/10 j
 []


Overfull \hbox (14.73029pt too wide) in paragraph at lines 156--157
\OML/cmm/m/it/10 a \OMS/cmsy/m/n/10 2
 []


Overfull \hbox (5.00002pt too wide) in paragraph at lines 156--157
\OMS/cmsy/m/n/10 g$ 
 []

Missing character: There is no t in font nullfont!
Missing character: There is no h in font nullfont!
Missing character: There is no e in font nullfont!
Missing character: There is no c in font nullfont!
Missing character: There is no l in font nullfont!
Missing character: There is no o in font nullfont!
Missing character: There is no s in font nullfont!
Missing character: There is no e in font nullfont!
Missing character: There is no d in font nullfont!
Missing character: There is no r in font nullfont!
Missing character: There is no a in font nullfont!
Missing character: There is no y in font nullfont!
Missing character: There is no s in font nullfont!
Missing character: There is no : in font nullfont!
/Users/gcrescenzo/Documents/School/LaTeX Documents/latex-class-notes/Fall 2025/550 Measure Theory/Notes/measures.tex:157: Undefined control sequence.
<recently read> \cE 
                    
l.157             \item the closed rays: $\cE
                                             _7 = \{(a,\infty) \mid a \in \b...
The control sequence at the end of the top line
of your error message was never \def'ed. If you have
misspelled it (e.g., `\hobx'), type `I' and the correct
spelling (e.g., `I\hbox'). Otherwise just continue,
and I'll forget about whatever was undefined.

/Users/gcrescenzo/Documents/School/LaTeX Documents/latex-class-notes/Fall 2025/550 Measure Theory/Notes/measures.tex:157: Undefined control sequence.
l.157 ...ys: $\cE_7 = \{(a,\infty) \mid a \in \bfR
                                                  \}$ or $\cE_8 = \{(-\infty...
The control sequence at the end of the top line
of your error message was never \def'ed. If you have
misspelled it (e.g., `\hobx'), type `I' and the correct
spelling (e.g., `I\hbox'). Otherwise just continue,
and I'll forget about whatever was undefined.

Missing character: There is no o in font nullfont!
Missing character: There is no r in font nullfont!
/Users/gcrescenzo/Documents/School/LaTeX Documents/latex-class-notes/Fall 2025/550 Measure Theory/Notes/measures.tex:157: Undefined control sequence.
<recently read> \cE 
                    
l.157 ...= \{(a,\infty) \mid a \in \bfR\}$ or $\cE
                                                  _8 = \{(-\infty,a) \mid a ...
The control sequence at the end of the top line
of your error message was never \def'ed. If you have
misspelled it (e.g., `\hobx'), type `I' and the correct
spelling (e.g., `I\hbox'). Otherwise just continue,
and I'll forget about whatever was undefined.

/Users/gcrescenzo/Documents/School/LaTeX Documents/latex-class-notes/Fall 2025/550 Measure Theory/Notes/measures.tex:157: Undefined control sequence.
l.157 ...or $\cE_8 = \{(-\infty,a) \mid a \in \bfR
                                                  \}$.
The control sequence at the end of the top line
of your error message was never \def'ed. If you have
misspelled it (e.g., `\hobx'), type `I' and the correct
spelling (e.g., `I\hbox'). Otherwise just continue,
and I'll forget about whatever was undefined.

Missing character: There is no . in font nullfont!

Overfull \hbox (15.04164pt too wide) in paragraph at lines 157--158
[] \OT1/cmr/m/n/10 =
 []


Overfull \hbox (38.06363pt too wide) in paragraph at lines 157--158
\OMS/cmsy/m/n/10 f\OT1/cmr/m/n/10 (\OML/cmm/m/it/10 a; \OMS/cmsy/m/n/10 1\OT1/cmr/m/n/10 ) \OMS/cmsy/m/n/10 j
 []


Overfull \hbox (14.73029pt too wide) in paragraph at lines 157--158
\OML/cmm/m/it/10 a \OMS/cmsy/m/n/10 2
 []


Overfull \hbox (5.00002pt too wide) in paragraph at lines 157--158
\OMS/cmsy/m/n/10 g$
 []


Overfull \hbox (15.04164pt too wide) in paragraph at lines 157--158
[] \OT1/cmr/m/n/10 =
 []


Overfull \hbox (45.84143pt too wide) in paragraph at lines 157--158
\OMS/cmsy/m/n/10 f\OT1/cmr/m/n/10 (\OMS/cmsy/m/n/10 ^^@1\OML/cmm/m/it/10 ; a\OT1/cmr/m/n/10 ) \OMS/cmsy/m/n/10 j
 []


Overfull \hbox (14.73029pt too wide) in paragraph at lines 157--158
\OML/cmm/m/it/10 a \OMS/cmsy/m/n/10 2
 []


Overfull \hbox (5.00002pt too wide) in paragraph at lines 157--158
\OMS/cmsy/m/n/10 g$ 
 []


/Users/gcrescenzo/Documents/School/LaTeX Documents/latex-class-notes/Fall 2025/550 Measure Theory/Notes/measures.tex:159: LaTeX Error: \begin{document} ended by \end{proposition}.

See the LaTeX manual or LaTeX Companion for explanation.
Type  H <return>  for immediate help.
 ...                                              
                                                  
l.159     \end{proposition}
                           
Your command was ignored.
Type  I <command> <return>  to replace it with another command,
or  <return>  to continue without it.


/Users/gcrescenzo/Documents/School/LaTeX Documents/latex-class-notes/Fall 2025/550 Measure Theory/Notes/measures.tex:160: LaTeX Error: Environment proof undefined.

See the LaTeX manual or LaTeX Companion for explanation.
Type  H <return>  for immediate help.
 ...                                              
                                                  
l.160         \begin{proof}
                           
Your command was ignored.
Type  I <command> <return>  to replace it with another command,
or  <return>  to continue without it.

Missing character: There is no W in font nullfont!
Missing character: There is no e in font nullfont!
Missing character: There is no a in font nullfont!
Missing character: There is no r in font nullfont!
Missing character: There is no e in font nullfont!
Missing character: There is no r in font nullfont!
Missing character: There is no e in font nullfont!
Missing character: There is no q in font nullfont!
Missing character: There is no u in font nullfont!
Missing character: There is no i in font nullfont!
Missing character: There is no r in font nullfont!
Missing character: There is no e in font nullfont!
Missing character: There is no d in font nullfont!
Missing character: There is no t in font nullfont!
Missing character: There is no o in font nullfont!
Missing character: There is no s in font nullfont!
Missing character: There is no h in font nullfont!
Missing character: There is no o in font nullfont!
Missing character: There is no w in font nullfont!
Missing character: There is no f in font nullfont!
Missing character: There is no o in font nullfont!
Missing character: There is no r in font nullfont!
Missing character: There is no e in font nullfont!
Missing character: There is no a in font nullfont!
Missing character: There is no c in font nullfont!
Missing character: There is no h in font nullfont!
/Users/gcrescenzo/Documents/School/LaTeX Documents/latex-class-notes/Fall 2025/550 Measure Theory/Notes/measures.tex:161: Undefined control sequence.
<recently read> \cE 
                    
l.161 ...    We are required to show for each $\cE
                                                  _i$ that $\fM(\cE_i) = \cB...
The control sequence at the end of the top line
of your error message was never \def'ed. If you have
misspelled it (e.g., `\hobx'), type `I' and the correct
spelling (e.g., `I\hbox'). Otherwise just continue,
and I'll forget about whatever was undefined.

Missing character: There is no t in font nullfont!
Missing character: There is no h in font nullfont!
Missing character: There is no a in font nullfont!
Missing character: There is no t in font nullfont!
/Users/gcrescenzo/Documents/School/LaTeX Documents/latex-class-notes/Fall 2025/550 Measure Theory/Notes/measures.tex:161: Undefined control sequence.
<recently read> \fM 
                    
l.161 ...quired to show for each $\cE_i$ that $\fM
                                                  (\cE_i) = \cB_\bfR$.
The control sequence at the end of the top line
of your error message was never \def'ed. If you have
misspelled it (e.g., `\hobx'), type `I' and the correct
spelling (e.g., `I\hbox'). Otherwise just continue,
and I'll forget about whatever was undefined.

/Users/gcrescenzo/Documents/School/LaTeX Documents/latex-class-notes/Fall 2025/550 Measure Theory/Notes/measures.tex:161: Undefined control sequence.
l.161 ...ed to show for each $\cE_i$ that $\fM(\cE
                                                  _i) = \cB_\bfR$.
The control sequence at the end of the top line
of your error message was never \def'ed. If you have
misspelled it (e.g., `\hobx'), type `I' and the correct
spelling (e.g., `I\hbox'). Otherwise just continue,
and I'll forget about whatever was undefined.

/Users/gcrescenzo/Documents/School/LaTeX Documents/latex-class-notes/Fall 2025/550 Measure Theory/Notes/measures.tex:161: Undefined control sequence.
l.161 ...w for each $\cE_i$ that $\fM(\cE_i) = \cB
                                                  _\bfR$.
The control sequence at the end of the top line
of your error message was never \def'ed. If you have
misspelled it (e.g., `\hobx'), type `I' and the correct
spelling (e.g., `I\hbox'). Otherwise just continue,
and I'll forget about whatever was undefined.

/Users/gcrescenzo/Documents/School/LaTeX Documents/latex-class-notes/Fall 2025/550 Measure Theory/Notes/measures.tex:161: Undefined control sequence.
l.161 ... each $\cE_i$ that $\fM(\cE_i) = \cB_\bfR
                                                  $.
The control sequence at the end of the top line
of your error message was never \def'ed. If you have
misspelled it (e.g., `\hobx'), type `I' and the correct
spelling (e.g., `I\hbox'). Otherwise just continue,
and I'll forget about whatever was undefined.

/Users/gcrescenzo/Documents/School/LaTeX Documents/latex-class-notes/Fall 2025/550 Measure Theory/Notes/measures.tex:161: Missing { inserted.
<to be read again> 
                   $
l.161 ...each $\cE_i$ that $\fM(\cE_i) = \cB_\bfR$
                                                  .
A left brace was mandatory here, so I've put one in.
You might want to delete and/or insert some corrections
so that I will find a matching right brace soon.
(If you're confused by all this, try typing `I}' now.)

/Users/gcrescenzo/Documents/School/LaTeX Documents/latex-class-notes/Fall 2025/550 Measure Theory/Notes/measures.tex:161: Missing } inserted.
<inserted text> 
                }
l.161 ...each $\cE_i$ that $\fM(\cE_i) = \cB_\bfR$
                                                  .
I've inserted something that you may have forgotten.
(See the <inserted text> above.)
With luck, this will get me unwedged. But if you
really didn't forget anything, try typing `2' now; then
my insertion and my current dilemma will both disappear.

Missing character: There is no . in font nullfont!

Overfull \hbox (3.32928pt too wide) in paragraph at lines 161--162
       $[]$
 []


Overfull \hbox (22.1626pt too wide) in paragraph at lines 161--162
\OT1/cmr/m/n/10 ([]) =[]$ 
 []

Missing character: There is no ( in font nullfont!
Missing character: There is no 1 in font nullfont!
Missing character: There is no ) in font nullfont!
Missing character: There is no L in font nullfont!
Missing character: There is no e in font nullfont!
Missing character: There is no t in font nullfont!
/Users/gcrescenzo/Documents/School/LaTeX Documents/latex-class-notes/Fall 2025/550 Measure Theory/Notes/measures.tex:163: Undefined control sequence.
l.163             (1) Let $I \in \cE
                                    _1$ be an open interval. Then $I \in \cB...
The control sequence at the end of the top line
of your error message was never \def'ed. If you have
misspelled it (e.g., `\hobx'), type `I' and the correct
spelling (e.g., `I\hbox'). Otherwise just continue,
and I'll forget about whatever was undefined.

Missing character: There is no b in font nullfont!
Missing character: There is no e in font nullfont!
Missing character: There is no a in font nullfont!
Missing character: There is no n in font nullfont!
Missing character: There is no o in font nullfont!
Missing character: There is no p in font nullfont!
Missing character: There is no e in font nullfont!
Missing character: There is no n in font nullfont!
Missing character: There is no i in font nullfont!
Missing character: There is no n in font nullfont!
Missing character: There is no t in font nullfont!
Missing character: There is no e in font nullfont!
Missing character: There is no r in font nullfont!
Missing character: There is no v in font nullfont!
Missing character: There is no a in font nullfont!
Missing character: There is no l in font nullfont!
Missing character: There is no . in font nullfont!
Missing character: There is no T in font nullfont!
Missing character: There is no h in font nullfont!
Missing character: There is no e in font nullfont!
Missing character: There is no n in font nullfont!
/Users/gcrescenzo/Documents/School/LaTeX Documents/latex-class-notes/Fall 2025/550 Measure Theory/Notes/measures.tex:163: Undefined control sequence.
l.163 ...E_1$ be an open interval. Then $I \in \cB
                                                  _\bfR$ because $I$ is an o...
The control sequence at the end of the top line
of your error message was never \def'ed. If you have
misspelled it (e.g., `\hobx'), type `I' and the correct
spelling (e.g., `I\hbox'). Otherwise just continue,
and I'll forget about whatever was undefined.

/Users/gcrescenzo/Documents/School/LaTeX Documents/latex-class-notes/Fall 2025/550 Measure Theory/Notes/measures.tex:163: Undefined control sequence.
l.163 ...be an open interval. Then $I \in \cB_\bfR
                                                  $ because $I$ is an open s...
The control sequence at the end of the top line
of your error message was never \def'ed. If you have
misspelled it (e.g., `\hobx'), type `I' and the correct
spelling (e.g., `I\hbox'). Otherwise just continue,
and I'll forget about whatever was undefined.

/Users/gcrescenzo/Documents/School/LaTeX Documents/latex-class-notes/Fall 2025/550 Measure Theory/Notes/measures.tex:163: Missing { inserted.
<to be read again> 
                   $
l.163 ...e an open interval. Then $I \in \cB_\bfR$
                                                   because $I$ is an open su...
A left brace was mandatory here, so I've put one in.
You might want to delete and/or insert some corrections
so that I will find a matching right brace soon.
(If you're confused by all this, try typing `I}' now.)

/Users/gcrescenzo/Documents/School/LaTeX Documents/latex-class-notes/Fall 2025/550 Measure Theory/Notes/measures.tex:163: Missing } inserted.
<inserted text> 
                }
l.163 ...e an open interval. Then $I \in \cB_\bfR$
                                                   because $I$ is an open su...
I've inserted something that you may have forgotten.
(See the <inserted text> above.)
With luck, this will get me unwedged. But if you
really didn't forget anything, try typing `2' now; then
my insertion and my current dilemma will both disappear.

Missing character: There is no b in font nullfont!
Missing character: There is no e in font nullfont!
Missing character: There is no c in font nullfont!
Missing character: There is no a in font nullfont!
Missing character: There is no u in font nullfont!
Missing character: There is no s in font nullfont!
Missing character: There is no e in font nullfont!
Missing character: There is no i in font nullfont!
Missing character: There is no s in font nullfont!
Missing character: There is no a in font nullfont!
Missing character: There is no n in font nullfont!
Missing character: There is no o in font nullfont!
Missing character: There is no p in font nullfont!
Missing character: There is no e in font nullfont!
Missing character: There is no n in font nullfont!
Missing character: There is no s in font nullfont!
Missing character: There is no u in font nullfont!
Missing character: There is no b in font nullfont!
Missing character: There is no s in font nullfont!
Missing character: There is no e in font nullfont!
Missing character: There is no t in font nullfont!
Missing character: There is no o in font nullfont!
Missing character: There is no f in font nullfont!
/Users/gcrescenzo/Documents/School/LaTeX Documents/latex-class-notes/Fall 2025/550 Measure Theory/Notes/measures.tex:163: Undefined control sequence.
<recently read> \bfR 
                     
l.163 ...R$ because $I$ is an open subset of $\bfR
                                                  $. From this we have $\cE_...
The control sequence at the end of the top line
of your error message was never \def'ed. If you have
misspelled it (e.g., `\hobx'), type `I' and the correct
spelling (e.g., `I\hbox'). Otherwise just continue,
and I'll forget about whatever was undefined.

Missing character: There is no . in font nullfont!
Missing character: There is no F in font nullfont!
Missing character: There is no r in font nullfont!
Missing character: There is no o in font nullfont!
Missing character: There is no m in font nullfont!
Missing character: There is no t in font nullfont!
Missing character: There is no h in font nullfont!
Missing character: There is no i in font nullfont!
Missing character: There is no s in font nullfont!
Missing character: There is no w in font nullfont!
Missing character: There is no e in font nullfont!
Missing character: There is no h in font nullfont!
Missing character: There is no a in font nullfont!
Missing character: There is no v in font nullfont!
Missing character: There is no e in font nullfont!
/Users/gcrescenzo/Documents/School/LaTeX Documents/latex-class-notes/Fall 2025/550 Measure Theory/Notes/measures.tex:163: Undefined control sequence.
<recently read> \cE 
                    
l.163 ... subset of $\bfR$. From this we have $\cE
                                                  _1 \subset \cB_\bfR$, but ...
The control sequence at the end of the top line
of your error message was never \def'ed. If you have
misspelled it (e.g., `\hobx'), type `I' and the correct
spelling (e.g., `I\hbox'). Otherwise just continue,
and I'll forget about whatever was undefined.

/Users/gcrescenzo/Documents/School/LaTeX Documents/latex-class-notes/Fall 2025/550 Measure Theory/Notes/measures.tex:163: Undefined control sequence.
l.163 ...fR$. From this we have $\cE_1 \subset \cB
                                                  _\bfR$, but because $\cB_\...
The control sequence at the end of the top line
of your error message was never \def'ed. If you have
misspelled it (e.g., `\hobx'), type `I' and the correct
spelling (e.g., `I\hbox'). Otherwise just continue,
and I'll forget about whatever was undefined.

/Users/gcrescenzo/Documents/School/LaTeX Documents/latex-class-notes/Fall 2025/550 Measure Theory/Notes/measures.tex:163: Undefined control sequence.
l.163 ...From this we have $\cE_1 \subset \cB_\bfR
                                                  $, but because $\cB_\bfR$ ...
The control sequence at the end of the top line
of your error message was never \def'ed. If you have
misspelled it (e.g., `\hobx'), type `I' and the correct
spelling (e.g., `I\hbox'). Otherwise just continue,
and I'll forget about whatever was undefined.

/Users/gcrescenzo/Documents/School/LaTeX Documents/latex-class-notes/Fall 2025/550 Measure Theory/Notes/measures.tex:163: Missing { inserted.
<to be read again> 
                   $
l.163 ...rom this we have $\cE_1 \subset \cB_\bfR$
                                                  , but because $\cB_\bfR$ i...
A left brace was mandatory here, so I've put one in.
You might want to delete and/or insert some corrections
so that I will find a matching right brace soon.
(If you're confused by all this, try typing `I}' now.)

/Users/gcrescenzo/Documents/School/LaTeX Documents/latex-class-notes/Fall 2025/550 Measure Theory/Notes/measures.tex:163: Missing } inserted.
<inserted text> 
                }
l.163 ...rom this we have $\cE_1 \subset \cB_\bfR$
                                                  , but because $\cB_\bfR$ i...
I've inserted something that you may have forgotten.
(See the <inserted text> above.)
With luck, this will get me unwedged. But if you
really didn't forget anything, try typing `2' now; then
my insertion and my current dilemma will both disappear.

Missing character: There is no , in font nullfont!
Missing character: There is no b in font nullfont!
Missing character: There is no u in font nullfont!
Missing character: There is no t in font nullfont!
Missing character: There is no b in font nullfont!
Missing character: There is no e in font nullfont!
Missing character: There is no c in font nullfont!
Missing character: There is no a in font nullfont!
Missing character: There is no u in font nullfont!
Missing character: There is no s in font nullfont!
Missing character: There is no e in font nullfont!
/Users/gcrescenzo/Documents/School/LaTeX Documents/latex-class-notes/Fall 2025/550 Measure Theory/Notes/measures.tex:163: Undefined control sequence.
<recently read> \cB 
                    
l.163 ...\cE_1 \subset \cB_\bfR$, but because $\cB
                                                  _\bfR$ is a $\sigma$-algeb...
The control sequence at the end of the top line
of your error message was never \def'ed. If you have
misspelled it (e.g., `\hobx'), type `I' and the correct
spelling (e.g., `I\hbox'). Otherwise just continue,
and I'll forget about whatever was undefined.

/Users/gcrescenzo/Documents/School/LaTeX Documents/latex-class-notes/Fall 2025/550 Measure Theory/Notes/measures.tex:163: Undefined control sequence.
l.163 ... \subset \cB_\bfR$, but because $\cB_\bfR
                                                  $ is a $\sigma$-algebra co...
The control sequence at the end of the top line
of your error message was never \def'ed. If you have
misspelled it (e.g., `\hobx'), type `I' and the correct
spelling (e.g., `I\hbox'). Otherwise just continue,
and I'll forget about whatever was undefined.

/Users/gcrescenzo/Documents/School/LaTeX Documents/latex-class-notes/Fall 2025/550 Measure Theory/Notes/measures.tex:163: Missing { inserted.
<to be read again> 
                   $
l.163 ...\subset \cB_\bfR$, but because $\cB_\bfR$
                                                   is a $\sigma$-algebra con...
A left brace was mandatory here, so I've put one in.
You might want to delete and/or insert some corrections
so that I will find a matching right brace soon.
(If you're confused by all this, try typing `I}' now.)

/Users/gcrescenzo/Documents/School/LaTeX Documents/latex-class-notes/Fall 2025/550 Measure Theory/Notes/measures.tex:163: Missing } inserted.
<inserted text> 
                }
l.163 ...\subset \cB_\bfR$, but because $\cB_\bfR$
                                                   is a $\sigma$-algebra con...
I've inserted something that you may have forgotten.
(See the <inserted text> above.)
With luck, this will get me unwedged. But if you
really didn't forget anything, try typing `2' now; then
my insertion and my current dilemma will both disappear.

Missing character: There is no i in font nullfont!
Missing character: There is no s in font nullfont!
Missing character: There is no a in font nullfont!
Missing character: There is no - in font nullfont!
Missing character: There is no a in font nullfont!
Missing character: There is no l in font nullfont!
Missing character: There is no g in font nullfont!
Missing character: There is no e in font nullfont!
Missing character: There is no b in font nullfont!
Missing character: There is no r in font nullfont!
Missing character: There is no a in font nullfont!
Missing character: There is no c in font nullfont!
Missing character: There is no o in font nullfont!
Missing character: There is no n in font nullfont!
Missing character: There is no t in font nullfont!
Missing character: There is no a in font nullfont!
Missing character: There is no i in font nullfont!
Missing character: There is no n in font nullfont!
Missing character: There is no i in font nullfont!
Missing character: There is no n in font nullfont!
Missing character: There is no g in font nullfont!
/Users/gcrescenzo/Documents/School/LaTeX Documents/latex-class-notes/Fall 2025/550 Measure Theory/Notes/measures.tex:163: Undefined control sequence.
<recently read> \cE 
                    
l.163 ...fR$ is a $\sigma$-algebra containing $\cE
                                                  _1$, and $\fM(\cE_1)$ is t...
The control sequence at the end of the top line
of your error message was never \def'ed. If you have
misspelled it (e.g., `\hobx'), type `I' and the correct
spelling (e.g., `I\hbox'). Otherwise just continue,
and I'll forget about whatever was undefined.

Missing character: There is no , in font nullfont!
Missing character: There is no a in font nullfont!
Missing character: There is no n in font nullfont!
Missing character: There is no d in font nullfont!
/Users/gcrescenzo/Documents/School/LaTeX Documents/latex-class-notes/Fall 2025/550 Measure Theory/Notes/measures.tex:163: Undefined control sequence.
<recently read> \fM 
                    
l.163 ...gma$-algebra containing $\cE_1$, and $\fM
                                                  (\cE_1)$ is the smallest $...
The control sequence at the end of the top line
of your error message was never \def'ed. If you have
misspelled it (e.g., `\hobx'), type `I' and the correct
spelling (e.g., `I\hbox'). Otherwise just continue,
and I'll forget about whatever was undefined.

/Users/gcrescenzo/Documents/School/LaTeX Documents/latex-class-notes/Fall 2025/550 Measure Theory/Notes/measures.tex:163: Undefined control sequence.
l.163 ...-algebra containing $\cE_1$, and $\fM(\cE
                                                  _1)$ is the smallest $\sig...
The control sequence at the end of the top line
of your error message was never \def'ed. If you have
misspelled it (e.g., `\hobx'), type `I' and the correct
spelling (e.g., `I\hbox'). Otherwise just continue,
and I'll forget about whatever was undefined.

Missing character: There is no i in font nullfont!
Missing character: There is no s in font nullfont!
Missing character: There is no t in font nullfont!
Missing character: There is no h in font nullfont!
Missing character: There is no e in font nullfont!
Missing character: There is no s in font nullfont!
Missing character: There is no m in font nullfont!
Missing character: There is no a in font nullfont!
Missing character: There is no l in font nullfont!
Missing character: There is no l in font nullfont!
Missing character: There is no e in font nullfont!
Missing character: There is no s in font nullfont!
Missing character: There is no t in font nullfont!
Missing character: There is no - in font nullfont!
Missing character: There is no a in font nullfont!
Missing character: There is no l in font nullfont!
Missing character: There is no g in font nullfont!
Missing character: There is no e in font nullfont!
Missing character: There is no b in font nullfont!
Missing character: There is no r in font nullfont!
Missing character: There is no a in font nullfont!
Missing character: There is no c in font nullfont!
Missing character: There is no o in font nullfont!
Missing character: There is no n in font nullfont!
Missing character: There is no t in font nullfont!
Missing character: There is no a in font nullfont!
Missing character: There is no i in font nullfont!
Missing character: There is no n in font nullfont!
Missing character: There is no i in font nullfont!
Missing character: There is no n in font nullfont!
Missing character: There is no g in font nullfont!
/Users/gcrescenzo/Documents/School/LaTeX Documents/latex-class-notes/Fall 2025/550 Measure Theory/Notes/measures.tex:163: Undefined control sequence.
<recently read> \cE 
                    
l.163 ...smallest $\sigma$-algebra containing $\cE
                                                  _1$, we have $\fM(\cE_1) \...
The control sequence at the end of the top line
of your error message was never \def'ed. If you have
misspelled it (e.g., `\hobx'), type `I' and the correct
spelling (e.g., `I\hbox'). Otherwise just continue,
and I'll forget about whatever was undefined.

Missing character: There is no , in font nullfont!
Missing character: There is no w in font nullfont!
Missing character: There is no e in font nullfont!
Missing character: There is no h in font nullfont!
Missing character: There is no a in font nullfont!
Missing character: There is no v in font nullfont!
Missing character: There is no e in font nullfont!
/Users/gcrescenzo/Documents/School/LaTeX Documents/latex-class-notes/Fall 2025/550 Measure Theory/Notes/measures.tex:163: Undefined control sequence.
<recently read> \fM 
                    
l.163 ...-algebra containing $\cE_1$, we have $\fM
                                                  (\cE_1) \subset \cB_\bfR$....
The control sequence at the end of the top line
of your error message was never \def'ed. If you have
misspelled it (e.g., `\hobx'), type `I' and the correct
spelling (e.g., `I\hbox'). Otherwise just continue,
and I'll forget about whatever was undefined.

/Users/gcrescenzo/Documents/School/LaTeX Documents/latex-class-notes/Fall 2025/550 Measure Theory/Notes/measures.tex:163: Undefined control sequence.
l.163 ...ebra containing $\cE_1$, we have $\fM(\cE
                                                  _1) \subset \cB_\bfR$. Con...
The control sequence at the end of the top line
of your error message was never \def'ed. If you have
misspelled it (e.g., `\hobx'), type `I' and the correct
spelling (e.g., `I\hbox'). Otherwise just continue,
and I'll forget about whatever was undefined.

/Users/gcrescenzo/Documents/School/LaTeX Documents/latex-class-notes/Fall 2025/550 Measure Theory/Notes/measures.tex:163: Undefined control sequence.
l.163 ... $\cE_1$, we have $\fM(\cE_1) \subset \cB
                                                  _\bfR$. Conversely, let $U...
The control sequence at the end of the top line
of your error message was never \def'ed. If you have
misspelled it (e.g., `\hobx'), type `I' and the correct
spelling (e.g., `I\hbox'). Otherwise just continue,
and I'll forget about whatever was undefined.

/Users/gcrescenzo/Documents/School/LaTeX Documents/latex-class-notes/Fall 2025/550 Measure Theory/Notes/measures.tex:163: Undefined control sequence.
l.163 ..._1$, we have $\fM(\cE_1) \subset \cB_\bfR
                                                  $. Conversely, let $U \in ...
The control sequence at the end of the top line
of your error message was never \def'ed. If you have
misspelled it (e.g., `\hobx'), type `I' and the correct
spelling (e.g., `I\hbox'). Otherwise just continue,
and I'll forget about whatever was undefined.

/Users/gcrescenzo/Documents/School/LaTeX Documents/latex-class-notes/Fall 2025/550 Measure Theory/Notes/measures.tex:163: Missing { inserted.
<to be read again> 
                   $
l.163 ...1$, we have $\fM(\cE_1) \subset \cB_\bfR$
                                                  . Conversely, let $U \in \...
A left brace was mandatory here, so I've put one in.
You might want to delete and/or insert some corrections
so that I will find a matching right brace soon.
(If you're confused by all this, try typing `I}' now.)

/Users/gcrescenzo/Documents/School/LaTeX Documents/latex-class-notes/Fall 2025/550 Measure Theory/Notes/measures.tex:163: Missing } inserted.
<inserted text> 
                }
l.163 ...1$, we have $\fM(\cE_1) \subset \cB_\bfR$
                                                  . Conversely, let $U \in \...
I've inserted something that you may have forgotten.
(See the <inserted text> above.)
With luck, this will get me unwedged. But if you
really didn't forget anything, try typing `2' now; then
my insertion and my current dilemma will both disappear.

Missing character: There is no . in font nullfont!
Missing character: There is no C in font nullfont!
Missing character: There is no o in font nullfont!
Missing character: There is no n in font nullfont!
Missing character: There is no v in font nullfont!
Missing character: There is no e in font nullfont!
Missing character: There is no r in font nullfont!
Missing character: There is no s in font nullfont!
Missing character: There is no e in font nullfont!
Missing character: There is no l in font nullfont!
Missing character: There is no y in font nullfont!
Missing character: There is no , in font nullfont!
Missing character: There is no l in font nullfont!
Missing character: There is no e in font nullfont!
Missing character: There is no t in font nullfont!
/Users/gcrescenzo/Documents/School/LaTeX Documents/latex-class-notes/Fall 2025/550 Measure Theory/Notes/measures.tex:163: Undefined control sequence.
l.163 ...B_\bfR$. Conversely, let $U \in \tau_\bfR
                                                  $. Then $U$ is at most the...
The control sequence at the end of the top line
of your error message was never \def'ed. If you have
misspelled it (e.g., `\hobx'), type `I' and the correct
spelling (e.g., `I\hbox'). Otherwise just continue,
and I'll forget about whatever was undefined.

/Users/gcrescenzo/Documents/School/LaTeX Documents/latex-class-notes/Fall 2025/550 Measure Theory/Notes/measures.tex:163: Missing { inserted.
<to be read again> 
                   $
l.163 ..._\bfR$. Conversely, let $U \in \tau_\bfR$
                                                  . Then $U$ is at most the ...
A left brace was mandatory here, so I've put one in.
You might want to delete and/or insert some corrections
so that I will find a matching right brace soon.
(If you're confused by all this, try typing `I}' now.)

/Users/gcrescenzo/Documents/School/LaTeX Documents/latex-class-notes/Fall 2025/550 Measure Theory/Notes/measures.tex:163: Missing } inserted.
<inserted text> 
                }
l.163 ..._\bfR$. Conversely, let $U \in \tau_\bfR$
                                                  . Then $U$ is at most the ...
I've inserted something that you may have forgotten.
(See the <inserted text> above.)
With luck, this will get me unwedged. But if you
really didn't forget anything, try typing `2' now; then
my insertion and my current dilemma will both disappear.

Missing character: There is no . in font nullfont!
Missing character: There is no T in font nullfont!
Missing character: There is no h in font nullfont!
Missing character: There is no e in font nullfont!
Missing character: There is no n in font nullfont!
Missing character: There is no i in font nullfont!
Missing character: There is no s in font nullfont!
Missing character: There is no a in font nullfont!
Missing character: There is no t in font nullfont!
Missing character: There is no m in font nullfont!
Missing character: There is no o in font nullfont!
Missing character: There is no s in font nullfont!
Missing character: There is no t in font nullfont!
Missing character: There is no t in font nullfont!
Missing character: There is no h in font nullfont!
Missing character: There is no e in font nullfont!
Missing character: There is no c in font nullfont!
Missing character: There is no o in font nullfont!
Missing character: There is no u in font nullfont!
Missing character: There is no n in font nullfont!
Missing character: There is no t in font nullfont!
Missing character: There is no a in font nullfont!
Missing character: There is no b in font nullfont!
Missing character: There is no l in font nullfont!
Missing character: There is no e in font nullfont!
Missing character: There is no u in font nullfont!
Missing character: There is no n in font nullfont!
Missing character: There is no i in font nullfont!
Missing character: There is no o in font nullfont!
Missing character: There is no n in font nullfont!
Missing character: There is no o in font nullfont!
Missing character: There is no f in font nullfont!
Missing character: There is no d in font nullfont!
Missing character: There is no i in font nullfont!
Missing character: There is no s in font nullfont!
Missing character: There is no j in font nullfont!
Missing character: There is no o in font nullfont!
Missing character: There is no i in font nullfont!
Missing character: There is no n in font nullfont!
Missing character: There is no t in font nullfont!
Missing character: There is no o in font nullfont!
Missing character: There is no p in font nullfont!
Missing character: There is no e in font nullfont!
Missing character: There is no n in font nullfont!
Missing character: There is no i in font nullfont!
Missing character: There is no n in font nullfont!
Missing character: There is no t in font nullfont!
Missing character: There is no e in font nullfont!
Missing character: There is no r in font nullfont!
Missing character: There is no v in font nullfont!
Missing character: There is no a in font nullfont!
Missing character: There is no l in font nullfont!
Missing character: There is no s in font nullfont!
Missing character: There is no , in font nullfont!
Missing character: There is no h in font nullfont!
Missing character: There is no e in font nullfont!
Missing character: There is no n in font nullfont!
Missing character: There is no c in font nullfont!
Missing character: There is no e in font nullfont!
/Users/gcrescenzo/Documents/School/LaTeX Documents/latex-class-notes/Fall 2025/550 Measure Theory/Notes/measures.tex:163: Undefined control sequence.
l.163 ...disjoint open intervals, hence $U \in \fM
                                                  (\cE_1)$. From this we hav...
The control sequence at the end of the top line
of your error message was never \def'ed. If you have
misspelled it (e.g., `\hobx'), type `I' and the correct
spelling (e.g., `I\hbox'). Otherwise just continue,
and I'll forget about whatever was undefined.

/Users/gcrescenzo/Documents/School/LaTeX Documents/latex-class-notes/Fall 2025/550 Measure Theory/Notes/measures.tex:163: Undefined control sequence.
l.163 ...oint open intervals, hence $U \in \fM(\cE
                                                  _1)$. From this we have $\...
The control sequence at the end of the top line
of your error message was never \def'ed. If you have
misspelled it (e.g., `\hobx'), type `I' and the correct
spelling (e.g., `I\hbox'). Otherwise just continue,
and I'll forget about whatever was undefined.

Missing character: There is no . in font nullfont!
Missing character: There is no F in font nullfont!
Missing character: There is no r in font nullfont!
Missing character: There is no o in font nullfont!
Missing character: There is no m in font nullfont!
Missing character: There is no t in font nullfont!
Missing character: There is no h in font nullfont!
Missing character: There is no i in font nullfont!
Missing character: There is no s in font nullfont!
Missing character: There is no w in font nullfont!
Missing character: There is no e in font nullfont!
Missing character: There is no h in font nullfont!
Missing character: There is no a in font nullfont!
Missing character: There is no v in font nullfont!
Missing character: There is no e in font nullfont!
/Users/gcrescenzo/Documents/School/LaTeX Documents/latex-class-notes/Fall 2025/550 Measure Theory/Notes/measures.tex:163: Undefined control sequence.
l.163 ...\fM(\cE_1)$. From this we have $\tau_\bfR
                                                   \subset \fM(\cE_1)$, but ...
The control sequence at the end of the top line
of your error message was never \def'ed. If you have
misspelled it (e.g., `\hobx'), type `I' and the correct
spelling (e.g., `I\hbox'). Otherwise just continue,
and I'll forget about whatever was undefined.

/Users/gcrescenzo/Documents/School/LaTeX Documents/latex-class-notes/Fall 2025/550 Measure Theory/Notes/measures.tex:163: Undefined control sequence.
l.163 ... From this we have $\tau_\bfR \subset \fM
                                                  (\cE_1)$, but because $\fM...
The control sequence at the end of the top line
of your error message was never \def'ed. If you have
misspelled it (e.g., `\hobx'), type `I' and the correct
spelling (e.g., `I\hbox'). Otherwise just continue,
and I'll forget about whatever was undefined.

/Users/gcrescenzo/Documents/School/LaTeX Documents/latex-class-notes/Fall 2025/550 Measure Theory/Notes/measures.tex:163: Undefined control sequence.
l.163 ...m this we have $\tau_\bfR \subset \fM(\cE
                                                  _1)$, but because $\fM(\cE...
The control sequence at the end of the top line
of your error message was never \def'ed. If you have
misspelled it (e.g., `\hobx'), type `I' and the correct
spelling (e.g., `I\hbox'). Otherwise just continue,
and I'll forget about whatever was undefined.

Missing character: There is no , in font nullfont!
Missing character: There is no b in font nullfont!
Missing character: There is no u in font nullfont!
Missing character: There is no t in font nullfont!
Missing character: There is no b in font nullfont!
Missing character: There is no e in font nullfont!
Missing character: There is no c in font nullfont!
Missing character: There is no a in font nullfont!
Missing character: There is no u in font nullfont!
Missing character: There is no s in font nullfont!
Missing character: There is no e in font nullfont!
/Users/gcrescenzo/Documents/School/LaTeX Documents/latex-class-notes/Fall 2025/550 Measure Theory/Notes/measures.tex:163: Undefined control sequence.
<recently read> \fM 
                    
l.163 ...bfR \subset \fM(\cE_1)$, but because $\fM
                                                  (\cE_1)$ is a $\sigma$-alg...
The control sequence at the end of the top line
of your error message was never \def'ed. If you have
misspelled it (e.g., `\hobx'), type `I' and the correct
spelling (e.g., `I\hbox'). Otherwise just continue,
and I'll forget about whatever was undefined.

/Users/gcrescenzo/Documents/School/LaTeX Documents/latex-class-notes/Fall 2025/550 Measure Theory/Notes/measures.tex:163: Undefined control sequence.
l.163 ...\subset \fM(\cE_1)$, but because $\fM(\cE
                                                  _1)$ is a $\sigma$-algebra...
The control sequence at the end of the top line
of your error message was never \def'ed. If you have
misspelled it (e.g., `\hobx'), type `I' and the correct
spelling (e.g., `I\hbox'). Otherwise just continue,
and I'll forget about whatever was undefined.

Missing character: There is no i in font nullfont!
Missing character: There is no s in font nullfont!
Missing character: There is no a in font nullfont!
Missing character: There is no - in font nullfont!
Missing character: There is no a in font nullfont!
Missing character: There is no l in font nullfont!
Missing character: There is no g in font nullfont!
Missing character: There is no e in font nullfont!
Missing character: There is no b in font nullfont!
Missing character: There is no r in font nullfont!
Missing character: There is no a in font nullfont!
Missing character: There is no c in font nullfont!
Missing character: There is no o in font nullfont!
Missing character: There is no n in font nullfont!
Missing character: There is no t in font nullfont!
Missing character: There is no a in font nullfont!
Missing character: There is no i in font nullfont!
Missing character: There is no n in font nullfont!
Missing character: There is no i in font nullfont!
Missing character: There is no n in font nullfont!
Missing character: There is no g in font nullfont!
/Users/gcrescenzo/Documents/School/LaTeX Documents/latex-class-notes/Fall 2025/550 Measure Theory/Notes/measures.tex:163: Undefined control sequence.
l.163 ... a $\sigma$-algebra containing $\tau_\bfR
                                                  $, and $\fM(\tau_\bfR)$ is...
The control sequence at the end of the top line
of your error message was never \def'ed. If you have
misspelled it (e.g., `\hobx'), type `I' and the correct
spelling (e.g., `I\hbox'). Otherwise just continue,
and I'll forget about whatever was undefined.

/Users/gcrescenzo/Documents/School/LaTeX Documents/latex-class-notes/Fall 2025/550 Measure Theory/Notes/measures.tex:163: Missing { inserted.
<to be read again> 
                   $
l.163 ...a $\sigma$-algebra containing $\tau_\bfR$
                                                  , and $\fM(\tau_\bfR)$ is ...
A left brace was mandatory here, so I've put one in.
You might want to delete and/or insert some corrections
so that I will find a matching right brace soon.
(If you're confused by all this, try typing `I}' now.)

/Users/gcrescenzo/Documents/School/LaTeX Documents/latex-class-notes/Fall 2025/550 Measure Theory/Notes/measures.tex:163: Missing } inserted.
<inserted text> 
                }
l.163 ...a $\sigma$-algebra containing $\tau_\bfR$
                                                  , and $\fM(\tau_\bfR)$ is ...
I've inserted something that you may have forgotten.
(See the <inserted text> above.)
With luck, this will get me unwedged. But if you
really didn't forget anything, try typing `2' now; then
my insertion and my current dilemma will both disappear.

Missing character: There is no , in font nullfont!
Missing character: There is no a in font nullfont!
Missing character: There is no n in font nullfont!
Missing character: There is no d in font nullfont!
/Users/gcrescenzo/Documents/School/LaTeX Documents/latex-class-notes/Fall 2025/550 Measure Theory/Notes/measures.tex:163: Undefined control sequence.
<recently read> \fM 
                    
l.163 ...-algebra containing $\tau_\bfR$, and $\fM
                                                  (\tau_\bfR)$ is the smalle...
The control sequence at the end of the top line
of your error message was never \def'ed. If you have
misspelled it (e.g., `\hobx'), type `I' and the correct
spelling (e.g., `I\hbox'). Otherwise just continue,
and I'll forget about whatever was undefined.

/Users/gcrescenzo/Documents/School/LaTeX Documents/latex-class-notes/Fall 2025/550 Measure Theory/Notes/measures.tex:163: Undefined control sequence.
l.163 ...ontaining $\tau_\bfR$, and $\fM(\tau_\bfR
                                                  )$ is the smallest $\sigma...
The control sequence at the end of the top line
of your error message was never \def'ed. If you have
misspelled it (e.g., `\hobx'), type `I' and the correct
spelling (e.g., `I\hbox'). Otherwise just continue,
and I'll forget about whatever was undefined.

Missing character: There is no i in font nullfont!
Missing character: There is no s in font nullfont!
Missing character: There is no t in font nullfont!
Missing character: There is no h in font nullfont!
Missing character: There is no e in font nullfont!
Missing character: There is no s in font nullfont!
Missing character: There is no m in font nullfont!
Missing character: There is no a in font nullfont!
Missing character: There is no l in font nullfont!
Missing character: There is no l in font nullfont!
Missing character: There is no e in font nullfont!
Missing character: There is no s in font nullfont!
Missing character: There is no t in font nullfont!
Missing character: There is no - in font nullfont!
Missing character: There is no a in font nullfont!
Missing character: There is no l in font nullfont!
Missing character: There is no g in font nullfont!
Missing character: There is no e in font nullfont!
Missing character: There is no b in font nullfont!
Missing character: There is no r in font nullfont!
Missing character: There is no a in font nullfont!
Missing character: There is no c in font nullfont!
Missing character: There is no o in font nullfont!
Missing character: There is no n in font nullfont!
Missing character: There is no t in font nullfont!
Missing character: There is no a in font nullfont!
Missing character: There is no i in font nullfont!
Missing character: There is no n in font nullfont!
Missing character: There is no i in font nullfont!
Missing character: There is no n in font nullfont!
Missing character: There is no g in font nullfont!
/Users/gcrescenzo/Documents/School/LaTeX Documents/latex-class-notes/Fall 2025/550 Measure Theory/Notes/measures.tex:163: Undefined control sequence.
l.163 ...st $\sigma$-algebra containing $\tau_\bfR
                                                  $, we have $\fM(\tau_\bfR)...
The control sequence at the end of the top line
of your error message was never \def'ed. If you have
misspelled it (e.g., `\hobx'), type `I' and the correct
spelling (e.g., `I\hbox'). Otherwise just continue,
and I'll forget about whatever was undefined.

/Users/gcrescenzo/Documents/School/LaTeX Documents/latex-class-notes/Fall 2025/550 Measure Theory/Notes/measures.tex:163: Missing { inserted.
<to be read again> 
                   $
l.163 ...t $\sigma$-algebra containing $\tau_\bfR$
                                                  , we have $\fM(\tau_\bfR) ...
A left brace was mandatory here, so I've put one in.
You might want to delete and/or insert some corrections
so that I will find a matching right brace soon.
(If you're confused by all this, try typing `I}' now.)

/Users/gcrescenzo/Documents/School/LaTeX Documents/latex-class-notes/Fall 2025/550 Measure Theory/Notes/measures.tex:163: Missing } inserted.
<inserted text> 
                }
l.163 ...t $\sigma$-algebra containing $\tau_\bfR$
                                                  , we have $\fM(\tau_\bfR) ...
I've inserted something that you may have forgotten.
(See the <inserted text> above.)
With luck, this will get me unwedged. But if you
really didn't forget anything, try typing `2' now; then
my insertion and my current dilemma will both disappear.

Missing character: There is no , in font nullfont!
Missing character: There is no w in font nullfont!
Missing character: There is no e in font nullfont!
Missing character: There is no h in font nullfont!
Missing character: There is no a in font nullfont!
Missing character: There is no v in font nullfont!
Missing character: There is no e in font nullfont!
/Users/gcrescenzo/Documents/School/LaTeX Documents/latex-class-notes/Fall 2025/550 Measure Theory/Notes/measures.tex:163: Undefined control sequence.
<recently read> \fM 
                    
l.163 ...ebra containing $\tau_\bfR$, we have $\fM
                                                  (\tau_\bfR) = \cB_\bfR \su...
The control sequence at the end of the top line
of your error message was never \def'ed. If you have
misspelled it (e.g., `\hobx'), type `I' and the correct
spelling (e.g., `I\hbox'). Otherwise just continue,
and I'll forget about whatever was undefined.

/Users/gcrescenzo/Documents/School/LaTeX Documents/latex-class-notes/Fall 2025/550 Measure Theory/Notes/measures.tex:163: Undefined control sequence.
l.163 ...ining $\tau_\bfR$, we have $\fM(\tau_\bfR
                                                  ) = \cB_\bfR \subset \fM(\...
The control sequence at the end of the top line
of your error message was never \def'ed. If you have
misspelled it (e.g., `\hobx'), type `I' and the correct
spelling (e.g., `I\hbox'). Otherwise just continue,
and I'll forget about whatever was undefined.

/Users/gcrescenzo/Documents/School/LaTeX Documents/latex-class-notes/Fall 2025/550 Measure Theory/Notes/measures.tex:163: Undefined control sequence.
l.163 ...\tau_\bfR$, we have $\fM(\tau_\bfR) = \cB
                                                  _\bfR \subset \fM(\cE_1)$.
The control sequence at the end of the top line
of your error message was never \def'ed. If you have
misspelled it (e.g., `\hobx'), type `I' and the correct
spelling (e.g., `I\hbox'). Otherwise just continue,
and I'll forget about whatever was undefined.

/Users/gcrescenzo/Documents/School/LaTeX Documents/latex-class-notes/Fall 2025/550 Measure Theory/Notes/measures.tex:163: Undefined control sequence.
l.163 ...\bfR$, we have $\fM(\tau_\bfR) = \cB_\bfR
                                                   \subset \fM(\cE_1)$.
The control sequence at the end of the top line
of your error message was never \def'ed. If you have
misspelled it (e.g., `\hobx'), type `I' and the correct
spelling (e.g., `I\hbox'). Otherwise just continue,
and I'll forget about whatever was undefined.

/Users/gcrescenzo/Documents/School/LaTeX Documents/latex-class-notes/Fall 2025/550 Measure Theory/Notes/measures.tex:163: Undefined control sequence.
l.163 ...ve $\fM(\tau_\bfR) = \cB_\bfR \subset \fM
                                                  (\cE_1)$.
The control sequence at the end of the top line
of your error message was never \def'ed. If you have
misspelled it (e.g., `\hobx'), type `I' and the correct
spelling (e.g., `I\hbox'). Otherwise just continue,
and I'll forget about whatever was undefined.

/Users/gcrescenzo/Documents/School/LaTeX Documents/latex-class-notes/Fall 2025/550 Measure Theory/Notes/measures.tex:163: Undefined control sequence.
l.163 ...\fM(\tau_\bfR) = \cB_\bfR \subset \fM(\cE
                                                  _1)$.
The control sequence at the end of the top line
of your error message was never \def'ed. If you have
misspelled it (e.g., `\hobx'), type `I' and the correct
spelling (e.g., `I\hbox'). Otherwise just continue,
and I'll forget about whatever was undefined.

Missing character: There is no . in font nullfont!

Overfull \hbox (20.0pt too wide) in paragraph at lines 163--164
[]
 []


Overfull \hbox (19.11107pt too wide) in paragraph at lines 163--164
\OML/cmm/m/it/10 I \OMS/cmsy/m/n/10 2[]$
 []


Overfull \hbox (15.12494pt too wide) in paragraph at lines 163--164
\OML/cmm/m/it/10 I \OMS/cmsy/m/n/10 2[]$
 []


Overfull \hbox (5.18054pt too wide) in paragraph at lines 163--164
\OML/cmm/m/it/10 I$
 []


Overfull \hbox (15.54164pt too wide) in paragraph at lines 163--164
[] \OMS/cmsy/m/n/10 ^^Z[]$
 []


Overfull \hbox (0.5pt too wide) in paragraph at lines 163--164
[]$
 []


Overfull \hbox (6.0729pt too wide) in paragraph at lines 163--164
\OML/cmm/m/it/10 ^^[$
 []


Overfull \hbox (4.48613pt too wide) in paragraph at lines 163--164
[]$
 []


Overfull \hbox (12.26393pt too wide) in paragraph at lines 163--164
\OT1/cmr/m/n/10 ([])$
 []


Overfull \hbox (6.0729pt too wide) in paragraph at lines 163--164
\OML/cmm/m/it/10 ^^[$
 []


Overfull \hbox (4.48613pt too wide) in paragraph at lines 163--164
[]$
 []


Overfull \hbox (23.31944pt too wide) in paragraph at lines 163--164
\OT1/cmr/m/n/10 ([]) \OMS/cmsy/m/n/10 ^^Z[]$
 []


Overfull \hbox (17.36243pt too wide) in paragraph at lines 163--164
\OML/cmm/m/it/10 U \OMS/cmsy/m/n/10 2
 []


Overfull \hbox (4.87154pt too wide) in paragraph at lines 163--164
\OML/cmm/m/it/10 ^^\[]$
 []


Overfull \hbox (7.91803pt too wide) in paragraph at lines 163--164
\OML/cmm/m/it/10 U$
 []


Overfull \hbox (17.36243pt too wide) in paragraph at lines 163--164
\OML/cmm/m/it/10 U \OMS/cmsy/m/n/10 2
 []


Overfull \hbox (12.26393pt too wide) in paragraph at lines 163--164
\OT1/cmr/m/n/10 ([])$
 []


Overfull \hbox (23.38548pt too wide) in paragraph at lines 163--164
\OML/cmm/m/it/10 ^^\[]\OT1/cmr/m/n/10 ([])$
 []


Overfull \hbox (12.26393pt too wide) in paragraph at lines 163--164
\OT1/cmr/m/n/10 ([])$
 []


Overfull \hbox (6.0729pt too wide) in paragraph at lines 163--164
\OML/cmm/m/it/10 ^^[$
 []


Overfull \hbox (4.87154pt too wide) in paragraph at lines 163--164
\OML/cmm/m/it/10 ^^\[]$
 []


Overfull \hbox (11.88545pt too wide) in paragraph at lines 163--164
\OT1/cmr/m/n/10 (\OML/cmm/m/it/10 ^^\[]$
 []


Overfull \hbox (6.0729pt too wide) in paragraph at lines 163--164
\OML/cmm/m/it/10 ^^[$
 []


Overfull \hbox (4.87154pt too wide) in paragraph at lines 163--164
\OML/cmm/m/it/10 ^^\[]$
 []


Overfull \hbox (29.19098pt too wide) in paragraph at lines 163--164
\OT1/cmr/m/n/10 (\OML/cmm/m/it/10 ^^\[] \OT1/cmr/m/n/10 =[]
 []


Overfull \hbox (12.26393pt too wide) in paragraph at lines 163--164
\OT1/cmr/m/n/10 ([])$ 
 []

Missing character: There is no ( in font nullfont!
Missing character: There is no 2 in font nullfont!
Missing character: There is no ) in font nullfont!
Missing character: There is no L in font nullfont!
Missing character: There is no e in font nullfont!
Missing character: There is no t in font nullfont!
/Users/gcrescenzo/Documents/School/LaTeX Documents/latex-class-notes/Fall 2025/550 Measure Theory/Notes/measures.tex:165: Undefined control sequence.
l.165             (2) Let $I \in \cE
                                    _1$ be an open interval. Then $I^c$ is a...
The control sequence at the end of the top line
of your error message was never \def'ed. If you have
misspelled it (e.g., `\hobx'), type `I' and the correct
spelling (e.g., `I\hbox'). Otherwise just continue,
and I'll forget about whatever was undefined.

Missing character: There is no b in font nullfont!
Missing character: There is no e in font nullfont!
Missing character: There is no a in font nullfont!
Missing character: There is no n in font nullfont!
Missing character: There is no o in font nullfont!
Missing character: There is no p in font nullfont!
Missing character: There is no e in font nullfont!
Missing character: There is no n in font nullfont!
Missing character: There is no i in font nullfont!
Missing character: There is no n in font nullfont!
Missing character: There is no t in font nullfont!
Missing character: There is no e in font nullfont!
Missing character: There is no r in font nullfont!
Missing character: There is no v in font nullfont!
Missing character: There is no a in font nullfont!
Missing character: There is no l in font nullfont!
Missing character: There is no . in font nullfont!
Missing character: There is no T in font nullfont!
Missing character: There is no h in font nullfont!
Missing character: There is no e in font nullfont!
Missing character: There is no n in font nullfont!
Missing character: There is no i in font nullfont!
Missing character: There is no s in font nullfont!
Missing character: There is no a in font nullfont!
Missing character: There is no c in font nullfont!
Missing character: There is no l in font nullfont!
Missing character: There is no o in font nullfont!
Missing character: There is no s in font nullfont!
Missing character: There is no e in font nullfont!
Missing character: There is no d in font nullfont!
Missing character: There is no i in font nullfont!
Missing character: There is no n in font nullfont!
Missing character: There is no t in font nullfont!
Missing character: There is no e in font nullfont!
Missing character: There is no r in font nullfont!
Missing character: There is no v in font nullfont!
Missing character: There is no a in font nullfont!
Missing character: There is no l in font nullfont!
Missing character: There is no , in font nullfont!
Missing character: There is no h in font nullfont!
Missing character: There is no e in font nullfont!
Missing character: There is no n in font nullfont!
Missing character: There is no c in font nullfont!
Missing character: There is no e in font nullfont!
Missing character: There is no i in font nullfont!
Missing character: There is no t in font nullfont!
Missing character: There is no i in font nullfont!
Missing character: There is no s in font nullfont!
Missing character: There is no c in font nullfont!
Missing character: There is no o in font nullfont!
Missing character: There is no n in font nullfont!
Missing character: There is no t in font nullfont!
Missing character: There is no a in font nullfont!
Missing character: There is no i in font nullfont!
Missing character: There is no n in font nullfont!
Missing character: There is no e in font nullfont!
Missing character: There is no d in font nullfont!
Missing character: There is no i in font nullfont!
Missing character: There is no n in font nullfont!
/Users/gcrescenzo/Documents/School/LaTeX Documents/latex-class-notes/Fall 2025/550 Measure Theory/Notes/measures.tex:165: Undefined control sequence.
<recently read> \fM 
                    
l.165 ...d interval, hence it is contained in $\fM
                                                  (\cE_2)$. Whence $\fM(\cE_...
The control sequence at the end of the top line
of your error message was never \def'ed. If you have
misspelled it (e.g., `\hobx'), type `I' and the correct
spelling (e.g., `I\hbox'). Otherwise just continue,
and I'll forget about whatever was undefined.

/Users/gcrescenzo/Documents/School/LaTeX Documents/latex-class-notes/Fall 2025/550 Measure Theory/Notes/measures.tex:165: Undefined control sequence.
l.165 ...terval, hence it is contained in $\fM(\cE
                                                  _2)$. Whence $\fM(\cE_1) \...
The control sequence at the end of the top line
of your error message was never \def'ed. If you have
misspelled it (e.g., `\hobx'), type `I' and the correct
spelling (e.g., `I\hbox'). Otherwise just continue,
and I'll forget about whatever was undefined.

Missing character: There is no . in font nullfont!
Missing character: There is no W in font nullfont!
Missing character: There is no h in font nullfont!
Missing character: There is no e in font nullfont!
Missing character: There is no n in font nullfont!
Missing character: There is no c in font nullfont!
Missing character: There is no e in font nullfont!
/Users/gcrescenzo/Documents/School/LaTeX Documents/latex-class-notes/Fall 2025/550 Measure Theory/Notes/measures.tex:165: Undefined control sequence.
<recently read> \fM 
                    
l.165 ...is contained in $\fM(\cE_2)$. Whence $\fM
                                                  (\cE_1) \subset \fM(\cE_2)...
The control sequence at the end of the top line
of your error message was never \def'ed. If you have
misspelled it (e.g., `\hobx'), type `I' and the correct
spelling (e.g., `I\hbox'). Otherwise just continue,
and I'll forget about whatever was undefined.

/Users/gcrescenzo/Documents/School/LaTeX Documents/latex-class-notes/Fall 2025/550 Measure Theory/Notes/measures.tex:165: Undefined control sequence.
l.165 ...ontained in $\fM(\cE_2)$. Whence $\fM(\cE
                                                  _1) \subset \fM(\cE_2)$. C...
The control sequence at the end of the top line
of your error message was never \def'ed. If you have
misspelled it (e.g., `\hobx'), type `I' and the correct
spelling (e.g., `I\hbox'). Otherwise just continue,
and I'll forget about whatever was undefined.

/Users/gcrescenzo/Documents/School/LaTeX Documents/latex-class-notes/Fall 2025/550 Measure Theory/Notes/measures.tex:165: Undefined control sequence.
l.165 ...M(\cE_2)$. Whence $\fM(\cE_1) \subset \fM
                                                  (\cE_2)$. Conversely, let ...
The control sequence at the end of the top line
of your error message was never \def'ed. If you have
misspelled it (e.g., `\hobx'), type `I' and the correct
spelling (e.g., `I\hbox'). Otherwise just continue,
and I'll forget about whatever was undefined.

/Users/gcrescenzo/Documents/School/LaTeX Documents/latex-class-notes/Fall 2025/550 Measure Theory/Notes/measures.tex:165: Undefined control sequence.
l.165 ...E_2)$. Whence $\fM(\cE_1) \subset \fM(\cE
                                                  _2)$. Conversely, let $C \...
The control sequence at the end of the top line
of your error message was never \def'ed. If you have
misspelled it (e.g., `\hobx'), type `I' and the correct
spelling (e.g., `I\hbox'). Otherwise just continue,
and I'll forget about whatever was undefined.

Missing character: There is no . in font nullfont!
Missing character: There is no C in font nullfont!
Missing character: There is no o in font nullfont!
Missing character: There is no n in font nullfont!
Missing character: There is no v in font nullfont!
Missing character: There is no e in font nullfont!
Missing character: There is no r in font nullfont!
Missing character: There is no s in font nullfont!
Missing character: There is no e in font nullfont!
Missing character: There is no l in font nullfont!
Missing character: There is no y in font nullfont!
Missing character: There is no , in font nullfont!
Missing character: There is no l in font nullfont!
Missing character: There is no e in font nullfont!
Missing character: There is no t in font nullfont!
/Users/gcrescenzo/Documents/School/LaTeX Documents/latex-class-notes/Fall 2025/550 Measure Theory/Notes/measures.tex:165: Undefined control sequence.
l.165 ...t \fM(\cE_2)$. Conversely, let $C \in \cE
                                                  _2$ be a closed interval. ...
The control sequence at the end of the top line
of your error message was never \def'ed. If you have
misspelled it (e.g., `\hobx'), type `I' and the correct
spelling (e.g., `I\hbox'). Otherwise just continue,
and I'll forget about whatever was undefined.

Missing character: There is no b in font nullfont!
Missing character: There is no e in font nullfont!
Missing character: There is no a in font nullfont!
Missing character: There is no c in font nullfont!
Missing character: There is no l in font nullfont!
Missing character: There is no o in font nullfont!
Missing character: There is no s in font nullfont!
Missing character: There is no e in font nullfont!
Missing character: There is no d in font nullfont!
Missing character: There is no i in font nullfont!
Missing character: There is no n in font nullfont!
Missing character: There is no t in font nullfont!
Missing character: There is no e in font nullfont!
Missing character: There is no r in font nullfont!
Missing character: There is no v in font nullfont!
Missing character: There is no a in font nullfont!
Missing character: There is no l in font nullfont!
Missing character: There is no . in font nullfont!
Missing character: There is no T in font nullfont!
Missing character: There is no h in font nullfont!
Missing character: There is no e in font nullfont!
Missing character: There is no n in font nullfont!
Missing character: There is no c in font nullfont!
Missing character: There is no a in font nullfont!
Missing character: There is no n in font nullfont!
Missing character: There is no b in font nullfont!
Missing character: There is no e in font nullfont!
Missing character: There is no w in font nullfont!
Missing character: There is no r in font nullfont!
Missing character: There is no i in font nullfont!
Missing character: There is no t in font nullfont!
Missing character: There is no t in font nullfont!
Missing character: There is no e in font nullfont!
Missing character: There is no n in font nullfont!
Missing character: There is no a in font nullfont!
Missing character: There is no s in font nullfont!
Missing character: There is no t in font nullfont!
Missing character: There is no h in font nullfont!
Missing character: There is no e in font nullfont!
Missing character: There is no c in font nullfont!
Missing character: There is no o in font nullfont!
Missing character: There is no u in font nullfont!
Missing character: There is no n in font nullfont!
Missing character: There is no t in font nullfont!
Missing character: There is no a in font nullfont!
Missing character: There is no b in font nullfont!
Missing character: There is no l in font nullfont!
Missing character: There is no e in font nullfont!
Missing character: There is no i in font nullfont!
Missing character: There is no n in font nullfont!
Missing character: There is no t in font nullfont!
Missing character: There is no e in font nullfont!
Missing character: There is no r in font nullfont!
Missing character: There is no s in font nullfont!
Missing character: There is no e in font nullfont!
Missing character: There is no c in font nullfont!
Missing character: There is no t in font nullfont!
Missing character: There is no i in font nullfont!
Missing character: There is no o in font nullfont!
Missing character: There is no n in font nullfont!
Missing character: There is no o in font nullfont!
Missing character: There is no f in font nullfont!
Missing character: There is no o in font nullfont!
Missing character: There is no p in font nullfont!
Missing character: There is no e in font nullfont!
Missing character: There is no n in font nullfont!
Missing character: There is no s in font nullfont!
Missing character: There is no e in font nullfont!
Missing character: There is no t in font nullfont!
Missing character: There is no s in font nullfont!
Missing character: There is no . in font nullfont!
Missing character: There is no T in font nullfont!
Missing character: There is no h in font nullfont!
Missing character: There is no i in font nullfont!
Missing character: There is no s in font nullfont!
Missing character: There is no m in font nullfont!
Missing character: There is no e in font nullfont!
Missing character: There is no a in font nullfont!
Missing character: There is no n in font nullfont!
Missing character: There is no s in font nullfont!
/Users/gcrescenzo/Documents/School/LaTeX Documents/latex-class-notes/Fall 2025/550 Measure Theory/Notes/measures.tex:165: Undefined control sequence.
l.165 ...ction of open sets. This means $C \in \fM
                                                  (\cE_1)$. Whence $\fM(\cE_...
The control sequence at the end of the top line
of your error message was never \def'ed. If you have
misspelled it (e.g., `\hobx'), type `I' and the correct
spelling (e.g., `I\hbox'). Otherwise just continue,
and I'll forget about whatever was undefined.

/Users/gcrescenzo/Documents/School/LaTeX Documents/latex-class-notes/Fall 2025/550 Measure Theory/Notes/measures.tex:165: Undefined control sequence.
l.165 ...n of open sets. This means $C \in \fM(\cE
                                                  _1)$. Whence $\fM(\cE_2) \...
The control sequence at the end of the top line
of your error message was never \def'ed. If you have
misspelled it (e.g., `\hobx'), type `I' and the correct
spelling (e.g., `I\hbox'). Otherwise just continue,
and I'll forget about whatever was undefined.

Missing character: There is no . in font nullfont!
Missing character: There is no W in font nullfont!
Missing character: There is no h in font nullfont!
Missing character: There is no e in font nullfont!
Missing character: There is no n in font nullfont!
Missing character: There is no c in font nullfont!
Missing character: There is no e in font nullfont!
/Users/gcrescenzo/Documents/School/LaTeX Documents/latex-class-notes/Fall 2025/550 Measure Theory/Notes/measures.tex:165: Undefined control sequence.
<recently read> \fM 
                    
l.165 ...his means $C \in \fM(\cE_1)$. Whence $\fM
                                                  (\cE_2) \subset \fM(\cE_1)...
The control sequence at the end of the top line
of your error message was never \def'ed. If you have
misspelled it (e.g., `\hobx'), type `I' and the correct
spelling (e.g., `I\hbox'). Otherwise just continue,
and I'll forget about whatever was undefined.

/Users/gcrescenzo/Documents/School/LaTeX Documents/latex-class-notes/Fall 2025/550 Measure Theory/Notes/measures.tex:165: Undefined control sequence.
l.165 ...means $C \in \fM(\cE_1)$. Whence $\fM(\cE
                                                  _2) \subset \fM(\cE_1)$. T...
The control sequence at the end of the top line
of your error message was never \def'ed. If you have
misspelled it (e.g., `\hobx'), type `I' and the correct
spelling (e.g., `I\hbox'). Otherwise just continue,
and I'll forget about whatever was undefined.

/Users/gcrescenzo/Documents/School/LaTeX Documents/latex-class-notes/Fall 2025/550 Measure Theory/Notes/measures.tex:165: Undefined control sequence.
l.165 ...M(\cE_1)$. Whence $\fM(\cE_2) \subset \fM
                                                  (\cE_1)$. Thus $\fM(\cE_2)...
The control sequence at the end of the top line
of your error message was never \def'ed. If you have
misspelled it (e.g., `\hobx'), type `I' and the correct
spelling (e.g., `I\hbox'). Otherwise just continue,
and I'll forget about whatever was undefined.

/Users/gcrescenzo/Documents/School/LaTeX Documents/latex-class-notes/Fall 2025/550 Measure Theory/Notes/measures.tex:165: Undefined control sequence.
l.165 ...E_1)$. Whence $\fM(\cE_2) \subset \fM(\cE
                                                  _1)$. Thus $\fM(\cE_2) = \...
The control sequence at the end of the top line
of your error message was never \def'ed. If you have
misspelled it (e.g., `\hobx'), type `I' and the correct
spelling (e.g., `I\hbox'). Otherwise just continue,
and I'll forget about whatever was undefined.

Missing character: There is no . in font nullfont!
Missing character: There is no T in font nullfont!
Missing character: There is no h in font nullfont!
Missing character: There is no u in font nullfont!
Missing character: There is no s in font nullfont!
/Users/gcrescenzo/Documents/School/LaTeX Documents/latex-class-notes/Fall 2025/550 Measure Theory/Notes/measures.tex:165: Undefined control sequence.
<recently read> \fM 
                    
l.165 ...\fM(\cE_2) \subset \fM(\cE_1)$. Thus $\fM
                                                  (\cE_2) = \fM(\cE_1) = \cB...
The control sequence at the end of the top line
of your error message was never \def'ed. If you have
misspelled it (e.g., `\hobx'), type `I' and the correct
spelling (e.g., `I\hbox'). Otherwise just continue,
and I'll forget about whatever was undefined.

/Users/gcrescenzo/Documents/School/LaTeX Documents/latex-class-notes/Fall 2025/550 Measure Theory/Notes/measures.tex:165: Undefined control sequence.
l.165 ...\cE_2) \subset \fM(\cE_1)$. Thus $\fM(\cE
                                                  _2) = \fM(\cE_1) = \cB_\bfR$.
The control sequence at the end of the top line
of your error message was never \def'ed. If you have
misspelled it (e.g., `\hobx'), type `I' and the correct
spelling (e.g., `I\hbox'). Otherwise just continue,
and I'll forget about whatever was undefined.

/Users/gcrescenzo/Documents/School/LaTeX Documents/latex-class-notes/Fall 2025/550 Measure Theory/Notes/measures.tex:165: Undefined control sequence.
l.165 ...ubset \fM(\cE_1)$. Thus $\fM(\cE_2) = \fM
                                                  (\cE_1) = \cB_\bfR$.
The control sequence at the end of the top line
of your error message was never \def'ed. If you have
misspelled it (e.g., `\hobx'), type `I' and the correct
spelling (e.g., `I\hbox'). Otherwise just continue,
and I'll forget about whatever was undefined.

/Users/gcrescenzo/Documents/School/LaTeX Documents/latex-class-notes/Fall 2025/550 Measure Theory/Notes/measures.tex:165: Undefined control sequence.
l.165 ...t \fM(\cE_1)$. Thus $\fM(\cE_2) = \fM(\cE
                                                  _1) = \cB_\bfR$.
The control sequence at the end of the top line
of your error message was never \def'ed. If you have
misspelled it (e.g., `\hobx'), type `I' and the correct
spelling (e.g., `I\hbox'). Otherwise just continue,
and I'll forget about whatever was undefined.

/Users/gcrescenzo/Documents/School/LaTeX Documents/latex-class-notes/Fall 2025/550 Measure Theory/Notes/measures.tex:165: Undefined control sequence.
l.165 ..._1)$. Thus $\fM(\cE_2) = \fM(\cE_1) = \cB
                                                  _\bfR$.
The control sequence at the end of the top line
of your error message was never \def'ed. If you have
misspelled it (e.g., `\hobx'), type `I' and the correct
spelling (e.g., `I\hbox'). Otherwise just continue,
and I'll forget about whatever was undefined.

/Users/gcrescenzo/Documents/School/LaTeX Documents/latex-class-notes/Fall 2025/550 Measure Theory/Notes/measures.tex:165: Undefined control sequence.
l.165 ... Thus $\fM(\cE_2) = \fM(\cE_1) = \cB_\bfR
                                                  $.
The control sequence at the end of the top line
of your error message was never \def'ed. If you have
misspelled it (e.g., `\hobx'), type `I' and the correct
spelling (e.g., `I\hbox'). Otherwise just continue,
and I'll forget about whatever was undefined.

/Users/gcrescenzo/Documents/School/LaTeX Documents/latex-class-notes/Fall 2025/550 Measure Theory/Notes/measures.tex:165: Missing { inserted.
<to be read again> 
                   $
l.165 ...Thus $\fM(\cE_2) = \fM(\cE_1) = \cB_\bfR$
                                                  .
A left brace was mandatory here, so I've put one in.
You might want to delete and/or insert some corrections
so that I will find a matching right brace soon.
(If you're confused by all this, try typing `I}' now.)

/Users/gcrescenzo/Documents/School/LaTeX Documents/latex-class-notes/Fall 2025/550 Measure Theory/Notes/measures.tex:165: Missing } inserted.
<inserted text> 
                }
l.165 ...Thus $\fM(\cE_2) = \fM(\cE_1) = \cB_\bfR$
                                                  .
I've inserted something that you may have forgotten.
(See the <inserted text> above.)
With luck, this will get me unwedged. But if you
really didn't forget anything, try typing `2' now; then
my insertion and my current dilemma will both disappear.

Missing character: There is no . in font nullfont!
Missing character: There is no . in font nullfont!
Missing character: There is no . in font nullfont!
Missing character: There is no . in font nullfont!

/Users/gcrescenzo/Documents/School/LaTeX Documents/latex-class-notes/Fall 2025/550 Measure Theory/Notes/measures.tex:167: LaTeX Error: \begin{document} ended by \end{proof}.

See the LaTeX manual or LaTeX Companion for explanation.
Type  H <return>  for immediate help.
 ...                                              
                                                  
l.167         \end{proof}
                         
Your command was ignored.
Type  I <command> <return>  to replace it with another command,
or  <return>  to continue without it.


Overfull \hbox (20.0pt too wide) in paragraph at lines 165--168
[]
 []


Overfull \hbox (19.11107pt too wide) in paragraph at lines 165--168
\OML/cmm/m/it/10 I \OMS/cmsy/m/n/10 2[]$
 []


Overfull \hbox (9.25429pt too wide) in paragraph at lines 165--168
\OML/cmm/m/it/10 I[]$
 []


Overfull \hbox (12.26393pt too wide) in paragraph at lines 165--168
\OT1/cmr/m/n/10 ([])$
 []


Overfull \hbox (22.81944pt too wide) in paragraph at lines 165--168
\OT1/cmr/m/n/10 ([]) \OMS/cmsy/m/n/10 ^^Z
 []


Overfull \hbox (12.26393pt too wide) in paragraph at lines 165--168
\OT1/cmr/m/n/10 ([])$
 []


Overfull \hbox (21.79301pt too wide) in paragraph at lines 165--168
\OML/cmm/m/it/10 C \OMS/cmsy/m/n/10 2[]$
 []


Overfull \hbox (7.86249pt too wide) in paragraph at lines 165--168
\OML/cmm/m/it/10 C$
 []


Overfull \hbox (17.30688pt too wide) in paragraph at lines 165--168
\OML/cmm/m/it/10 C \OMS/cmsy/m/n/10 2
 []


Overfull \hbox (12.26393pt too wide) in paragraph at lines 165--168
\OT1/cmr/m/n/10 ([])$
 []


Overfull \hbox (22.81944pt too wide) in paragraph at lines 165--168
\OT1/cmr/m/n/10 ([]) \OMS/cmsy/m/n/10 ^^Z
 []


Overfull \hbox (12.26393pt too wide) in paragraph at lines 165--168
\OT1/cmr/m/n/10 ([])$
 []


Overfull \hbox (22.81944pt too wide) in paragraph at lines 165--168
\OT1/cmr/m/n/10 ([]) =
 []


Overfull \hbox (23.31944pt too wide) in paragraph at lines 165--168
\OT1/cmr/m/n/10 ([]) =[]$
 []


Overfull \hbox (20.0pt too wide) in paragraph at lines 169--169
[] 
 []


/Users/gcrescenzo/Documents/School/LaTeX Documents/latex-class-notes/Fall 2025/550 Measure Theory/Notes/measures.tex:170: LaTeX Error: Environment tikzpicture undefined.

See the LaTeX manual or LaTeX Companion for explanation.
Type  H <return>  for immediate help.
 ...                                              
                                                  
l.170         \begin{tikzpicture}
                                 
Your command was ignored.
Type  I <command> <return>  to replace it with another command,
or  <return>  to continue without it.

/Users/gcrescenzo/Documents/School/LaTeX Documents/latex-class-notes/Fall 2025/550 Measure Theory/Notes/measures.tex:171: Undefined control sequence.
l.171             \draw
                       [thick] (0.3,0) -- (2.3,0);
The control sequence at the end of the top line
of your error message was never \def'ed. If you have
misspelled it (e.g., `\hobx'), type `I' and the correct
spelling (e.g., `I\hbox'). Otherwise just continue,
and I'll forget about whatever was undefined.

Missing character: There is no [ in font nullfont!
Missing character: There is no t in font nullfont!
Missing character: There is no h in font nullfont!
Missing character: There is no i in font nullfont!
Missing character: There is no c in font nullfont!
Missing character: There is no k in font nullfont!
Missing character: There is no ] in font nullfont!
Missing character: There is no ( in font nullfont!
Missing character: There is no 0 in font nullfont!
Missing character: There is no . in font nullfont!
Missing character: There is no 3 in font nullfont!
Missing character: There is no , in font nullfont!
Missing character: There is no 0 in font nullfont!
Missing character: There is no ) in font nullfont!
Missing character: There is no - in font nullfont!
Missing character: There is no - in font nullfont!
Missing character: There is no ( in font nullfont!
Missing character: There is no 2 in font nullfont!
Missing character: There is no . in font nullfont!
Missing character: There is no 3 in font nullfont!
Missing character: There is no , in font nullfont!
Missing character: There is no 0 in font nullfont!
Missing character: There is no ) in font nullfont!
Missing character: There is no ; in font nullfont!
/Users/gcrescenzo/Documents/School/LaTeX Documents/latex-class-notes/Fall 2025/550 Measure Theory/Notes/measures.tex:172: Undefined control sequence.
l.172             \node
                        at (2.39, 0) {$/\,$};
The control sequence at the end of the top line
of your error message was never \def'ed. If you have
misspelled it (e.g., `\hobx'), type `I' and the correct
spelling (e.g., `I\hbox'). Otherwise just continue,
and I'll forget about whatever was undefined.

Missing character: There is no a in font nullfont!
Missing character: There is no t in font nullfont!
Missing character: There is no ( in font nullfont!
Missing character: There is no 2 in font nullfont!
Missing character: There is no . in font nullfont!
Missing character: There is no 3 in font nullfont!
Missing character: There is no 9 in font nullfont!
Missing character: There is no , in font nullfont!
Missing character: There is no 0 in font nullfont!
Missing character: There is no ) in font nullfont!
Missing character: There is no ; in font nullfont!
/Users/gcrescenzo/Documents/School/LaTeX Documents/latex-class-notes/Fall 2025/550 Measure Theory/Notes/measures.tex:173: Undefined control sequence.
l.173             \node
                        at (2.56, 0) {$/\,$};
The control sequence at the end of the top line
of your error message was never \def'ed. If you have
misspelled it (e.g., `\hobx'), type `I' and the correct
spelling (e.g., `I\hbox'). Otherwise just continue,
and I'll forget about whatever was undefined.

Missing character: There is no a in font nullfont!
Missing character: There is no t in font nullfont!
Missing character: There is no ( in font nullfont!
Missing character: There is no 2 in font nullfont!
Missing character: There is no . in font nullfont!
Missing character: There is no 5 in font nullfont!
Missing character: There is no 6 in font nullfont!
Missing character: There is no , in font nullfont!
Missing character: There is no 0 in font nullfont!
Missing character: There is no ) in font nullfont!
Missing character: There is no ; in font nullfont!
/Users/gcrescenzo/Documents/School/LaTeX Documents/latex-class-notes/Fall 2025/550 Measure Theory/Notes/measures.tex:174: Undefined control sequence.
l.174             \draw
                       [thick] (2.6,0) -- (4.6,0);
The control sequence at the end of the top line
of your error message was never \def'ed. If you have
misspelled it (e.g., `\hobx'), type `I' and the correct
spelling (e.g., `I\hbox'). Otherwise just continue,
and I'll forget about whatever was undefined.

Missing character: There is no [ in font nullfont!
Missing character: There is no t in font nullfont!
Missing character: There is no h in font nullfont!
Missing character: There is no i in font nullfont!
Missing character: There is no c in font nullfont!
Missing character: There is no k in font nullfont!
Missing character: There is no ] in font nullfont!
Missing character: There is no ( in font nullfont!
Missing character: There is no 2 in font nullfont!
Missing character: There is no . in font nullfont!
Missing character: There is no 6 in font nullfont!
Missing character: There is no , in font nullfont!
Missing character: There is no 0 in font nullfont!
Missing character: There is no ) in font nullfont!
Missing character: There is no - in font nullfont!
Missing character: There is no - in font nullfont!
Missing character: There is no ( in font nullfont!
Missing character: There is no 4 in font nullfont!
Missing character: There is no . in font nullfont!
Missing character: There is no 6 in font nullfont!
Missing character: There is no , in font nullfont!
Missing character: There is no 0 in font nullfont!
Missing character: There is no ) in font nullfont!
Missing character: There is no ; in font nullfont!

/Users/gcrescenzo/Documents/School/LaTeX Documents/latex-class-notes/Fall 2025/550 Measure Theory/Notes/measures.tex:175: LaTeX Error: \begin{center} on input line 169 ended by \end{tikzpicture}.

See the LaTeX manual or LaTeX Companion for explanation.
Type  H <return>  for immediate help.
 ...                                              
                                                  
l.175         \end{tikzpicture}
                               
Your command was ignored.
Type  I <command> <return>  to replace it with another command,
or  <return>  to continue without it.


Overfull \hbox (6.66664pt too wide) in paragraph at lines 171--176
 \OML/cmm/m/it/10 = $ 
 []


Overfull \hbox (6.66664pt too wide) in paragraph at lines 171--176
 \OML/cmm/m/it/10 = $ 
 []

Missing character: There is no G in font nullfont!
Missing character: There is no i in font nullfont!
Missing character: There is no v in font nullfont!
Missing character: There is no e in font nullfont!
Missing character: There is no n in font nullfont!
Missing character: There is no t in font nullfont!
Missing character: There is no w in font nullfont!
Missing character: There is no o in font nullfont!
Missing character: There is no s in font nullfont!
Missing character: There is no e in font nullfont!
Missing character: There is no t in font nullfont!
Missing character: There is no s in font nullfont!
Missing character: There is no a in font nullfont!
Missing character: There is no n in font nullfont!
Missing character: There is no d in font nullfont!
Missing character: There is no w in font nullfont!
Missing character: There is no i in font nullfont!
Missing character: There is no t in font nullfont!
Missing character: There is no h in font nullfont!
Missing character: There is no r in font nullfont!
Missing character: There is no e in font nullfont!
Missing character: There is no s in font nullfont!
Missing character: There is no p in font nullfont!
Missing character: There is no e in font nullfont!
Missing character: There is no c in font nullfont!
Missing character: There is no t in font nullfont!
Missing character: There is no i in font nullfont!
Missing character: There is no v in font nullfont!
Missing character: There is no e in font nullfont!
Missing character: There is no - in font nullfont!
Missing character: There is no a in font nullfont!
Missing character: There is no l in font nullfont!
Missing character: There is no g in font nullfont!
Missing character: There is no e in font nullfont!
Missing character: There is no b in font nullfont!
Missing character: There is no r in font nullfont!
Missing character: There is no a in font nullfont!
Missing character: There is no s in font nullfont!
/Users/gcrescenzo/Documents/School/LaTeX Documents/latex-class-notes/Fall 2025/550 Measure Theory/Notes/measures.tex:178: Undefined control sequence.
<recently read> \cM 
                    
l.178 ...2$ with respective $\sigma$-algebras $\cM
                                                  _1$ and $\cM_2$, we'd like...
The control sequence at the end of the top line
of your error message was never \def'ed. If you have
misspelled it (e.g., `\hobx'), type `I' and the correct
spelling (e.g., `I\hbox'). Otherwise just continue,
and I'll forget about whatever was undefined.

Missing character: There is no a in font nullfont!
Missing character: There is no n in font nullfont!
Missing character: There is no d in font nullfont!
/Users/gcrescenzo/Documents/School/LaTeX Documents/latex-class-notes/Fall 2025/550 Measure Theory/Notes/measures.tex:178: Undefined control sequence.
<recently read> \cM 
                    
l.178 ...ective $\sigma$-algebras $\cM_1$ and $\cM
                                                  _2$, we'd like to better u...
The control sequence at the end of the top line
of your error message was never \def'ed. If you have
misspelled it (e.g., `\hobx'), type `I' and the correct
spelling (e.g., `I\hbox'). Otherwise just continue,
and I'll forget about whatever was undefined.

Missing character: There is no , in font nullfont!
Missing character: There is no w in font nullfont!
Missing character: There is no e in font nullfont!
Missing character: There is no ' in font nullfont!
Missing character: There is no d in font nullfont!
Missing character: There is no l in font nullfont!
Missing character: There is no i in font nullfont!
Missing character: There is no k in font nullfont!
Missing character: There is no e in font nullfont!
Missing character: There is no t in font nullfont!
Missing character: There is no o in font nullfont!
Missing character: There is no b in font nullfont!
Missing character: There is no e in font nullfont!
Missing character: There is no t in font nullfont!
Missing character: There is no t in font nullfont!
Missing character: There is no e in font nullfont!
Missing character: There is no r in font nullfont!
Missing character: There is no u in font nullfont!
Missing character: There is no n in font nullfont!
Missing character: There is no d in font nullfont!
Missing character: There is no e in font nullfont!
Missing character: There is no r in font nullfont!
Missing character: There is no s in font nullfont!
Missing character: There is no t in font nullfont!
Missing character: There is no a in font nullfont!
Missing character: There is no n in font nullfont!
Missing character: There is no d in font nullfont!
Missing character: There is no w in font nullfont!
Missing character: There is no h in font nullfont!
Missing character: There is no a in font nullfont!
Missing character: There is no t in font nullfont!
Missing character: There is no a in font nullfont!
Missing character: There is no - in font nullfont!
Missing character: There is no a in font nullfont!
Missing character: There is no l in font nullfont!
Missing character: There is no g in font nullfont!
Missing character: There is no e in font nullfont!
Missing character: There is no b in font nullfont!
Missing character: There is no r in font nullfont!
Missing character: There is no a in font nullfont!
Missing character: There is no o in font nullfont!
Missing character: There is no n in font nullfont!
Missing character: There is no l in font nullfont!
Missing character: There is no o in font nullfont!
Missing character: There is no o in font nullfont!
Missing character: There is no k in font nullfont!
Missing character: There is no s in font nullfont!
Missing character: There is no l in font nullfont!
Missing character: There is no i in font nullfont!
Missing character: There is no k in font nullfont!
Missing character: There is no e in font nullfont!
Missing character: There is no . in font nullfont!
Missing character: There is no C in font nullfont!
Missing character: There is no o in font nullfont!
Missing character: There is no m in font nullfont!
Missing character: There is no p in font nullfont!
Missing character: There is no l in font nullfont!
Missing character: There is no i in font nullfont!
Missing character: There is no c in font nullfont!
Missing character: There is no a in font nullfont!
Missing character: There is no t in font nullfont!
Missing character: There is no i in font nullfont!
Missing character: There is no o in font nullfont!
Missing character: There is no n in font nullfont!
Missing character: There is no s in font nullfont!
Missing character: There is no a in font nullfont!
Missing character: There is no r in font nullfont!
Missing character: There is no i in font nullfont!
Missing character: There is no s in font nullfont!
Missing character: There is no e in font nullfont!
Missing character: There is no d in font nullfont!
Missing character: There is no e in font nullfont!
Missing character: There is no p in font nullfont!
Missing character: There is no e in font nullfont!
Missing character: There is no n in font nullfont!
Missing character: There is no d in font nullfont!
Missing character: There is no i in font nullfont!
Missing character: There is no n in font nullfont!
Missing character: There is no g in font nullfont!
Missing character: There is no o in font nullfont!
Missing character: There is no n in font nullfont!
Missing character: There is no t in font nullfont!
Missing character: There is no h in font nullfont!
Missing character: There is no e in font nullfont!
Missing character: There is no c in font nullfont!
Missing character: There is no a in font nullfont!
Missing character: There is no r in font nullfont!
Missing character: There is no d in font nullfont!
Missing character: There is no i in font nullfont!
Missing character: There is no n in font nullfont!
Missing character: There is no a in font nullfont!
Missing character: There is no l in font nullfont!
Missing character: There is no i in font nullfont!
Missing character: There is no t in font nullfont!
Missing character: There is no y in font nullfont!
Missing character: There is no o in font nullfont!
Missing character: There is no f in font nullfont!
Missing character: There is no o in font nullfont!
Missing character: There is no u in font nullfont!
Missing character: There is no r in font nullfont!
Missing character: There is no i in font nullfont!
Missing character: There is no n in font nullfont!
Missing character: There is no d in font nullfont!
Missing character: There is no e in font nullfont!
Missing character: There is no x in font nullfont!
Missing character: There is no s in font nullfont!
Missing character: There is no e in font nullfont!
Missing character: There is no t in font nullfont!
Missing character: There is no , in font nullfont!
Missing character: There is no s in font nullfont!
Missing character: There is no o in font nullfont!
Missing character: There is no f in font nullfont!
Missing character: There is no o in font nullfont!
Missing character: There is no r in font nullfont!
Missing character: There is no t in font nullfont!
Missing character: There is no h in font nullfont!
Missing character: There is no i in font nullfont!
Missing character: There is no s in font nullfont!
Missing character: There is no r in font nullfont!
Missing character: There is no e in font nullfont!
Missing character: There is no a in font nullfont!
Missing character: There is no s in font nullfont!
Missing character: There is no o in font nullfont!
Missing character: There is no n in font nullfont!
Missing character: There is no i in font nullfont!
Missing character: There is no t in font nullfont!
Missing character: There is no h in font nullfont!
Missing character: There is no e in font nullfont!
Missing character: There is no l in font nullfont!
Missing character: There is no p in font nullfont!
Missing character: There is no s in font nullfont!
Missing character: There is no t in font nullfont!
Missing character: There is no o in font nullfont!
Missing character: There is no s in font nullfont!
Missing character: There is no e in font nullfont!
Missing character: There is no e in font nullfont!
Missing character: There is no t in font nullfont!
Missing character: There is no h in font nullfont!
Missing character: There is no e in font nullfont!
Missing character: There is no d in font nullfont!
Missing character: There is no e in font nullfont!
Missing character: There is no f in font nullfont!
Missing character: There is no i in font nullfont!
Missing character: There is no n in font nullfont!
Missing character: There is no i in font nullfont!
Missing character: There is no t in font nullfont!
Missing character: There is no i in font nullfont!
Missing character: There is no o in font nullfont!
Missing character: There is no n in font nullfont!
Missing character: There is no o in font nullfont!
Missing character: There is no f in font nullfont!
Missing character: There is no w in font nullfont!
Missing character: There is no h in font nullfont!
Missing character: There is no a in font nullfont!
Missing character: There is no t in font nullfont!
Missing character: There is no p in font nullfont!
Missing character: There is no r in font nullfont!
Missing character: There is no o in font nullfont!
Missing character: There is no d in font nullfont!
Missing character: There is no u in font nullfont!
Missing character: There is no c in font nullfont!
Missing character: There is no t in font nullfont!
Missing character: There is no s in font nullfont!
Missing character: There is no o in font nullfont!
Missing character: There is no f in font nullfont!
Missing character: There is no s in font nullfont!
Missing character: There is no e in font nullfont!
Missing character: There is no t in font nullfont!
Missing character: There is no s in font nullfont!
Missing character: There is no l in font nullfont!
Missing character: There is no o in font nullfont!
Missing character: There is no o in font nullfont!
Missing character: There is no k in font nullfont!
Missing character: There is no l in font nullfont!
Missing character: There is no i in font nullfont!
Missing character: There is no k in font nullfont!
Missing character: There is no e in font nullfont!
Missing character: There is no . in font nullfont!

Overfull \hbox (20.0pt too wide) in paragraph at lines 178--179
[]
 []


Overfull \hbox (12.77086pt too wide) in paragraph at lines 178--179
\OML/cmm/m/it/10 X[]$
 []


Overfull \hbox (12.77086pt too wide) in paragraph at lines 178--179
\OML/cmm/m/it/10 X[]$
 []


Overfull \hbox (6.0729pt too wide) in paragraph at lines 178--179
\OML/cmm/m/it/10 ^^[$
 []


Overfull \hbox (4.48613pt too wide) in paragraph at lines 178--179
[]$
 []


Overfull \hbox (4.48613pt too wide) in paragraph at lines 178--179
[]$
 []


Overfull \hbox (6.0729pt too wide) in paragraph at lines 178--179
\OML/cmm/m/it/10 ^^[$
 []


Overfull \hbox (20.54866pt too wide) in paragraph at lines 178--179
\OML/cmm/m/it/10 X[] \OMS/cmsy/m/n/10 ^^B
 []


Overfull \hbox (12.77086pt too wide) in paragraph at lines 178--179
\OML/cmm/m/it/10 X[]$
 []


Overfull \hbox (16.09985pt too wide) in paragraph at lines 178--179
\OT1/cmr/m/it/10 cat-
 []


Overfull \hbox (8.1777pt too wide) in paragraph at lines 178--179
\OT1/cmr/m/it/10 e-
 []


Overfull \hbox (17.50542pt too wide) in paragraph at lines 178--179
\OT1/cmr/m/it/10 gor-
 []


Overfull \hbox (6.6444pt too wide) in paragraph at lines 178--179
\OT1/cmr/m/it/10 i-
 []


Overfull \hbox (11.75546pt too wide) in paragraph at lines 178--179
\OT1/cmr/m/it/10 cal
 []


/Users/gcrescenzo/Documents/School/LaTeX Documents/latex-class-notes/Fall 2025/550 Measure Theory/Notes/measures.tex:180: LaTeX Error: Environment definition undefined.

See the LaTeX manual or LaTeX Companion for explanation.
Type  H <return>  for immediate help.
 ...                                              
                                                  
l.180     \begin{definition}
                            
Your command was ignored.
Type  I <command> <return>  to replace it with another command,
or  <return>  to continue without it.

Missing character: There is no L in font nullfont!
Missing character: There is no e in font nullfont!
Missing character: There is no t in font nullfont!
Missing character: There is no b in font nullfont!
Missing character: There is no e in font nullfont!
Missing character: There is no a in font nullfont!
Missing character: There is no f in font nullfont!
Missing character: There is no a in font nullfont!
Missing character: There is no m in font nullfont!
Missing character: There is no i in font nullfont!
Missing character: There is no l in font nullfont!
Missing character: There is no y in font nullfont!
Missing character: There is no o in font nullfont!
Missing character: There is no f in font nullfont!
Missing character: There is no o in font nullfont!
Missing character: There is no b in font nullfont!
Missing character: There is no j in font nullfont!
Missing character: There is no e in font nullfont!
Missing character: There is no c in font nullfont!
Missing character: There is no t in font nullfont!
Missing character: There is no s in font nullfont!
Missing character: There is no i in font nullfont!
Missing character: There is no n in font nullfont!
Missing character: There is no d in font nullfont!
Missing character: There is no e in font nullfont!
Missing character: There is no x in font nullfont!
Missing character: There is no e in font nullfont!
Missing character: There is no d in font nullfont!
Missing character: There is no b in font nullfont!
Missing character: There is no y in font nullfont!
Missing character: There is no a in font nullfont!
Missing character: There is no s in font nullfont!
Missing character: There is no e in font nullfont!
Missing character: There is no t in font nullfont!
Missing character: There is no . in font nullfont!
Missing character: There is no A in font nullfont!
Missing character: There is no o in font nullfont!
Missing character: There is no f in font nullfont!
Missing character: There is no t in font nullfont!
Missing character: There is no h in font nullfont!
Missing character: There is no e in font nullfont!
Missing character: There is no f in font nullfont!
Missing character: There is no a in font nullfont!
Missing character: There is no m in font nullfont!
Missing character: There is no i in font nullfont!
Missing character: There is no l in font nullfont!
Missing character: There is no y in font nullfont!
Missing character: There is no i in font nullfont!
Missing character: There is no s in font nullfont!
Missing character: There is no a in font nullfont!
Missing character: There is no n in font nullfont!
Missing character: There is no o in font nullfont!
Missing character: There is no b in font nullfont!
Missing character: There is no j in font nullfont!
Missing character: There is no e in font nullfont!
Missing character: There is no c in font nullfont!
Missing character: There is no t in font nullfont!
Missing character: There is no e in font nullfont!
Missing character: There is no q in font nullfont!
Missing character: There is no u in font nullfont!
Missing character: There is no i in font nullfont!
Missing character: There is no p in font nullfont!
Missing character: There is no p in font nullfont!
Missing character: There is no e in font nullfont!
Missing character: There is no d in font nullfont!
Missing character: There is no w in font nullfont!
Missing character: There is no i in font nullfont!
Missing character: There is no t in font nullfont!
Missing character: There is no h in font nullfont!
Missing character: There is no a in font nullfont!
Missing character: There is no n in font nullfont!
Missing character: There is no - in font nullfont!
Missing character: There is no i in font nullfont!
Missing character: There is no n in font nullfont!
Missing character: There is no d in font nullfont!
Missing character: There is no e in font nullfont!
Missing character: There is no x in font nullfont!
Missing character: There is no e in font nullfont!
Missing character: There is no d in font nullfont!
Missing character: There is no f in font nullfont!
Missing character: There is no a in font nullfont!
Missing character: There is no m in font nullfont!
Missing character: There is no i in font nullfont!
Missing character: There is no l in font nullfont!
Missing character: There is no y in font nullfont!
Missing character: There is no o in font nullfont!
Missing character: There is no f in font nullfont!
Missing character: There is no m in font nullfont!
Missing character: There is no o in font nullfont!
Missing character: There is no r in font nullfont!
Missing character: There is no p in font nullfont!
Missing character: There is no h in font nullfont!
Missing character: There is no i in font nullfont!
Missing character: There is no s in font nullfont!
Missing character: There is no m in font nullfont!
Missing character: There is no s in font nullfont!
Missing character: There is no s in font nullfont!
Missing character: There is no a in font nullfont!
Missing character: There is no t in font nullfont!
Missing character: There is no i in font nullfont!
Missing character: There is no s in font nullfont!
Missing character: There is no f in font nullfont!
Missing character: There is no y in font nullfont!
Missing character: There is no i in font nullfont!
Missing character: There is no n in font nullfont!
Missing character: There is no g in font nullfont!
Missing character: There is no t in font nullfont!
Missing character: There is no h in font nullfont!
Missing character: There is no e in font nullfont!
Missing character: There is no f in font nullfont!
Missing character: There is no o in font nullfont!
Missing character: There is no l in font nullfont!
Missing character: There is no l in font nullfont!
Missing character: There is no o in font nullfont!
Missing character: There is no w in font nullfont!
Missing character: There is no i in font nullfont!
Missing character: There is no n in font nullfont!
Missing character: There is no g in font nullfont!
Missing character: There is no u in font nullfont!
Missing character: There is no n in font nullfont!
Missing character: There is no i in font nullfont!
Missing character: There is no v in font nullfont!
Missing character: There is no e in font nullfont!
Missing character: There is no r in font nullfont!
Missing character: There is no s in font nullfont!
Missing character: There is no a in font nullfont!
Missing character: There is no l in font nullfont!
Missing character: There is no p in font nullfont!
Missing character: There is no r in font nullfont!
Missing character: There is no o in font nullfont!
Missing character: There is no p in font nullfont!
Missing character: There is no e in font nullfont!
Missing character: There is no r in font nullfont!
Missing character: There is no t in font nullfont!
Missing character: There is no y in font nullfont!
Missing character: There is no : in font nullfont!
Missing character: There is no f in font nullfont!
Missing character: There is no o in font nullfont!
Missing character: There is no r in font nullfont!
Missing character: There is no e in font nullfont!
Missing character: There is no v in font nullfont!
Missing character: There is no e in font nullfont!
Missing character: There is no r in font nullfont!
Missing character: There is no y in font nullfont!
Missing character: There is no o in font nullfont!
Missing character: There is no b in font nullfont!
Missing character: There is no j in font nullfont!
Missing character: There is no e in font nullfont!
Missing character: There is no c in font nullfont!
Missing character: There is no t in font nullfont!
Missing character: There is no a in font nullfont!
Missing character: There is no n in font nullfont!
Missing character: There is no d in font nullfont!
Missing character: There is no e in font nullfont!
Missing character: There is no v in font nullfont!
Missing character: There is no e in font nullfont!
Missing character: There is no r in font nullfont!
Missing character: There is no y in font nullfont!
Missing character: There is no - in font nullfont!
Missing character: There is no i in font nullfont!
Missing character: There is no n in font nullfont!
Missing character: There is no d in font nullfont!
Missing character: There is no e in font nullfont!
Missing character: There is no x in font nullfont!
Missing character: There is no e in font nullfont!
Missing character: There is no d in font nullfont!
Missing character: There is no f in font nullfont!
Missing character: There is no a in font nullfont!
Missing character: There is no m in font nullfont!
Missing character: There is no i in font nullfont!
Missing character: There is no l in font nullfont!
Missing character: There is no y in font nullfont!
Missing character: There is no o in font nullfont!
Missing character: There is no f in font nullfont!
Missing character: There is no m in font nullfont!
Missing character: There is no o in font nullfont!
Missing character: There is no r in font nullfont!
Missing character: There is no p in font nullfont!
Missing character: There is no h in font nullfont!
Missing character: There is no i in font nullfont!
Missing character: There is no s in font nullfont!
Missing character: There is no m in font nullfont!
Missing character: There is no s in font nullfont!
Missing character: There is no , in font nullfont!
Missing character: There is no t in font nullfont!
Missing character: There is no h in font nullfont!
Missing character: There is no e in font nullfont!
Missing character: There is no r in font nullfont!
Missing character: There is no e in font nullfont!
Missing character: There is no e in font nullfont!
Missing character: There is no x in font nullfont!
Missing character: There is no i in font nullfont!
Missing character: There is no s in font nullfont!
Missing character: There is no t in font nullfont!
Missing character: There is no s in font nullfont!
Missing character: There is no a in font nullfont!
Missing character: There is no u in font nullfont!
Missing character: There is no n in font nullfont!
Missing character: There is no i in font nullfont!
Missing character: There is no q in font nullfont!
Missing character: There is no u in font nullfont!
Missing character: There is no e in font nullfont!
Missing character: There is no m in font nullfont!
Missing character: There is no o in font nullfont!
Missing character: There is no r in font nullfont!
Missing character: There is no p in font nullfont!
Missing character: There is no h in font nullfont!
Missing character: There is no i in font nullfont!
Missing character: There is no s in font nullfont!
Missing character: There is no m in font nullfont!
Missing character: There is no s in font nullfont!
Missing character: There is no u in font nullfont!
Missing character: There is no c in font nullfont!
Missing character: There is no h in font nullfont!
Missing character: There is no t in font nullfont!
Missing character: There is no h in font nullfont!
Missing character: There is no a in font nullfont!
Missing character: There is no t in font nullfont!
Missing character: There is no t in font nullfont!
Missing character: There is no h in font nullfont!
Missing character: There is no e in font nullfont!
Missing character: There is no f in font nullfont!
Missing character: There is no o in font nullfont!
Missing character: There is no l in font nullfont!
Missing character: There is no l in font nullfont!
Missing character: There is no o in font nullfont!
Missing character: There is no w in font nullfont!
Missing character: There is no i in font nullfont!
Missing character: There is no n in font nullfont!
Missing character: There is no g in font nullfont!
Missing character: There is no d in font nullfont!
Missing character: There is no i in font nullfont!
Missing character: There is no a in font nullfont!
Missing character: There is no g in font nullfont!
Missing character: There is no r in font nullfont!
Missing character: There is no a in font nullfont!
Missing character: There is no m in font nullfont!
Missing character: There is no c in font nullfont!
Missing character: There is no o in font nullfont!
Missing character: There is no m in font nullfont!
Missing character: There is no m in font nullfont!
Missing character: There is no u in font nullfont!
Missing character: There is no t in font nullfont!
Missing character: There is no e in font nullfont!
Missing character: There is no s in font nullfont!
Missing character: There is no f in font nullfont!
Missing character: There is no o in font nullfont!
Missing character: There is no r in font nullfont!
Missing character: There is no e in font nullfont!
Missing character: There is no v in font nullfont!
Missing character: There is no e in font nullfont!
Missing character: There is no r in font nullfont!
Missing character: There is no y in font nullfont!
Missing character: There is no : in font nullfont!

Overfull \hbox (20.0pt too wide) in paragraph at lines 181--182
[]
 []


Overfull \hbox (39.1594pt too wide) in paragraph at lines 181--182
\OMS/cmsy/m/n/10 f\OML/cmm/m/it/10 X[]\OMS/cmsy/m/n/10 g[]$
 []


Overfull \hbox (5.18054pt too wide) in paragraph at lines 181--182
\OML/cmm/m/it/10 I$
 []


Overfull \hbox (22.10538pt too wide) in paragraph at lines 181--182
\OT1/cmr/m/it/10 prod-
 []


Overfull \hbox (13.28879pt too wide) in paragraph at lines 181--182
\OT1/cmr/m/it/10 uct
 []


Overfull \hbox (9.06943pt too wide) in paragraph at lines 181--182
\OML/cmm/m/it/10 X$
 []


Overfull \hbox (5.18054pt too wide) in paragraph at lines 181--182
\OML/cmm/m/it/10 I$
 []


Overfull \hbox (16.95453pt too wide) in paragraph at lines 181--182
\OML/cmm/m/it/10 ^^Y[] \OT1/cmr/m/n/10 :
 []


Overfull \hbox (21.84715pt too wide) in paragraph at lines 181--182
\OML/cmm/m/it/10 X \OMS/cmsy/m/n/10 !
 []


Overfull \hbox (13.98349pt too wide) in paragraph at lines 181--182
\OML/cmm/m/it/10 X[]$
 []


Overfull \hbox (8.02779pt too wide) in paragraph at lines 181--182
\OML/cmm/m/it/10 Y$
 []


Overfull \hbox (5.18054pt too wide) in paragraph at lines 181--182
\OML/cmm/m/it/10 I$
 []


Overfull \hbox (16.15012pt too wide) in paragraph at lines 181--182
\OML/cmm/m/it/10 f[] \OT1/cmr/m/n/10 :
 []


Overfull \hbox (20.80551pt too wide) in paragraph at lines 181--182
\OML/cmm/m/it/10 Y \OMS/cmsy/m/n/10 !
 []


Overfull \hbox (13.98349pt too wide) in paragraph at lines 181--182
\OML/cmm/m/it/10 X[]$
 []


Overfull \hbox (11.52776pt too wide) in paragraph at lines 181--182
\OML/cmm/m/it/10 f \OT1/cmr/m/n/10 :
 []


Overfull \hbox (20.80551pt too wide) in paragraph at lines 181--182
\OML/cmm/m/it/10 Y \OMS/cmsy/m/n/10 !
 []


Overfull \hbox (9.06943pt too wide) in paragraph at lines 181--182
\OML/cmm/m/it/10 X$
 []


Overfull \hbox (15.87843pt too wide) in paragraph at lines 181--182
\OML/cmm/m/it/10  \OMS/cmsy/m/n/10 2
 []


Overfull \hbox (5.18054pt too wide) in paragraph at lines 181--182
\OML/cmm/m/it/10 I$ 
 []


/Users/gcrescenzo/Documents/School/LaTeX Documents/latex-class-notes/Fall 2025/550 Measure Theory/Notes/measures.tex:183: LaTeX Error: Environment tikzcd undefined.

See the LaTeX manual or LaTeX Companion for explanation.
Type  H <return>  for immediate help.
 ...                                              
                                                  
l.183                 \begin{tikzcd}
                                    
Your command was ignored.
Type  I <command> <return>  to replace it with another command,
or  <return>  to continue without it.

/Users/gcrescenzo/Documents/School/LaTeX Documents/latex-class-notes/Fall 2025/550 Measure Theory/Notes/measures.tex:184: Misplaced alignment tab character &.
l.184                     &
                            X \arrow[d, "\pi_\alpha"] \\
I can't figure out why you would want to use a tab mark
here. If you just want an ampersand, the remedy is
simple: Just type `I\&' now. But if some right brace
up above has ended a previous alignment prematurely,
you're probably due for more error messages, and you
might try typing `S' now just to see what is salvageable.

Missing character: There is no X in font nullfont!
/Users/gcrescenzo/Documents/School/LaTeX Documents/latex-class-notes/Fall 2025/550 Measure Theory/Notes/measures.tex:184: Undefined control sequence.
l.184                     & X \arrow
                                    [d, "\pi_\alpha"] \\
The control sequence at the end of the top line
of your error message was never \def'ed. If you have
misspelled it (e.g., `\hobx'), type `I' and the correct
spelling (e.g., `I\hbox'). Otherwise just continue,
and I'll forget about whatever was undefined.

Missing character: There is no [ in font nullfont!
Missing character: There is no d in font nullfont!
Missing character: There is no , in font nullfont!
Missing character: There is no " in font nullfont!
/Users/gcrescenzo/Documents/School/LaTeX Documents/latex-class-notes/Fall 2025/550 Measure Theory/Notes/measures.tex:184: Missing $ inserted.
<inserted text> 
                $
l.184                     & X \arrow[d, "\pi
                                            _\alpha"] \\
I've inserted a begin-math/end-math symbol since I think
you left one out. Proceed, with fingers crossed.


/Users/gcrescenzo/Documents/School/LaTeX Documents/latex-class-notes/Fall 2025/550 Measure Theory/Notes/measures.tex:184: LaTeX Error: There's no line here to end.

See the LaTeX manual or LaTeX Companion for explanation.
Type  H <return>  for immediate help.
 ...                                              
                                                  
l.184 ...           & X \arrow[d, "\pi_\alpha"] \\
                                                  
Your command was ignored.
Type  I <command> <return>  to replace it with another command,
or  <return>  to continue without it.

/Users/gcrescenzo/Documents/School/LaTeX Documents/latex-class-notes/Fall 2025/550 Measure Theory/Notes/measures.tex:184: Missing $ inserted.
<inserted text> 
                $
l.184 ...           & X \arrow[d, "\pi_\alpha"] \\
                                                  
I've inserted a begin-math/end-math symbol since I think
you left one out. Proceed, with fingers crossed.

/Users/gcrescenzo/Documents/School/LaTeX Documents/latex-class-notes/Fall 2025/550 Measure Theory/Notes/measures.tex:184: Missing } inserted.
<inserted text> 
                }
l.184 ...           & X \arrow[d, "\pi_\alpha"] \\
                                                  
I've inserted something that you may have forgotten.
(See the <inserted text> above.)
With luck, this will get me unwedged. But if you
really didn't forget anything, try typing `2' now; then
my insertion and my current dilemma will both disappear.


Overfull \hbox (19.17683pt too wide) in paragraph at lines 184--184
 \OML/cmm/m/it/10 ^^Y[]\OT1/cmr/m/n/10 "][]$ 
 []

/Users/gcrescenzo/Documents/School/LaTeX Documents/latex-class-notes/Fall 2025/550 Measure Theory/Notes/measures.tex:184: Extra }, or forgotten \endgroup.
\par ...m \@noitemerr {\@@par }\fi \else {\@@par }
                                                  \fi 
l.184 ...           & X \arrow[d, "\pi_\alpha"] \\
                                                  
I've deleted a group-closing symbol because it seems to be
spurious, as in `$x}$'. But perhaps the } is legitimate and
you forgot something else, as in `\hbox{$x}'. In such cases
the way to recover is to insert both the forgotten and the
deleted material, e.g., by typing `I$}'.

Missing character: There is no Y in font nullfont!
/Users/gcrescenzo/Documents/School/LaTeX Documents/latex-class-notes/Fall 2025/550 Measure Theory/Notes/measures.tex:185: Undefined control sequence.
l.185                     Y \arrow
                                  [r, "f_\alpha"', dashed] \arrow[ru, "f"] &...
The control sequence at the end of the top line
of your error message was never \def'ed. If you have
misspelled it (e.g., `\hobx'), type `I' and the correct
spelling (e.g., `I\hbox'). Otherwise just continue,
and I'll forget about whatever was undefined.

Missing character: There is no [ in font nullfont!
Missing character: There is no r in font nullfont!
Missing character: There is no , in font nullfont!
Missing character: There is no " in font nullfont!
Missing character: There is no f in font nullfont!
/Users/gcrescenzo/Documents/School/LaTeX Documents/latex-class-notes/Fall 2025/550 Measure Theory/Notes/measures.tex:185: Missing $ inserted.
<inserted text> 
                $
l.185                     Y \arrow[r, "f_
                                         \alpha"', dashed] \arrow[ru, "f"] &...
I've inserted a begin-math/end-math symbol since I think
you left one out. Proceed, with fingers crossed.

/Users/gcrescenzo/Documents/School/LaTeX Documents/latex-class-notes/Fall 2025/550 Measure Theory/Notes/measures.tex:185: Undefined control sequence.
l.185 ...  Y \arrow[r, "f_\alpha"', dashed] \arrow
                                                  [ru, "f"] & X_\alpha
The control sequence at the end of the top line
of your error message was never \def'ed. If you have
misspelled it (e.g., `\hobx'), type `I' and the correct
spelling (e.g., `I\hbox'). Otherwise just continue,
and I'll forget about whatever was undefined.

/Users/gcrescenzo/Documents/School/LaTeX Documents/latex-class-notes/Fall 2025/550 Measure Theory/Notes/measures.tex:185: Misplaced alignment tab character &.
l.185 ...r, "f_\alpha"', dashed] \arrow[ru, "f"] &
                                                   X_\alpha
I can't figure out why you would want to use a tab mark
here. If you just want an ampersand, the remedy is
simple: Just type `I\&' now. But if some right brace
up above has ended a previous alignment prematurely,
you're probably due for more error messages, and you
might try typing `S' now just to see what is salvageable.


/Users/gcrescenzo/Documents/School/LaTeX Documents/latex-class-notes/Fall 2025/550 Measure Theory/Notes/measures.tex:186: LaTeX Error: \begin{center} on input line 182 ended by \end{tikzcd}.

See the LaTeX manual or LaTeX Companion for explanation.
Type  H <return>  for immediate help.
 ...                                              
                                                  
l.186                 \end{tikzcd}
                                  
Your command was ignored.
Type  I <command> <return>  to replace it with another command,
or  <return>  to continue without it.

/Users/gcrescenzo/Documents/School/LaTeX Documents/latex-class-notes/Fall 2025/550 Measure Theory/Notes/measures.tex:186: Missing $ inserted.
<inserted text> 
                $
l.186                 \end{tikzcd}
                                  
I've inserted something that you may have forgotten.
(See the <inserted text> above.)
With luck, this will get me unwedged. But if you
really didn't forget anything, try typing `2' now; then
my insertion and my current dilemma will both disappear.


Overfull \hbox (101.99721pt too wide) in paragraph at lines 185--187
 []\OT1/cmr/m/n/10 "[]\OML/cmm/m/it/10 ; dashed\OT1/cmr/m/n/10 ][\OML/cmm/m/it/10 ru; \OT1/cmr/m/n/10 "\OML/cmm/m/it/10 f\OT1/cmr/m/n/10 "]\OML/cmm/m/it/10 X[]$ 
 []


/Users/gcrescenzo/Documents/School/LaTeX Documents/latex-class-notes/Fall 2025/550 Measure Theory/Notes/measures.tex:188: LaTeX Error: \begin{document} ended by \end{definition}.

See the LaTeX manual or LaTeX Companion for explanation.
Type  H <return>  for immediate help.
 ...                                              
                                                  
l.188     \end{definition}
                          
Your command was ignored.
Type  I <command> <return>  to replace it with another command,
or  <return>  to continue without it.

Missing character: There is no I in font nullfont!
Missing character: There is no n in font nullfont!
Missing character: There is no C in font nullfont!
Missing character: There is no a in font nullfont!
Missing character: There is no t in font nullfont!
Missing character: There is no e in font nullfont!
Missing character: There is no g in font nullfont!
Missing character: There is no o in font nullfont!
Missing character: There is no r in font nullfont!
Missing character: There is no y in font nullfont!
Missing character: There is no t in font nullfont!
Missing character: There is no h in font nullfont!
Missing character: There is no e in font nullfont!
Missing character: There is no o in font nullfont!
Missing character: There is no r in font nullfont!
Missing character: There is no y in font nullfont!
Missing character: There is no , in font nullfont!
Missing character: There is no t in font nullfont!
Missing character: There is no h in font nullfont!
Missing character: There is no e in font nullfont!
Missing character: There is no s in font nullfont!
Missing character: There is no e in font nullfont!
Missing character: There is no p in font nullfont!
Missing character: There is no r in font nullfont!
Missing character: There is no o in font nullfont!
Missing character: There is no d in font nullfont!
Missing character: There is no u in font nullfont!
Missing character: There is no c in font nullfont!
Missing character: There is no t in font nullfont!
Missing character: There is no s in font nullfont!
Missing character: There is no a in font nullfont!
Missing character: There is no r in font nullfont!
Missing character: There is no e in font nullfont!
Missing character: There is no d in font nullfont!
Missing character: There is no e in font nullfont!
Missing character: There is no f in font nullfont!
Missing character: There is no i in font nullfont!
Missing character: There is no n in font nullfont!
Missing character: There is no e in font nullfont!
Missing character: There is no d in font nullfont!
Missing character: There is no b in font nullfont!
Missing character: There is no y in font nullfont!
Missing character: There is no t in font nullfont!
Missing character: There is no h in font nullfont!
Missing character: There is no i in font nullfont!
Missing character: There is no s in font nullfont!
Missing character: There is no u in font nullfont!
Missing character: There is no n in font nullfont!
Missing character: There is no i in font nullfont!
Missing character: There is no v in font nullfont!
Missing character: There is no e in font nullfont!
Missing character: There is no r in font nullfont!
Missing character: There is no s in font nullfont!
Missing character: There is no a in font nullfont!
Missing character: There is no l in font nullfont!
Missing character: There is no p in font nullfont!
Missing character: There is no r in font nullfont!
Missing character: There is no o in font nullfont!
Missing character: There is no p in font nullfont!
Missing character: There is no e in font nullfont!
Missing character: There is no r in font nullfont!
Missing character: There is no t in font nullfont!
Missing character: There is no y in font nullfont!
Missing character: There is no . in font nullfont!
Missing character: There is no E in font nullfont!
Missing character: There is no s in font nullfont!
Missing character: There is no s in font nullfont!
Missing character: There is no e in font nullfont!
Missing character: There is no n in font nullfont!
Missing character: There is no t in font nullfont!
Missing character: There is no i in font nullfont!
Missing character: There is no a in font nullfont!
Missing character: There is no l in font nullfont!
Missing character: There is no l in font nullfont!
Missing character: There is no y in font nullfont!
Missing character: There is no , in font nullfont!
Missing character: There is no t in font nullfont!
Missing character: There is no h in font nullfont!
Missing character: There is no e in font nullfont!
Missing character: There is no p in font nullfont!
Missing character: There is no r in font nullfont!
Missing character: There is no o in font nullfont!
Missing character: There is no d in font nullfont!
Missing character: There is no u in font nullfont!
Missing character: There is no c in font nullfont!
Missing character: There is no t in font nullfont!
Missing character: There is no o in font nullfont!
Missing character: There is no f in font nullfont!
Missing character: There is no a in font nullfont!
Missing character: There is no f in font nullfont!
Missing character: There is no a in font nullfont!
Missing character: There is no m in font nullfont!
Missing character: There is no i in font nullfont!
Missing character: There is no l in font nullfont!
Missing character: There is no y in font nullfont!
Missing character: There is no o in font nullfont!
Missing character: There is no f in font nullfont!
Missing character: There is no o in font nullfont!
Missing character: There is no b in font nullfont!
Missing character: There is no j in font nullfont!
Missing character: There is no e in font nullfont!
Missing character: There is no c in font nullfont!
Missing character: There is no t in font nullfont!
Missing character: There is no s in font nullfont!
Missing character: There is no i in font nullfont!
Missing character: There is no s in font nullfont!
Missing character: There is no t in font nullfont!
Missing character: There is no h in font nullfont!
Missing character: There is no e in font nullfont!
Missing character: There is no " in font nullfont!
Missing character: There is no m in font nullfont!
Missing character: There is no o in font nullfont!
Missing character: There is no s in font nullfont!
Missing character: There is no t in font nullfont!
Missing character: There is no g in font nullfont!
Missing character: There is no e in font nullfont!
Missing character: There is no n in font nullfont!
Missing character: There is no e in font nullfont!
Missing character: There is no r in font nullfont!
Missing character: There is no a in font nullfont!
Missing character: There is no l in font nullfont!
Missing character: There is no " in font nullfont!
Missing character: There is no o in font nullfont!
Missing character: There is no b in font nullfont!
Missing character: There is no j in font nullfont!
Missing character: There is no e in font nullfont!
Missing character: There is no c in font nullfont!
Missing character: There is no t in font nullfont!
Missing character: There is no w in font nullfont!
Missing character: There is no h in font nullfont!
Missing character: There is no i in font nullfont!
Missing character: There is no c in font nullfont!
Missing character: There is no h in font nullfont!
Missing character: There is no a in font nullfont!
Missing character: There is no d in font nullfont!
Missing character: There is no m in font nullfont!
Missing character: There is no i in font nullfont!
Missing character: There is no t in font nullfont!
Missing character: There is no s in font nullfont!
Missing character: There is no a in font nullfont!
Missing character: There is no m in font nullfont!
Missing character: There is no o in font nullfont!
Missing character: There is no r in font nullfont!
Missing character: There is no p in font nullfont!
Missing character: There is no h in font nullfont!
Missing character: There is no i in font nullfont!
Missing character: There is no s in font nullfont!
Missing character: There is no m in font nullfont!
Missing character: There is no t in font nullfont!
Missing character: There is no o in font nullfont!
Missing character: There is no e in font nullfont!
Missing character: There is no a in font nullfont!
Missing character: There is no c in font nullfont!
Missing character: There is no h in font nullfont!
Missing character: There is no o in font nullfont!
Missing character: There is no f in font nullfont!
Missing character: There is no t in font nullfont!
Missing character: There is no h in font nullfont!
Missing character: There is no e in font nullfont!
Missing character: There is no g in font nullfont!
Missing character: There is no i in font nullfont!
Missing character: There is no v in font nullfont!
Missing character: There is no e in font nullfont!
Missing character: There is no n in font nullfont!
Missing character: There is no o in font nullfont!
Missing character: There is no b in font nullfont!
Missing character: There is no j in font nullfont!
Missing character: There is no e in font nullfont!
Missing character: There is no c in font nullfont!
Missing character: There is no t in font nullfont!
Missing character: There is no s in font nullfont!
Missing character: There is no . in font nullfont!
Missing character: There is no I in font nullfont!
Missing character: There is no n in font nullfont!
Missing character: There is no t in font nullfont!
Missing character: There is no h in font nullfont!
Missing character: There is no e in font nullfont!
Missing character: There is no c in font nullfont!
Missing character: There is no a in font nullfont!
Missing character: There is no t in font nullfont!
Missing character: There is no e in font nullfont!
Missing character: There is no g in font nullfont!
Missing character: There is no o in font nullfont!
Missing character: There is no r in font nullfont!
Missing character: There is no y in font nullfont!
Missing character: There is no o in font nullfont!
Missing character: There is no f in font nullfont!
Missing character: There is no s in font nullfont!
Missing character: There is no e in font nullfont!
Missing character: There is no t in font nullfont!
Missing character: There is no s in font nullfont!
Missing character: There is no , in font nullfont!
Missing character: There is no t in font nullfont!
Missing character: There is no h in font nullfont!
Missing character: There is no i in font nullfont!
Missing character: There is no s in font nullfont!
Missing character: There is no p in font nullfont!
Missing character: There is no r in font nullfont!
Missing character: There is no o in font nullfont!
Missing character: There is no d in font nullfont!
Missing character: There is no u in font nullfont!
Missing character: There is no c in font nullfont!
Missing character: There is no t in font nullfont!
Missing character: There is no i in font nullfont!
Missing character: There is no s in font nullfont!
Missing character: There is no t in font nullfont!
Missing character: There is no h in font nullfont!
Missing character: There is no e in font nullfont!
Missing character: There is no , in font nullfont!
Missing character: There is no w in font nullfont!
Missing character: There is no h in font nullfont!
Missing character: There is no i in font nullfont!
Missing character: There is no c in font nullfont!
Missing character: There is no h in font nullfont!
Missing character: There is no w in font nullfont!
Missing character: There is no e in font nullfont!
Missing character: There is no ' in font nullfont!
Missing character: There is no v in font nullfont!
Missing character: There is no e in font nullfont!
Missing character: There is no d in font nullfont!
Missing character: There is no e in font nullfont!
Missing character: There is no f in font nullfont!
Missing character: There is no i in font nullfont!
Missing character: There is no n in font nullfont!
Missing character: There is no e in font nullfont!
Missing character: There is no d in font nullfont!
Missing character: There is no e in font nullfont!
Missing character: There is no a in font nullfont!
Missing character: There is no r in font nullfont!
Missing character: There is no l in font nullfont!
Missing character: There is no i in font nullfont!
Missing character: There is no e in font nullfont!
Missing character: There is no r in font nullfont!
Missing character: There is no . in font nullfont!

Overfull \hbox (20.0pt too wide) in paragraph at lines 190--191
[]
 []


Overfull \hbox (18.14433pt too wide) in paragraph at lines 190--191
\OT1/cmr/m/it/10 only
 []


Overfull \hbox (27.98311pt too wide) in paragraph at lines 190--191
\OT1/cmr/m/it/10 Carte-
 []


Overfull \hbox (17.8888pt too wide) in paragraph at lines 190--191
\OT1/cmr/m/it/10 sian
 []


Overfull \hbox (22.10538pt too wide) in paragraph at lines 190--191
\OT1/cmr/m/it/10 prod-
 []


Overfull \hbox (13.28879pt too wide) in paragraph at lines 190--191
\OT1/cmr/m/it/10 uct
 []


/Users/gcrescenzo/Documents/School/LaTeX Documents/latex-class-notes/Fall 2025/550 Measure Theory/Notes/measures.tex:192: LaTeX Error: Environment definition undefined.

See the LaTeX manual or LaTeX Companion for explanation.
Type  H <return>  for immediate help.
 ...                                              
                                                  
l.192     \begin{definition}
                            
Your command was ignored.
Type  I <command> <return>  to replace it with another command,
or  <return>  to continue without it.

Missing character: There is no L in font nullfont!
Missing character: There is no e in font nullfont!
Missing character: There is no t in font nullfont!
Missing character: There is no b in font nullfont!
Missing character: There is no e in font nullfont!
Missing character: There is no a in font nullfont!
Missing character: There is no n in font nullfont!
Missing character: There is no i in font nullfont!
Missing character: There is no n in font nullfont!
Missing character: There is no d in font nullfont!
Missing character: There is no e in font nullfont!
Missing character: There is no x in font nullfont!
Missing character: There is no e in font nullfont!
Missing character: There is no d in font nullfont!
Missing character: There is no f in font nullfont!
Missing character: There is no a in font nullfont!
Missing character: There is no m in font nullfont!
Missing character: There is no i in font nullfont!
Missing character: There is no l in font nullfont!
Missing character: There is no y in font nullfont!
Missing character: There is no o in font nullfont!
Missing character: There is no f in font nullfont!
Missing character: There is no n in font nullfont!
Missing character: There is no o in font nullfont!
Missing character: There is no n in font nullfont!
Missing character: There is no e in font nullfont!
Missing character: There is no m in font nullfont!
Missing character: There is no p in font nullfont!
Missing character: There is no t in font nullfont!
Missing character: There is no y in font nullfont!
Missing character: There is no s in font nullfont!
Missing character: There is no e in font nullfont!
Missing character: There is no t in font nullfont!
Missing character: There is no s in font nullfont!
Missing character: There is no , in font nullfont!
Missing character: There is no , in font nullfont!
Missing character: There is no a in font nullfont!
Missing character: There is no n in font nullfont!
Missing character: There is no d in font nullfont!
Missing character: There is no t in font nullfont!
Missing character: There is no h in font nullfont!
Missing character: There is no e in font nullfont!
Missing character: There is no p in font nullfont!
Missing character: There is no r in font nullfont!
Missing character: There is no o in font nullfont!
Missing character: There is no j in font nullfont!
Missing character: There is no e in font nullfont!
Missing character: There is no c in font nullfont!
Missing character: There is no t in font nullfont!
Missing character: There is no i in font nullfont!
Missing character: There is no o in font nullfont!
Missing character: There is no n in font nullfont!
Missing character: There is no m in font nullfont!
Missing character: There is no a in font nullfont!
Missing character: There is no p in font nullfont!
Missing character: There is no s in font nullfont!
Missing character: There is no . in font nullfont!
Missing character: There is no I in font nullfont!
Missing character: There is no f in font nullfont!
/Users/gcrescenzo/Documents/School/LaTeX Documents/latex-class-notes/Fall 2025/550 Measure Theory/Notes/measures.tex:193: Undefined control sequence.
<recently read> \cM 
                    
l.193 ...ow X_\alpha$ the projection maps. If $\cM
                                                  _\alpha$ is a $\sigma$-alg...
The control sequence at the end of the top line
of your error message was never \def'ed. If you have
misspelled it (e.g., `\hobx'), type `I' and the correct
spelling (e.g., `I\hbox'). Otherwise just continue,
and I'll forget about whatever was undefined.

Missing character: There is no i in font nullfont!
Missing character: There is no s in font nullfont!
Missing character: There is no a in font nullfont!
Missing character: There is no - in font nullfont!
Missing character: There is no a in font nullfont!
Missing character: There is no l in font nullfont!
Missing character: There is no g in font nullfont!
Missing character: There is no e in font nullfont!
Missing character: There is no b in font nullfont!
Missing character: There is no r in font nullfont!
Missing character: There is no a in font nullfont!
Missing character: There is no o in font nullfont!
Missing character: There is no n in font nullfont!
Missing character: There is no f in font nullfont!
Missing character: There is no o in font nullfont!
Missing character: There is no r in font nullfont!
Missing character: There is no e in font nullfont!
Missing character: There is no a in font nullfont!
Missing character: There is no c in font nullfont!
Missing character: There is no h in font nullfont!
Missing character: There is no , in font nullfont!
Missing character: There is no t in font nullfont!
Missing character: There is no h in font nullfont!
Missing character: There is no e in font nullfont!
Missing character: There is no o in font nullfont!
Missing character: There is no n in font nullfont!
Missing character: There is no i in font nullfont!
Missing character: There is no s in font nullfont!
Missing character: There is no : in font nullfont!

/Users/gcrescenzo/Documents/School/LaTeX Documents/latex-class-notes/Fall 2025/550 Measure Theory/Notes/measures.tex:194: LaTeX Error: Environment equation* undefined.

See the LaTeX manual or LaTeX Companion for explanation.
Type  H <return>  for immediate help.
 ...                                              
                                                  
l.194             \begin{equation*}
                                   
Your command was ignored.
Type  I <command> <return>  to replace it with another command,
or  <return>  to continue without it.


/Users/gcrescenzo/Documents/School/LaTeX Documents/latex-class-notes/Fall 2025/550 Measure Theory/Notes/measures.tex:195: LaTeX Error: Environment split undefined.

See the LaTeX manual or LaTeX Companion for explanation.
Type  H <return>  for immediate help.
 ...                                              
                                                  
l.195             \begin{split}
                               
Your command was ignored.
Type  I <command> <return>  to replace it with another command,
or  <return>  to continue without it.

/Users/gcrescenzo/Documents/School/LaTeX Documents/latex-class-notes/Fall 2025/550 Measure Theory/Notes/measures.tex:196: Missing $ inserted.
<inserted text> 
                $
l.196                 \bigotimes
                                _{\alpha \in I}\cM_\alpha := \fM \Bigl(\{\pi...
I've inserted a begin-math/end-math symbol since I think
you left one out. Proceed, with fingers crossed.

/Users/gcrescenzo/Documents/School/LaTeX Documents/latex-class-notes/Fall 2025/550 Measure Theory/Notes/measures.tex:196: Undefined control sequence.
l.196                 \bigotimes_{\alpha \in I}\cM
                                                  _\alpha := \fM \Bigl(\{\pi...
The control sequence at the end of the top line
of your error message was never \def'ed. If you have
misspelled it (e.g., `\hobx'), type `I' and the correct
spelling (e.g., `I\hbox'). Otherwise just continue,
and I'll forget about whatever was undefined.

/Users/gcrescenzo/Documents/School/LaTeX Documents/latex-class-notes/Fall 2025/550 Measure Theory/Notes/measures.tex:196: Double subscript.
l.196 ...            \bigotimes_{\alpha \in I}\cM_
                                                  \alpha := \fM \Bigl(\{\pi_...
I treat `x_1_2' essentially like `x_1{}_2'.

/Users/gcrescenzo/Documents/School/LaTeX Documents/latex-class-notes/Fall 2025/550 Measure Theory/Notes/measures.tex:196: Undefined control sequence.
l.196 ...bigotimes_{\alpha \in I}\cM_\alpha := \fM
                                                   \Bigl(\{\pi_\alpha^{-1}(E...
The control sequence at the end of the top line
of your error message was never \def'ed. If you have
misspelled it (e.g., `\hobx'), type `I' and the correct
spelling (e.g., `I\hbox'). Otherwise just continue,
and I'll forget about whatever was undefined.

/Users/gcrescenzo/Documents/School/LaTeX Documents/latex-class-notes/Fall 2025/550 Measure Theory/Notes/measures.tex:196: Undefined control sequence.
l.196 ...lpha^{-1}(E_\alpha) \mid E_\alpha \in \cM
                                                  _\alpha, \h2 \alpha \in I\...
The control sequence at the end of the top line
of your error message was never \def'ed. If you have
misspelled it (e.g., `\hobx'), type `I' and the correct
spelling (e.g., `I\hbox'). Otherwise just continue,
and I'll forget about whatever was undefined.

/Users/gcrescenzo/Documents/School/LaTeX Documents/latex-class-notes/Fall 2025/550 Measure Theory/Notes/measures.tex:196: Undefined control sequence.
l.196 ..._\alpha) \mid E_\alpha \in \cM_\alpha, \h
                                                  2 \alpha \in I\}\Bigr)
The control sequence at the end of the top line
of your error message was never \def'ed. If you have
misspelled it (e.g., `\hobx'), type `I' and the correct
spelling (e.g., `I\hbox'). Otherwise just continue,
and I'll forget about whatever was undefined.


/Users/gcrescenzo/Documents/School/LaTeX Documents/latex-class-notes/Fall 2025/550 Measure Theory/Notes/measures.tex:197: LaTeX Error: \begin{document} ended by \end{split}.

See the LaTeX manual or LaTeX Companion for explanation.
Type  H <return>  for immediate help.
 ...                                              
                                                  
l.197             \end{split}
                             
Your command was ignored.
Type  I <command> <return>  to replace it with another command,
or  <return>  to continue without it.

/Users/gcrescenzo/Documents/School/LaTeX Documents/latex-class-notes/Fall 2025/550 Measure Theory/Notes/measures.tex:197: Missing $ inserted.
<inserted text> 
                $
l.197             \end{split}
                             
I've inserted something that you may have forgotten.
(See the <inserted text> above.)
With luck, this will get me unwedged. But if you
really didn't forget anything, try typing `2' now; then
my insertion and my current dilemma will both disappear.


/Users/gcrescenzo/Documents/School/LaTeX Documents/latex-class-notes/Fall 2025/550 Measure Theory/Notes/measures.tex:198: LaTeX Error: \begin{document} ended by \end{equation*}.

See the LaTeX manual or LaTeX Companion for explanation.
Type  H <return>  for immediate help.
 ...                                              
                                                  
l.198             \end{equation*}
                                 
Your command was ignored.
Type  I <command> <return>  to replace it with another command,
or  <return>  to continue without it.


/Users/gcrescenzo/Documents/School/LaTeX Documents/latex-class-notes/Fall 2025/550 Measure Theory/Notes/measures.tex:199: LaTeX Error: \begin{document} ended by \end{definition}.

See the LaTeX manual or LaTeX Companion for explanation.
Type  H <return>  for immediate help.
 ...                                              
                                                  
l.199     \end{definition}
                          
Your command was ignored.
Type  I <command> <return>  to replace it with another command,
or  <return>  to continue without it.


Overfull \hbox (20.0pt too wide) in paragraph at lines 193--200
[]
 []


Overfull \hbox (39.1594pt too wide) in paragraph at lines 193--200
\OMS/cmsy/m/n/10 f\OML/cmm/m/it/10 X[]\OMS/cmsy/m/n/10 g[]$
 []


Overfull \hbox (19.62494pt too wide) in paragraph at lines 193--200
\OML/cmm/m/it/10 X \OT1/cmr/m/n/10 =
 []


Overfull \hbox (40.27046pt too wide) in paragraph at lines 193--200
[][] \OML/cmm/m/it/10 X[]$
 []


Overfull \hbox (16.95453pt too wide) in paragraph at lines 193--200
\OML/cmm/m/it/10 ^^Y[] \OT1/cmr/m/n/10 :
 []


Overfull \hbox (21.84715pt too wide) in paragraph at lines 193--200
\OML/cmm/m/it/10 X \OMS/cmsy/m/n/10 !
 []


Overfull \hbox (13.98349pt too wide) in paragraph at lines 193--200
\OML/cmm/m/it/10 X[]$
 []


Overfull \hbox (5.69876pt too wide) in paragraph at lines 193--200
[]$
 []


Overfull \hbox (6.0729pt too wide) in paragraph at lines 193--200
\OML/cmm/m/it/10 ^^[$
 []


Overfull \hbox (13.98349pt too wide) in paragraph at lines 193--200
\OML/cmm/m/it/10 X[]$
 []


Overfull \hbox (6.43404pt too wide) in paragraph at lines 193--200
\OML/cmm/m/it/10 $
 []


Overfull \hbox (22.10538pt too wide) in paragraph at lines 193--200
\OT1/cmr/m/it/10 prod-
 []


Overfull \hbox (13.28879pt too wide) in paragraph at lines 193--200
\OT1/cmr/m/it/10 uct
 []


Overfull \hbox (9.65065pt too wide) in paragraph at lines 193--200
\OML/cmm/m/it/10 ^^[$\OT1/cmr/m/it/10 -
 []


Overfull \hbox (30.2831pt too wide) in paragraph at lines 193--200
\OT1/cmr/m/it/10 algebra
 []


Overfull \hbox (9.06943pt too wide) in paragraph at lines 193--200
\OML/cmm/m/it/10 X$
 []


Overfull \hbox (46.9857pt too wide) in paragraph at lines 193--200
[][] [] \OT1/cmr/m/n/10 :=
 []


Overfull \hbox (54.18144pt too wide) in paragraph at lines 193--200
[]\OMS/cmsy/m/n/10 f\OML/cmm/m/it/10 ^^Y[]\OT1/cmr/m/n/10 (\OML/cmm/m/it/10 E[]\OT1/cmr/m/n/10 ) \OMS/cmsy/m/n/10 j
 []


Overfull \hbox (28.22386pt too wide) in paragraph at lines 193--200
\OML/cmm/m/it/10 E[] \OMS/cmsy/m/n/10 2[]
 []


Overfull \hbox (25.32286pt too wide) in paragraph at lines 193--200
\OML/cmm/m/it/10 ; \OT1/cmr/m/n/10 2\OML/cmm/m/it/10  \OMS/cmsy/m/n/10 2
 []


Overfull \hbox (16.15279pt too wide) in paragraph at lines 193--200
\OML/cmm/m/it/10 I\OMS/cmsy/m/n/10 g[]$
 []

Missing character: There is no T in font nullfont!
Missing character: There is no h in font nullfont!
Missing character: There is no e in font nullfont!
Missing character: There is no s in font nullfont!
Missing character: There is no i in font nullfont!
Missing character: There is no g in font nullfont!
Missing character: There is no n in font nullfont!
Missing character: There is no i in font nullfont!
Missing character: There is no f in font nullfont!
Missing character: There is no i in font nullfont!
Missing character: There is no c in font nullfont!
Missing character: There is no a in font nullfont!
Missing character: There is no n in font nullfont!
Missing character: There is no c in font nullfont!
Missing character: There is no e in font nullfont!
Missing character: There is no o in font nullfont!
Missing character: There is no f in font nullfont!
Missing character: There is no t in font nullfont!
Missing character: There is no h in font nullfont!
Missing character: There is no i in font nullfont!
Missing character: There is no s in font nullfont!
Missing character: There is no d in font nullfont!
Missing character: There is no e in font nullfont!
Missing character: There is no f in font nullfont!
Missing character: There is no i in font nullfont!
Missing character: There is no n in font nullfont!
Missing character: There is no i in font nullfont!
Missing character: There is no t in font nullfont!
Missing character: There is no i in font nullfont!
Missing character: There is no o in font nullfont!
Missing character: There is no n in font nullfont!
Missing character: There is no w in font nullfont!
Missing character: There is no i in font nullfont!
Missing character: There is no l in font nullfont!
Missing character: There is no l in font nullfont!
Missing character: There is no b in font nullfont!
Missing character: There is no e in font nullfont!
Missing character: There is no c in font nullfont!
Missing character: There is no o in font nullfont!
Missing character: There is no m in font nullfont!
Missing character: There is no e in font nullfont!
Missing character: There is no c in font nullfont!
Missing character: There is no l in font nullfont!
Missing character: There is no e in font nullfont!
Missing character: There is no a in font nullfont!
Missing character: There is no r in font nullfont!
Missing character: There is no e in font nullfont!
Missing character: There is no r in font nullfont!
Missing character: There is no l in font nullfont!
Missing character: There is no a in font nullfont!
Missing character: There is no t in font nullfont!
Missing character: There is no e in font nullfont!
Missing character: There is no r in font nullfont!
Missing character: There is no . in font nullfont!
Missing character: There is no I in font nullfont!
Missing character: There is no f in font nullfont!
Missing character: There is no a in font nullfont!
Missing character: There is no n in font nullfont!
Missing character: There is no d in font nullfont!
Missing character: There is no a in font nullfont!
Missing character: There is no r in font nullfont!
Missing character: There is no e in font nullfont!
Missing character: There is no s in font nullfont!
Missing character: There is no e in font nullfont!
Missing character: There is no t in font nullfont!
Missing character: There is no s in font nullfont!
Missing character: There is no w in font nullfont!
Missing character: There is no i in font nullfont!
Missing character: There is no t in font nullfont!
Missing character: There is no h in font nullfont!
Missing character: There is no - in font nullfont!
Missing character: There is no a in font nullfont!
Missing character: There is no l in font nullfont!
Missing character: There is no g in font nullfont!
Missing character: There is no e in font nullfont!
Missing character: There is no b in font nullfont!
Missing character: There is no r in font nullfont!
Missing character: There is no a in font nullfont!
Missing character: There is no s in font nullfont!
/Users/gcrescenzo/Documents/School/LaTeX Documents/latex-class-notes/Fall 2025/550 Measure Theory/Notes/measures.tex:201: Undefined control sequence.
<recently read> \cM 
                    
l.201 ...X_2$ are sets with $\sigma$-algebras $\cM
                                                  _1$ and $\cM_2$ respective...
The control sequence at the end of the top line
of your error message was never \def'ed. If you have
misspelled it (e.g., `\hobx'), type `I' and the correct
spelling (e.g., `I\hbox'). Otherwise just continue,
and I'll forget about whatever was undefined.

Missing character: There is no a in font nullfont!
Missing character: There is no n in font nullfont!
Missing character: There is no d in font nullfont!
/Users/gcrescenzo/Documents/School/LaTeX Documents/latex-class-notes/Fall 2025/550 Measure Theory/Notes/measures.tex:201: Undefined control sequence.
<recently read> \cM 
                    
l.201 ...s with $\sigma$-algebras $\cM_1$ and $\cM
                                                  _2$ respectively, one migh...
The control sequence at the end of the top line
of your error message was never \def'ed. If you have
misspelled it (e.g., `\hobx'), type `I' and the correct
spelling (e.g., `I\hbox'). Otherwise just continue,
and I'll forget about whatever was undefined.

Missing character: There is no r in font nullfont!
Missing character: There is no e in font nullfont!
Missing character: There is no s in font nullfont!
Missing character: There is no p in font nullfont!
Missing character: There is no e in font nullfont!
Missing character: There is no c in font nullfont!
Missing character: There is no t in font nullfont!
Missing character: There is no i in font nullfont!
Missing character: There is no v in font nullfont!
Missing character: There is no e in font nullfont!
Missing character: There is no l in font nullfont!
Missing character: There is no y in font nullfont!
Missing character: There is no , in font nullfont!
Missing character: There is no o in font nullfont!
Missing character: There is no n in font nullfont!
Missing character: There is no e in font nullfont!
Missing character: There is no m in font nullfont!
Missing character: There is no i in font nullfont!
Missing character: There is no g in font nullfont!
Missing character: There is no h in font nullfont!
Missing character: There is no t in font nullfont!
Missing character: There is no w in font nullfont!
Missing character: There is no a in font nullfont!
Missing character: There is no g in font nullfont!
Missing character: There is no e in font nullfont!
Missing character: There is no r in font nullfont!
Missing character: There is no a in font nullfont!
Missing character: There is no m in font nullfont!
Missing character: There is no o in font nullfont!
Missing character: There is no r in font nullfont!
Missing character: There is no e in font nullfont!
Missing character: There is no i in font nullfont!
Missing character: There is no n in font nullfont!
Missing character: There is no t in font nullfont!
Missing character: There is no u in font nullfont!
Missing character: There is no i in font nullfont!
Missing character: There is no t in font nullfont!
Missing character: There is no i in font nullfont!
Missing character: There is no v in font nullfont!
Missing character: There is no e in font nullfont!
Missing character: There is no d in font nullfont!
Missing character: There is no e in font nullfont!
Missing character: There is no f in font nullfont!
Missing character: There is no i in font nullfont!
Missing character: There is no n in font nullfont!
Missing character: There is no i in font nullfont!
Missing character: There is no t in font nullfont!
Missing character: There is no i in font nullfont!
Missing character: There is no o in font nullfont!
Missing character: There is no n in font nullfont!
Missing character: There is no f in font nullfont!
Missing character: There is no o in font nullfont!
Missing character: There is no r in font nullfont!
Missing character: There is no t in font nullfont!
Missing character: There is no h in font nullfont!
Missing character: There is no e in font nullfont!
Missing character: There is no - in font nullfont!
Missing character: There is no a in font nullfont!
Missing character: There is no l in font nullfont!
Missing character: There is no g in font nullfont!
Missing character: There is no e in font nullfont!
Missing character: There is no b in font nullfont!
Missing character: There is no r in font nullfont!
Missing character: There is no a in font nullfont!
Missing character: There is no o in font nullfont!
Missing character: There is no n in font nullfont!
Missing character: There is no t in font nullfont!
Missing character: There is no o in font nullfont!
Missing character: There is no b in font nullfont!
Missing character: There is no e in font nullfont!
Missing character: There is no : in font nullfont!

/Users/gcrescenzo/Documents/School/LaTeX Documents/latex-class-notes/Fall 2025/550 Measure Theory/Notes/measures.tex:202: LaTeX Error: Environment equation* undefined.

See the LaTeX manual or LaTeX Companion for explanation.
Type  H <return>  for immediate help.
 ...                                              
                                                  
l.202         \begin{equation*}
                               
Your command was ignored.
Type  I <command> <return>  to replace it with another command,
or  <return>  to continue without it.


/Users/gcrescenzo/Documents/School/LaTeX Documents/latex-class-notes/Fall 2025/550 Measure Theory/Notes/measures.tex:203: LaTeX Error: Environment split undefined.

See the LaTeX manual or LaTeX Companion for explanation.
Type  H <return>  for immediate help.
 ...                                              
                                                  
l.203         \begin{split}
                           
Your command was ignored.
Type  I <command> <return>  to replace it with another command,
or  <return>  to continue without it.

/Users/gcrescenzo/Documents/School/LaTeX Documents/latex-class-notes/Fall 2025/550 Measure Theory/Notes/measures.tex:204: Undefined control sequence.
l.204             \fM
                      \Bigl(\{E_1 \times E_2 \mid E_1 \in \cM_1,\h2 E_2 \in ...
The control sequence at the end of the top line
of your error message was never \def'ed. If you have
misspelled it (e.g., `\hobx'), type `I' and the correct
spelling (e.g., `I\hbox'). Otherwise just continue,
and I'll forget about whatever was undefined.

/Users/gcrescenzo/Documents/School/LaTeX Documents/latex-class-notes/Fall 2025/550 Measure Theory/Notes/measures.tex:204: Missing $ inserted.
<inserted text> 
                $
l.204             \fM \Bigl
                           (\{E_1 \times E_2 \mid E_1 \in \cM_1,\h2 E_2 \in ...
I've inserted a begin-math/end-math symbol since I think
you left one out. Proceed, with fingers crossed.

/Users/gcrescenzo/Documents/School/LaTeX Documents/latex-class-notes/Fall 2025/550 Measure Theory/Notes/measures.tex:204: Undefined control sequence.
l.204 ...M \Bigl(\{E_1 \times E_2 \mid E_1 \in \cM
                                                  _1,\h2 E_2 \in \cM_2\}\Bigr).
The control sequence at the end of the top line
of your error message was never \def'ed. If you have
misspelled it (e.g., `\hobx'), type `I' and the correct
spelling (e.g., `I\hbox'). Otherwise just continue,
and I'll forget about whatever was undefined.

/Users/gcrescenzo/Documents/School/LaTeX Documents/latex-class-notes/Fall 2025/550 Measure Theory/Notes/measures.tex:204: Undefined control sequence.
l.204 ...gl(\{E_1 \times E_2 \mid E_1 \in \cM_1,\h
                                                  2 E_2 \in \cM_2\}\Bigr).
The control sequence at the end of the top line
of your error message was never \def'ed. If you have
misspelled it (e.g., `\hobx'), type `I' and the correct
spelling (e.g., `I\hbox'). Otherwise just continue,
and I'll forget about whatever was undefined.

/Users/gcrescenzo/Documents/School/LaTeX Documents/latex-class-notes/Fall 2025/550 Measure Theory/Notes/measures.tex:204: Undefined control sequence.
l.204 ...es E_2 \mid E_1 \in \cM_1,\h2 E_2 \in \cM
                                                  _2\}\Bigr).
The control sequence at the end of the top line
of your error message was never \def'ed. If you have
misspelled it (e.g., `\hobx'), type `I' and the correct
spelling (e.g., `I\hbox'). Otherwise just continue,
and I'll forget about whatever was undefined.


/Users/gcrescenzo/Documents/School/LaTeX Documents/latex-class-notes/Fall 2025/550 Measure Theory/Notes/measures.tex:205: LaTeX Error: \begin{document} ended by \end{split}.

See the LaTeX manual or LaTeX Companion for explanation.
Type  H <return>  for immediate help.
 ...                                              
                                                  
l.205         \end{split}
                         
Your command was ignored.
Type  I <command> <return>  to replace it with another command,
or  <return>  to continue without it.

/Users/gcrescenzo/Documents/School/LaTeX Documents/latex-class-notes/Fall 2025/550 Measure Theory/Notes/measures.tex:205: Missing $ inserted.
<inserted text> 
                $
l.205         \end{split}
                         
I've inserted something that you may have forgotten.
(See the <inserted text> above.)
With luck, this will get me unwedged. But if you
really didn't forget anything, try typing `2' now; then
my insertion and my current dilemma will both disappear.


/Users/gcrescenzo/Documents/School/LaTeX Documents/latex-class-notes/Fall 2025/550 Measure Theory/Notes/measures.tex:206: LaTeX Error: \begin{document} ended by \end{equation*}.

See the LaTeX manual or LaTeX Companion for explanation.
Type  H <return>  for immediate help.
 ...                                              
                                                  
l.206         \end{equation*}
                             
Your command was ignored.
Type  I <command> <return>  to replace it with another command,
or  <return>  to continue without it.

Missing character: There is no I in font nullfont!
Missing character: There is no n in font nullfont!
Missing character: There is no f in font nullfont!
Missing character: There is no a in font nullfont!
Missing character: There is no c in font nullfont!
Missing character: There is no t in font nullfont!
Missing character: There is no , in font nullfont!
Missing character: There is no t in font nullfont!
Missing character: There is no h in font nullfont!
Missing character: There is no e in font nullfont!
Missing character: There is no s in font nullfont!
Missing character: There is no e in font nullfont!
Missing character: There is no t in font nullfont!
Missing character: There is no w in font nullfont!
Missing character: There is no o in font nullfont!
Missing character: There is no d in font nullfont!
Missing character: There is no e in font nullfont!
Missing character: There is no f in font nullfont!
Missing character: There is no i in font nullfont!
Missing character: There is no n in font nullfont!
Missing character: There is no i in font nullfont!
Missing character: There is no t in font nullfont!
Missing character: There is no i in font nullfont!
Missing character: There is no o in font nullfont!
Missing character: There is no n in font nullfont!
Missing character: There is no s in font nullfont!
Missing character: There is no a in font nullfont!
Missing character: There is no r in font nullfont!
Missing character: There is no e in font nullfont!
Missing character: There is no e in font nullfont!
Missing character: There is no q in font nullfont!
Missing character: There is no u in font nullfont!
Missing character: There is no i in font nullfont!
Missing character: There is no v in font nullfont!
Missing character: There is no a in font nullfont!
Missing character: There is no l in font nullfont!
Missing character: There is no e in font nullfont!
Missing character: There is no n in font nullfont!
Missing character: There is no t in font nullfont!
Missing character: There is no f in font nullfont!
Missing character: There is no o in font nullfont!
Missing character: There is no r in font nullfont!
Missing character: There is no t in font nullfont!
Missing character: There is no h in font nullfont!
Missing character: There is no e in font nullfont!
Missing character: There is no c in font nullfont!
Missing character: There is no a in font nullfont!
Missing character: There is no s in font nullfont!
Missing character: There is no e in font nullfont!
Missing character: There is no w in font nullfont!
Missing character: There is no h in font nullfont!
Missing character: There is no e in font nullfont!
Missing character: There is no r in font nullfont!
Missing character: There is no e in font nullfont!
Missing character: There is no w in font nullfont!
Missing character: There is no e in font nullfont!
Missing character: There is no t in font nullfont!
Missing character: There is no a in font nullfont!
Missing character: There is no k in font nullfont!
Missing character: There is no e in font nullfont!
Missing character: There is no t in font nullfont!
Missing character: There is no h in font nullfont!
Missing character: There is no e in font nullfont!
Missing character: There is no c in font nullfont!
Missing character: There is no a in font nullfont!
Missing character: There is no r in font nullfont!
Missing character: There is no t in font nullfont!
Missing character: There is no e in font nullfont!
Missing character: There is no s in font nullfont!
Missing character: There is no i in font nullfont!
Missing character: There is no a in font nullfont!
Missing character: There is no n in font nullfont!
Missing character: There is no p in font nullfont!
Missing character: There is no r in font nullfont!
Missing character: There is no o in font nullfont!
Missing character: There is no d in font nullfont!
Missing character: There is no u in font nullfont!
Missing character: There is no c in font nullfont!
Missing character: There is no t in font nullfont!
Missing character: There is no o in font nullfont!
Missing character: There is no f in font nullfont!
Missing character: There is no c in font nullfont!
Missing character: There is no o in font nullfont!
Missing character: There is no u in font nullfont!
Missing character: There is no n in font nullfont!
Missing character: There is no t in font nullfont!
Missing character: There is no a in font nullfont!
Missing character: There is no b in font nullfont!
Missing character: There is no l in font nullfont!
Missing character: There is no y in font nullfont!
Missing character: There is no m in font nullfont!
Missing character: There is no a in font nullfont!
Missing character: There is no n in font nullfont!
Missing character: There is no y in font nullfont!
Missing character: There is no s in font nullfont!
Missing character: There is no e in font nullfont!
Missing character: There is no t in font nullfont!
Missing character: There is no s in font nullfont!
Missing character: There is no ! in font nullfont!
Missing character: There is no B in font nullfont!
Missing character: There is no e in font nullfont!
Missing character: There is no f in font nullfont!
Missing character: There is no o in font nullfont!
Missing character: There is no r in font nullfont!
Missing character: There is no e in font nullfont!
Missing character: There is no p in font nullfont!
Missing character: There is no r in font nullfont!
Missing character: There is no e in font nullfont!
Missing character: There is no s in font nullfont!
Missing character: There is no e in font nullfont!
Missing character: There is no n in font nullfont!
Missing character: There is no t in font nullfont!
Missing character: There is no i in font nullfont!
Missing character: There is no n in font nullfont!
Missing character: There is no g in font nullfont!
Missing character: There is no t in font nullfont!
Missing character: There is no h in font nullfont!
Missing character: There is no i in font nullfont!
Missing character: There is no s in font nullfont!
Missing character: There is no a in font nullfont!
Missing character: There is no s in font nullfont!
Missing character: There is no a in font nullfont!
Missing character: There is no p in font nullfont!
Missing character: There is no r in font nullfont!
Missing character: There is no o in font nullfont!
Missing character: There is no p in font nullfont!
Missing character: There is no o in font nullfont!
Missing character: There is no s in font nullfont!
Missing character: There is no i in font nullfont!
Missing character: There is no t in font nullfont!
Missing character: There is no i in font nullfont!
Missing character: There is no o in font nullfont!
Missing character: There is no n in font nullfont!
Missing character: There is no , in font nullfont!
Missing character: There is no n in font nullfont!
Missing character: There is no o in font nullfont!
Missing character: There is no t in font nullfont!
Missing character: There is no e in font nullfont!
Missing character: There is no t in font nullfont!
Missing character: There is no h in font nullfont!
Missing character: There is no a in font nullfont!
Missing character: There is no t in font nullfont!
Missing character: There is no i in font nullfont!
Missing character: There is no f in font nullfont!
Missing character: There is no f in font nullfont!
Missing character: There is no o in font nullfont!
Missing character: There is no r in font nullfont!
Missing character: There is no a in font nullfont!
Missing character: There is no n in font nullfont!
Missing character: There is no d in font nullfont!
Missing character: There is no t in font nullfont!
Missing character: There is no h in font nullfont!
Missing character: There is no e in font nullfont!
Missing character: There is no n in font nullfont!
Missing character: There is no : in font nullfont!

/Users/gcrescenzo/Documents/School/LaTeX Documents/latex-class-notes/Fall 2025/550 Measure Theory/Notes/measures.tex:208: LaTeX Error: Environment equation* undefined.

See the LaTeX manual or LaTeX Companion for explanation.
Type  H <return>  for immediate help.
 ...                                              
                                                  
l.208         \begin{equation*}
                               
Your command was ignored.
Type  I <command> <return>  to replace it with another command,
or  <return>  to continue without it.


/Users/gcrescenzo/Documents/School/LaTeX Documents/latex-class-notes/Fall 2025/550 Measure Theory/Notes/measures.tex:209: LaTeX Error: Environment split undefined.

See the LaTeX manual or LaTeX Companion for explanation.
Type  H <return>  for immediate help.
 ...                                              
                                                  
l.209         \begin{split}
                           
Your command was ignored.
Type  I <command> <return>  to replace it with another command,
or  <return>  to continue without it.

/Users/gcrescenzo/Documents/School/LaTeX Documents/latex-class-notes/Fall 2025/550 Measure Theory/Notes/measures.tex:210: Missing $ inserted.
<inserted text> 
                $
l.210             \pi
                     _1^{-1}(E_1) &= E_1 \times X_2,\\
I've inserted a begin-math/end-math symbol since I think
you left one out. Proceed, with fingers crossed.

/Users/gcrescenzo/Documents/School/LaTeX Documents/latex-class-notes/Fall 2025/550 Measure Theory/Notes/measures.tex:210: Misplaced alignment tab character &.
l.210             \pi_1^{-1}(E_1) &
                                   = E_1 \times X_2,\\
I can't figure out why you would want to use a tab mark
here. If you just want an ampersand, the remedy is
simple: Just type `I\&' now. But if some right brace
up above has ended a previous alignment prematurely,
you're probably due for more error messages, and you
might try typing `S' now just to see what is salvageable.

/Users/gcrescenzo/Documents/School/LaTeX Documents/latex-class-notes/Fall 2025/550 Measure Theory/Notes/measures.tex:211: Misplaced alignment tab character &.
l.211             \pi_2^{-1}(E_2) &
                                   = X_1 \times E_2.
I can't figure out why you would want to use a tab mark
here. If you just want an ampersand, the remedy is
simple: Just type `I\&' now. But if some right brace
up above has ended a previous alignment prematurely,
you're probably due for more error messages, and you
might try typing `S' now just to see what is salvageable.


/Users/gcrescenzo/Documents/School/LaTeX Documents/latex-class-notes/Fall 2025/550 Measure Theory/Notes/measures.tex:212: LaTeX Error: \begin{document} ended by \end{split}.

See the LaTeX manual or LaTeX Companion for explanation.
Type  H <return>  for immediate help.
 ...                                              
                                                  
l.212         \end{split}
                         
Your command was ignored.
Type  I <command> <return>  to replace it with another command,
or  <return>  to continue without it.

/Users/gcrescenzo/Documents/School/LaTeX Documents/latex-class-notes/Fall 2025/550 Measure Theory/Notes/measures.tex:212: Missing $ inserted.
<inserted text> 
                $
l.212         \end{split}
                         
I've inserted something that you may have forgotten.
(See the <inserted text> above.)
With luck, this will get me unwedged. But if you
really didn't forget anything, try typing `2' now; then
my insertion and my current dilemma will both disappear.


/Users/gcrescenzo/Documents/School/LaTeX Documents/latex-class-notes/Fall 2025/550 Measure Theory/Notes/measures.tex:213: LaTeX Error: \begin{document} ended by \end{equation*}.

See the LaTeX manual or LaTeX Companion for explanation.
Type  H <return>  for immediate help.
 ...                                              
                                                  
l.213         \end{equation*}
                             
Your command was ignored.
Type  I <command> <return>  to replace it with another command,
or  <return>  to continue without it.

Missing character: There is no W in font nullfont!
Missing character: There is no e in font nullfont!
Missing character: There is no c in font nullfont!
Missing character: There is no a in font nullfont!
Missing character: There is no n in font nullfont!
Missing character: There is no s in font nullfont!
Missing character: There is no e in font nullfont!
Missing character: There is no e in font nullfont!
Missing character: There is no t in font nullfont!
Missing character: There is no h in font nullfont!
Missing character: There is no a in font nullfont!
Missing character: There is no t in font nullfont!
Missing character: There is no : in font nullfont!

/Users/gcrescenzo/Documents/School/LaTeX Documents/latex-class-notes/Fall 2025/550 Measure Theory/Notes/measures.tex:215: LaTeX Error: Environment equation* undefined.

See the LaTeX manual or LaTeX Companion for explanation.
Type  H <return>  for immediate help.
 ...                                              
                                                  
l.215         \begin{equation*}
                               
Your command was ignored.
Type  I <command> <return>  to replace it with another command,
or  <return>  to continue without it.


/Users/gcrescenzo/Documents/School/LaTeX Documents/latex-class-notes/Fall 2025/550 Measure Theory/Notes/measures.tex:216: LaTeX Error: Environment split undefined.

See the LaTeX manual or LaTeX Companion for explanation.
Type  H <return>  for immediate help.
 ...                                              
                                                  
l.216         \begin{split}
                           
Your command was ignored.
Type  I <command> <return>  to replace it with another command,
or  <return>  to continue without it.

/Users/gcrescenzo/Documents/School/LaTeX Documents/latex-class-notes/Fall 2025/550 Measure Theory/Notes/measures.tex:217: Missing $ inserted.
<inserted text> 
                $
l.217             \pi
                     _1^{-1}(E_1) \cap \pi_2^{-1}(E_2)
I've inserted a begin-math/end-math symbol since I think
you left one out. Proceed, with fingers crossed.

/Users/gcrescenzo/Documents/School/LaTeX Documents/latex-class-notes/Fall 2025/550 Measure Theory/Notes/measures.tex:218: Misplaced alignment tab character &.
l.218             &
                    = (E_1 \times X_2) \cap (X_1 \times E_2) \\
I can't figure out why you would want to use a tab mark
here. If you just want an ampersand, the remedy is
simple: Just type `I\&' now. But if some right brace
up above has ended a previous alignment prematurely,
you're probably due for more error messages, and you
might try typing `S' now just to see what is salvageable.

/Users/gcrescenzo/Documents/School/LaTeX Documents/latex-class-notes/Fall 2025/550 Measure Theory/Notes/measures.tex:219: Misplaced alignment tab character &.
<recently read> &
                 
l.219             &
                    = \{(e_1,x_2) \mid e_1 \in E_1, x_2 \in X_2 \} \cap \{(x...
I can't figure out why you would want to use a tab mark
here. If you just want an ampersand, the remedy is
simple: Just type `I\&' now. But if some right brace
up above has ended a previous alignment prematurely,
you're probably due for more error messages, and you
might try typing `S' now just to see what is salvageable.

/Users/gcrescenzo/Documents/School/LaTeX Documents/latex-class-notes/Fall 2025/550 Measure Theory/Notes/measures.tex:220: Misplaced alignment tab character &.
<recently read> &
                 
l.220             &
                    = \{(x,y) \mid (x \in E_1\land x \in X_1) \h2\land\h2 (y...
I can't figure out why you would want to use a tab mark
here. If you just want an ampersand, the remedy is
simple: Just type `I\&' now. But if some right brace
up above has ended a previous alignment prematurely,
you're probably due for more error messages, and you
might try typing `S' now just to see what is salvageable.

/Users/gcrescenzo/Documents/School/LaTeX Documents/latex-class-notes/Fall 2025/550 Measure Theory/Notes/measures.tex:220: Undefined control sequence.
l.220 ...{(x,y) \mid (x \in E_1\land x \in X_1) \h
                                                  2\land\h2 (y \in X_2 \land...
The control sequence at the end of the top line
of your error message was never \def'ed. If you have
misspelled it (e.g., `\hobx'), type `I' and the correct
spelling (e.g., `I\hbox'). Otherwise just continue,
and I'll forget about whatever was undefined.

/Users/gcrescenzo/Documents/School/LaTeX Documents/latex-class-notes/Fall 2025/550 Measure Theory/Notes/measures.tex:220: Undefined control sequence.
l.220 ...mid (x \in E_1\land x \in X_1) \h2\land\h
                                                  2 (y \in X_2 \land y \in E...
The control sequence at the end of the top line
of your error message was never \def'ed. If you have
misspelled it (e.g., `\hobx'), type `I' and the correct
spelling (e.g., `I\hbox'). Otherwise just continue,
and I'll forget about whatever was undefined.

/Users/gcrescenzo/Documents/School/LaTeX Documents/latex-class-notes/Fall 2025/550 Measure Theory/Notes/measures.tex:221: Misplaced alignment tab character &.
<recently read> &
                 
l.221             &
                    = \{(x,y) \mid x E_1 \land y \in E_2 \} \\
I can't figure out why you would want to use a tab mark
here. If you just want an ampersand, the remedy is
simple: Just type `I\&' now. But if some right brace
up above has ended a previous alignment prematurely,
you're probably due for more error messages, and you
might try typing `S' now just to see what is salvageable.

/Users/gcrescenzo/Documents/School/LaTeX Documents/latex-class-notes/Fall 2025/550 Measure Theory/Notes/measures.tex:222: Misplaced alignment tab character &.
<recently read> &
                 
l.222             &
                    = E_1 \times E_2.
I can't figure out why you would want to use a tab mark
here. If you just want an ampersand, the remedy is
simple: Just type `I\&' now. But if some right brace
up above has ended a previous alignment prematurely,
you're probably due for more error messages, and you
might try typing `S' now just to see what is salvageable.


/Users/gcrescenzo/Documents/School/LaTeX Documents/latex-class-notes/Fall 2025/550 Measure Theory/Notes/measures.tex:223: LaTeX Error: \begin{document} ended by \end{split}.

See the LaTeX manual or LaTeX Companion for explanation.
Type  H <return>  for immediate help.
 ...                                              
                                                  
l.223         \end{split}
                         
Your command was ignored.
Type  I <command> <return>  to replace it with another command,
or  <return>  to continue without it.

/Users/gcrescenzo/Documents/School/LaTeX Documents/latex-class-notes/Fall 2025/550 Measure Theory/Notes/measures.tex:223: Missing $ inserted.
<inserted text> 
                $
l.223         \end{split}
                         
I've inserted something that you may have forgotten.
(See the <inserted text> above.)
With luck, this will get me unwedged. But if you
really didn't forget anything, try typing `2' now; then
my insertion and my current dilemma will both disappear.


/Users/gcrescenzo/Documents/School/LaTeX Documents/latex-class-notes/Fall 2025/550 Measure Theory/Notes/measures.tex:224: LaTeX Error: \begin{document} ended by \end{equation*}.

See the LaTeX manual or LaTeX Companion for explanation.
Type  H <return>  for immediate help.
 ...                                              
                                                  
l.224         \end{equation*}
                             
Your command was ignored.
Type  I <command> <return>  to replace it with another command,
or  <return>  to continue without it.


Overfull \hbox (20.0pt too wide) in paragraph at lines 201--225
[]
 []


Overfull \hbox (12.77086pt too wide) in paragraph at lines 201--225
\OML/cmm/m/it/10 X[]$
 []


Overfull \hbox (12.77086pt too wide) in paragraph at lines 201--225
\OML/cmm/m/it/10 X[]$
 []


Overfull \hbox (6.0729pt too wide) in paragraph at lines 201--225
\OML/cmm/m/it/10 ^^[$
 []


Overfull \hbox (4.48613pt too wide) in paragraph at lines 201--225
[]$
 []


Overfull \hbox (4.48613pt too wide) in paragraph at lines 201--225
[]$
 []


Overfull \hbox (6.0729pt too wide) in paragraph at lines 201--225
\OML/cmm/m/it/10 ^^[$
 []


Overfull \hbox (20.54866pt too wide) in paragraph at lines 201--225
\OML/cmm/m/it/10 X[] \OMS/cmsy/m/n/10 ^^B
 []


Overfull \hbox (12.77086pt too wide) in paragraph at lines 201--225
\OML/cmm/m/it/10 X[]$
 []


Overfull \hbox (30.61812pt too wide) in paragraph at lines 201--225
[]\OMS/cmsy/m/n/10 f\OML/cmm/m/it/10 E[] \OMS/cmsy/m/n/10 ^^B
 []


Overfull \hbox (17.42357pt too wide) in paragraph at lines 201--225
\OML/cmm/m/it/10 E[] \OMS/cmsy/m/n/10 j
 []


Overfull \hbox (25.7986pt too wide) in paragraph at lines 201--225
\OML/cmm/m/it/10 E[] \OMS/cmsy/m/n/10 2[]
 []


Overfull \hbox (35.24303pt too wide) in paragraph at lines 201--225
\OML/cmm/m/it/10 ; \OT1/cmr/m/n/10 2\OML/cmm/m/it/10 E[] \OMS/cmsy/m/n/10 2[]
 []


Overfull \hbox (13.75003pt too wide) in paragraph at lines 201--225
\OMS/cmsy/m/n/10 g[]\OML/cmm/m/it/10 :$
 []


Overfull \hbox (21.26674pt too wide) in paragraph at lines 201--225
\OML/cmm/m/it/10 E[] \OMS/cmsy/m/n/10 ^^Z
 []


Overfull \hbox (11.61401pt too wide) in paragraph at lines 201--225
\OML/cmm/m/it/10 X[]$
 []


Overfull \hbox (14.00064pt too wide) in paragraph at lines 201--225
\OML/cmm/m/it/10 i \OT1/cmr/m/n/10 =
 []


Overfull \hbox (14.44444pt too wide) in paragraph at lines 201--225
\OT1/cmr/m/n/10 1\OML/cmm/m/it/10 ; \OT1/cmr/m/n/10 2$
 []


Overfull \hbox (14.58505pt too wide) in paragraph at lines 201--225
\OML/cmm/m/it/10 ^^Y[] \OT1/cmr/m/n/10 :
 []


Overfull \hbox (20.54866pt too wide) in paragraph at lines 201--225
\OML/cmm/m/it/10 X[] \OMS/cmsy/m/n/10 ^^B
 []


Overfull \hbox (25.54858pt too wide) in paragraph at lines 201--225
\OML/cmm/m/it/10 X[] \OMS/cmsy/m/n/10 !
 []


Overfull \hbox (11.61401pt too wide) in paragraph at lines 201--225
\OML/cmm/m/it/10 X[]$
 []


Overfull \hbox (46.99658pt too wide) in paragraph at lines 201--225
\OML/cmm/m/it/10 ^^Y[]\OT1/cmr/m/n/10 (\OML/cmm/m/it/10 E[]\OT1/cmr/m/n/10 ) =
 []


Overfull \hbox (19.64587pt too wide) in paragraph at lines 201--225
\OML/cmm/m/it/10 E[] \OMS/cmsy/m/n/10 ^^B
 []


Overfull \hbox (17.21527pt too wide) in paragraph at lines 201--225
\OML/cmm/m/it/10 X[]; [] 
 []


Overfull \hbox (46.99658pt too wide) in paragraph at lines 201--225
\OML/cmm/m/it/10 ^^Y[]\OT1/cmr/m/n/10 (\OML/cmm/m/it/10 E[]\OT1/cmr/m/n/10 ) =
 []


Overfull \hbox (20.54866pt too wide) in paragraph at lines 201--225
\OML/cmm/m/it/10 X[] \OMS/cmsy/m/n/10 ^^B
 []


Overfull \hbox (14.64586pt too wide) in paragraph at lines 201--225
\OML/cmm/m/it/10 E[]:$
 []


Overfull \hbox (43.10776pt too wide) in paragraph at lines 201--225
\OML/cmm/m/it/10 ^^Y[]\OT1/cmr/m/n/10 (\OML/cmm/m/it/10 E[]\OT1/cmr/m/n/10 ) \OMS/cmsy/m/n/10 \
 []


Overfull \hbox (46.99658pt too wide) in paragraph at lines 201--225
\OML/cmm/m/it/10 ^^Y[]\OT1/cmr/m/n/10 (\OML/cmm/m/it/10 E[]\OT1/cmr/m/n/10 ) =
 []


Overfull \hbox (23.53477pt too wide) in paragraph at lines 201--225
\OT1/cmr/m/n/10 (\OML/cmm/m/it/10 E[] \OMS/cmsy/m/n/10 ^^B
 []


Overfull \hbox (23.32645pt too wide) in paragraph at lines 201--225
\OML/cmm/m/it/10 X[]\OT1/cmr/m/n/10 ) \OMS/cmsy/m/n/10 \
 []


Overfull \hbox (24.43756pt too wide) in paragraph at lines 201--225
\OT1/cmr/m/n/10 (\OML/cmm/m/it/10 X[] \OMS/cmsy/m/n/10 ^^B
 []


Overfull \hbox (15.75697pt too wide) in paragraph at lines 201--225
\OML/cmm/m/it/10 E[]\OT1/cmr/m/n/10 )[] 
 []


Overfull \hbox (7.7778pt too wide) in paragraph at lines 201--225
\OT1/cmr/m/n/10 =
 []


Overfull \hbox (42.12152pt too wide) in paragraph at lines 201--225
\OMS/cmsy/m/n/10 f\OT1/cmr/m/n/10 (\OML/cmm/m/it/10 e[]; x[]\OT1/cmr/m/n/10 ) \OMS/cmsy/m/n/10 j
 []


Overfull \hbox (18.58679pt too wide) in paragraph at lines 201--225
\OML/cmm/m/it/10 e[] \OMS/cmsy/m/n/10 2
 []


Overfull \hbox (35.95828pt too wide) in paragraph at lines 201--225
\OML/cmm/m/it/10 E[]; x[] \OMS/cmsy/m/n/10 2
 []


Overfull \hbox (24.43756pt too wide) in paragraph at lines 201--225
\OML/cmm/m/it/10 X[]\OMS/cmsy/m/n/10 g \
 []


Overfull \hbox (42.12152pt too wide) in paragraph at lines 201--225
\OMS/cmsy/m/n/10 f\OT1/cmr/m/n/10 (\OML/cmm/m/it/10 x[]; e[]\OT1/cmr/m/n/10 ) \OMS/cmsy/m/n/10 j
 []


Overfull \hbox (19.6458pt too wide) in paragraph at lines 201--225
\OML/cmm/m/it/10 x[] \OMS/cmsy/m/n/10 2
 []


Overfull \hbox (35.80206pt too wide) in paragraph at lines 201--225
\OML/cmm/m/it/10 X[]; e[] \OMS/cmsy/m/n/10 2
 []


Overfull \hbox (16.86809pt too wide) in paragraph at lines 201--225
\OML/cmm/m/it/10 E[]\OMS/cmsy/m/n/10 g[] 
 []


Overfull \hbox (7.7778pt too wide) in paragraph at lines 201--225
\OT1/cmr/m/n/10 =
 []


Overfull \hbox (33.7546pt too wide) in paragraph at lines 201--225
\OMS/cmsy/m/n/10 f\OT1/cmr/m/n/10 (\OML/cmm/m/it/10 x; y\OT1/cmr/m/n/10 ) \OMS/cmsy/m/n/10 j
 []


Overfull \hbox (19.04857pt too wide) in paragraph at lines 201--225
\OT1/cmr/m/n/10 (\OML/cmm/m/it/10 x \OMS/cmsy/m/n/10 2
 []


Overfull \hbox (18.53476pt too wide) in paragraph at lines 201--225
\OML/cmm/m/it/10 E[] \OMS/cmsy/m/n/10 ^
 []


Overfull \hbox (15.15967pt too wide) in paragraph at lines 201--225
\OML/cmm/m/it/10 x \OMS/cmsy/m/n/10 2
 []


Overfull \hbox (28.32646pt too wide) in paragraph at lines 201--225
\OML/cmm/m/it/10 X[]\OT1/cmr/m/n/10 )2 \OMS/cmsy/m/n/10 ^
 []


Overfull \hbox (23.59491pt too wide) in paragraph at lines 201--225
\OT1/cmr/m/n/10 2(\OML/cmm/m/it/10 y \OMS/cmsy/m/n/10 2
 []


Overfull \hbox (19.43755pt too wide) in paragraph at lines 201--225
\OML/cmm/m/it/10 X[] \OMS/cmsy/m/n/10 ^
 []


Overfull \hbox (14.706pt too wide) in paragraph at lines 201--225
\OML/cmm/m/it/10 y \OMS/cmsy/m/n/10 2
 []


Overfull \hbox (20.75699pt too wide) in paragraph at lines 201--225
\OML/cmm/m/it/10 E[]\OT1/cmr/m/n/10 )\OMS/cmsy/m/n/10 g[] 
 []


Overfull \hbox (7.7778pt too wide) in paragraph at lines 201--225
\OT1/cmr/m/n/10 =
 []


Overfull \hbox (33.7546pt too wide) in paragraph at lines 201--225
\OMS/cmsy/m/n/10 f\OT1/cmr/m/n/10 (\OML/cmm/m/it/10 x; y\OT1/cmr/m/n/10 ) \OMS/cmsy/m/n/10 j
 []


Overfull \hbox (24.25003pt too wide) in paragraph at lines 201--225
\OML/cmm/m/it/10 xE[] \OMS/cmsy/m/n/10 ^
 []


Overfull \hbox (14.706pt too wide) in paragraph at lines 201--225
\OML/cmm/m/it/10 y \OMS/cmsy/m/n/10 2
 []


Overfull \hbox (16.86809pt too wide) in paragraph at lines 201--225
\OML/cmm/m/it/10 E[]\OMS/cmsy/m/n/10 g[] 
 []


Overfull \hbox (7.7778pt too wide) in paragraph at lines 201--225
\OT1/cmr/m/n/10 =
 []


Overfull \hbox (19.64587pt too wide) in paragraph at lines 201--225
\OML/cmm/m/it/10 E[] \OMS/cmsy/m/n/10 ^^B
 []


Overfull \hbox (14.64586pt too wide) in paragraph at lines 201--225
\OML/cmm/m/it/10 E[]:$
 []


/Users/gcrescenzo/Documents/School/LaTeX Documents/latex-class-notes/Fall 2025/550 Measure Theory/Notes/measures.tex:226: LaTeX Error: Environment proposition undefined.

See the LaTeX manual or LaTeX Companion for explanation.
Type  H <return>  for immediate help.
 ...                                              
                                                  
l.226     \begin{proposition}
                             *** {\color{red} this could be cleaned up}
Your command was ignored.
Type  I <command> <return>  to replace it with another command,
or  <return>  to continue without it.

Missing character: There is no * in font nullfont!
Missing character: There is no * in font nullfont!
Missing character: There is no * in font nullfont!
/Users/gcrescenzo/Documents/School/LaTeX Documents/latex-class-notes/Fall 2025/550 Measure Theory/Notes/measures.tex:226: Undefined control sequence.
l.226     \begin{proposition}*** {\color
                                        {red} this could be cleaned up}
The control sequence at the end of the top line
of your error message was never \def'ed. If you have
misspelled it (e.g., `\hobx'), type `I' and the correct
spelling (e.g., `I\hbox'). Otherwise just continue,
and I'll forget about whatever was undefined.

Missing character: There is no r in font nullfont!
Missing character: There is no e in font nullfont!
Missing character: There is no d in font nullfont!
Missing character: There is no t in font nullfont!
Missing character: There is no h in font nullfont!
Missing character: There is no i in font nullfont!
Missing character: There is no s in font nullfont!
Missing character: There is no c in font nullfont!
Missing character: There is no o in font nullfont!
Missing character: There is no u in font nullfont!
Missing character: There is no l in font nullfont!
Missing character: There is no d in font nullfont!
Missing character: There is no b in font nullfont!
Missing character: There is no e in font nullfont!
Missing character: There is no c in font nullfont!
Missing character: There is no l in font nullfont!
Missing character: There is no e in font nullfont!
Missing character: There is no a in font nullfont!
Missing character: There is no n in font nullfont!
Missing character: There is no e in font nullfont!
Missing character: There is no d in font nullfont!
Missing character: There is no u in font nullfont!
Missing character: There is no p in font nullfont!
Missing character: There is no L in font nullfont!
Missing character: There is no e in font nullfont!
Missing character: There is no t in font nullfont!
Missing character: There is no b in font nullfont!
Missing character: There is no e in font nullfont!
Missing character: There is no c in font nullfont!
Missing character: There is no o in font nullfont!
Missing character: There is no u in font nullfont!
Missing character: There is no n in font nullfont!
Missing character: There is no t in font nullfont!
Missing character: There is no a in font nullfont!
Missing character: There is no b in font nullfont!
Missing character: There is no l in font nullfont!
Missing character: There is no e in font nullfont!
Missing character: There is no , in font nullfont!
Missing character: There is no a in font nullfont!
Missing character: There is no n in font nullfont!
Missing character: There is no i in font nullfont!
Missing character: There is no n in font nullfont!
Missing character: There is no d in font nullfont!
Missing character: There is no e in font nullfont!
Missing character: There is no x in font nullfont!
Missing character: There is no e in font nullfont!
Missing character: There is no d in font nullfont!
Missing character: There is no f in font nullfont!
Missing character: There is no a in font nullfont!
Missing character: There is no m in font nullfont!
Missing character: There is no i in font nullfont!
Missing character: There is no l in font nullfont!
Missing character: There is no y in font nullfont!
Missing character: There is no o in font nullfont!
Missing character: There is no f in font nullfont!
Missing character: There is no n in font nullfont!
Missing character: There is no o in font nullfont!
Missing character: There is no n in font nullfont!
Missing character: There is no e in font nullfont!
Missing character: There is no m in font nullfont!
Missing character: There is no p in font nullfont!
Missing character: There is no t in font nullfont!
Missing character: There is no y in font nullfont!
Missing character: There is no s in font nullfont!
Missing character: There is no e in font nullfont!
Missing character: There is no t in font nullfont!
Missing character: There is no s in font nullfont!
Missing character: There is no , in font nullfont!
Missing character: There is no , in font nullfont!
Missing character: There is no t in font nullfont!
Missing character: There is no h in font nullfont!
Missing character: There is no e in font nullfont!
Missing character: There is no p in font nullfont!
Missing character: There is no r in font nullfont!
Missing character: There is no o in font nullfont!
Missing character: There is no j in font nullfont!
Missing character: There is no e in font nullfont!
Missing character: There is no c in font nullfont!
Missing character: There is no t in font nullfont!
Missing character: There is no i in font nullfont!
Missing character: There is no o in font nullfont!
Missing character: There is no n in font nullfont!
Missing character: There is no m in font nullfont!
Missing character: There is no a in font nullfont!
Missing character: There is no p in font nullfont!
Missing character: There is no s in font nullfont!
Missing character: There is no , in font nullfont!
Missing character: There is no a in font nullfont!
Missing character: There is no n in font nullfont!
Missing character: There is no d in font nullfont!
/Users/gcrescenzo/Documents/School/LaTeX Documents/latex-class-notes/Fall 2025/550 Measure Theory/Notes/measures.tex:227: Undefined control sequence.
<recently read> \cM 
                    
l.227 ...w X_\alpha$ the projection maps, and $\cM
                                                  _\alpha$ a $\sigma$-algebr...
The control sequence at the end of the top line
of your error message was never \def'ed. If you have
misspelled it (e.g., `\hobx'), type `I' and the correct
spelling (e.g., `I\hbox'). Otherwise just continue,
and I'll forget about whatever was undefined.

Missing character: There is no a in font nullfont!
Missing character: There is no - in font nullfont!
Missing character: There is no a in font nullfont!
Missing character: There is no l in font nullfont!
Missing character: There is no g in font nullfont!
Missing character: There is no e in font nullfont!
Missing character: There is no b in font nullfont!
Missing character: There is no r in font nullfont!
Missing character: There is no a in font nullfont!
Missing character: There is no o in font nullfont!
Missing character: There is no n in font nullfont!
Missing character: There is no f in font nullfont!
Missing character: There is no o in font nullfont!
Missing character: There is no r in font nullfont!
Missing character: There is no e in font nullfont!
Missing character: There is no a in font nullfont!
Missing character: There is no c in font nullfont!
Missing character: There is no h in font nullfont!
Missing character: There is no . in font nullfont!
Missing character: There is no T in font nullfont!
Missing character: There is no h in font nullfont!
Missing character: There is no e in font nullfont!
Missing character: There is no n in font nullfont!
/Users/gcrescenzo/Documents/School/LaTeX Documents/latex-class-notes/Fall 2025/550 Measure Theory/Notes/measures.tex:227: Undefined control sequence.
l.227 ...in A$. Then $\bigotimes_{\alpha \in A}\cM
                                                  _\alpha$ is generated by:
The control sequence at the end of the top line
of your error message was never \def'ed. If you have
misspelled it (e.g., `\hobx'), type `I' and the correct
spelling (e.g., `I\hbox'). Otherwise just continue,
and I'll forget about whatever was undefined.

/Users/gcrescenzo/Documents/School/LaTeX Documents/latex-class-notes/Fall 2025/550 Measure Theory/Notes/measures.tex:227: Double subscript.
l.227 ...n A$. Then $\bigotimes_{\alpha \in A}\cM_
                                                  \alpha$ is generated by:
I treat `x_1_2' essentially like `x_1{}_2'.

Missing character: There is no i in font nullfont!
Missing character: There is no s in font nullfont!
Missing character: There is no g in font nullfont!
Missing character: There is no e in font nullfont!
Missing character: There is no n in font nullfont!
Missing character: There is no e in font nullfont!
Missing character: There is no r in font nullfont!
Missing character: There is no a in font nullfont!
Missing character: There is no t in font nullfont!
Missing character: There is no e in font nullfont!
Missing character: There is no d in font nullfont!
Missing character: There is no b in font nullfont!
Missing character: There is no y in font nullfont!
Missing character: There is no : in font nullfont!

/Users/gcrescenzo/Documents/School/LaTeX Documents/latex-class-notes/Fall 2025/550 Measure Theory/Notes/measures.tex:228: LaTeX Error: Environment equation* undefined.

See the LaTeX manual or LaTeX Companion for explanation.
Type  H <return>  for immediate help.
 ...                                              
                                                  
l.228             \begin{equation*}
                                   
Your command was ignored.
Type  I <command> <return>  to replace it with another command,
or  <return>  to continue without it.


/Users/gcrescenzo/Documents/School/LaTeX Documents/latex-class-notes/Fall 2025/550 Measure Theory/Notes/measures.tex:229: LaTeX Error: Environment split undefined.

See the LaTeX manual or LaTeX Companion for explanation.
Type  H <return>  for immediate help.
 ...                                              
                                                  
l.229             \begin{split}
                               
Your command was ignored.
Type  I <command> <return>  to replace it with another command,
or  <return>  to continue without it.

/Users/gcrescenzo/Documents/School/LaTeX Documents/latex-class-notes/Fall 2025/550 Measure Theory/Notes/measures.tex:230: Missing $ inserted.
<inserted text> 
                $
l.230                 \left
                           \{ \prod_{\alpha \in A}E_\alpha \mid E_\alpha \in...
I've inserted a begin-math/end-math symbol since I think
you left one out. Proceed, with fingers crossed.

/Users/gcrescenzo/Documents/School/LaTeX Documents/latex-class-notes/Fall 2025/550 Measure Theory/Notes/measures.tex:230: Undefined control sequence.
l.230 ...lpha \in A}E_\alpha \mid E_\alpha \in \cM
                                                  _\alpha \right\}
The control sequence at the end of the top line
of your error message was never \def'ed. If you have
misspelled it (e.g., `\hobx'), type `I' and the correct
spelling (e.g., `I\hbox'). Otherwise just continue,
and I'll forget about whatever was undefined.


/Users/gcrescenzo/Documents/School/LaTeX Documents/latex-class-notes/Fall 2025/550 Measure Theory/Notes/measures.tex:231: LaTeX Error: \begin{document} ended by \end{split}.

See the LaTeX manual or LaTeX Companion for explanation.
Type  H <return>  for immediate help.
 ...                                              
                                                  
l.231             \end{split}
                             
Your command was ignored.
Type  I <command> <return>  to replace it with another command,
or  <return>  to continue without it.

/Users/gcrescenzo/Documents/School/LaTeX Documents/latex-class-notes/Fall 2025/550 Measure Theory/Notes/measures.tex:231: Missing $ inserted.
<inserted text> 
                $
l.231             \end{split}
                             
I've inserted something that you may have forgotten.
(See the <inserted text> above.)
With luck, this will get me unwedged. But if you
really didn't forget anything, try typing `2' now; then
my insertion and my current dilemma will both disappear.


/Users/gcrescenzo/Documents/School/LaTeX Documents/latex-class-notes/Fall 2025/550 Measure Theory/Notes/measures.tex:232: LaTeX Error: \begin{document} ended by \end{equation*}.

See the LaTeX manual or LaTeX Companion for explanation.
Type  H <return>  for immediate help.
 ...                                              
                                                  
l.232             \end{equation*}
                                 
Your command was ignored.
Type  I <command> <return>  to replace it with another command,
or  <return>  to continue without it.


/Users/gcrescenzo/Documents/School/LaTeX Documents/latex-class-notes/Fall 2025/550 Measure Theory/Notes/measures.tex:233: LaTeX Error: \begin{document} ended by \end{proposition}.

See the LaTeX manual or LaTeX Companion for explanation.
Type  H <return>  for immediate help.
 ...                                              
                                                  
l.233     \end{proposition}
                           
Your command was ignored.
Type  I <command> <return>  to replace it with another command,
or  <return>  to continue without it.


/Users/gcrescenzo/Documents/School/LaTeX Documents/latex-class-notes/Fall 2025/550 Measure Theory/Notes/measures.tex:234: LaTeX Error: Environment proof undefined.

See the LaTeX manual or LaTeX Companion for explanation.
Type  H <return>  for immediate help.
 ...                                              
                                                  
l.234         \begin{proof}
                           
Your command was ignored.
Type  I <command> <return>  to replace it with another command,
or  <return>  to continue without it.

Missing character: There is no D in font nullfont!
Missing character: There is no e in font nullfont!
Missing character: There is no n in font nullfont!
Missing character: There is no o in font nullfont!
Missing character: There is no t in font nullfont!
Missing character: There is no e in font nullfont!
/Users/gcrescenzo/Documents/School/LaTeX Documents/latex-class-notes/Fall 2025/550 Measure Theory/Notes/measures.tex:235: Undefined control sequence.
<recently read> \cO 
                    
l.235             Denote $\cO
                             $ as the $\sigma$-algebra generated by $\left\{...
The control sequence at the end of the top line
of your error message was never \def'ed. If you have
misspelled it (e.g., `\hobx'), type `I' and the correct
spelling (e.g., `I\hbox'). Otherwise just continue,
and I'll forget about whatever was undefined.

Missing character: There is no a in font nullfont!
Missing character: There is no s in font nullfont!
Missing character: There is no t in font nullfont!
Missing character: There is no h in font nullfont!
Missing character: There is no e in font nullfont!
Missing character: There is no - in font nullfont!
Missing character: There is no a in font nullfont!
Missing character: There is no l in font nullfont!
Missing character: There is no g in font nullfont!
Missing character: There is no e in font nullfont!
Missing character: There is no b in font nullfont!
Missing character: There is no r in font nullfont!
Missing character: There is no a in font nullfont!
Missing character: There is no g in font nullfont!
Missing character: There is no e in font nullfont!
Missing character: There is no n in font nullfont!
Missing character: There is no e in font nullfont!
Missing character: There is no r in font nullfont!
Missing character: There is no a in font nullfont!
Missing character: There is no t in font nullfont!
Missing character: There is no e in font nullfont!
Missing character: There is no d in font nullfont!
Missing character: There is no b in font nullfont!
Missing character: There is no y in font nullfont!
/Users/gcrescenzo/Documents/School/LaTeX Documents/latex-class-notes/Fall 2025/550 Measure Theory/Notes/measures.tex:235: Undefined control sequence.
l.235 ...lpha \in A}E_\alpha \mid E_\alpha \in \cM
                                                  _\alpha \right\}$.
The control sequence at the end of the top line
of your error message was never \def'ed. If you have
misspelled it (e.g., `\hobx'), type `I' and the correct
spelling (e.g., `I\hbox'). Otherwise just continue,
and I'll forget about whatever was undefined.

Missing character: There is no . in font nullfont!
Missing character: There is no I in font nullfont!
Missing character: There is no f in font nullfont!
/Users/gcrescenzo/Documents/School/LaTeX Documents/latex-class-notes/Fall 2025/550 Measure Theory/Notes/measures.tex:236: Undefined control sequence.
l.236             If $E_\alpha \in \cM
                                      _\alpha$, then $\pi_\alpha^{-1}(E_\alp...
The control sequence at the end of the top line
of your error message was never \def'ed. If you have
misspelled it (e.g., `\hobx'), type `I' and the correct
spelling (e.g., `I\hbox'). Otherwise just continue,
and I'll forget about whatever was undefined.

Missing character: There is no , in font nullfont!
Missing character: There is no t in font nullfont!
Missing character: There is no h in font nullfont!
Missing character: There is no e in font nullfont!
Missing character: There is no n in font nullfont!
Missing character: There is no , in font nullfont!
Missing character: There is no w in font nullfont!
Missing character: There is no h in font nullfont!
Missing character: There is no e in font nullfont!
Missing character: There is no r in font nullfont!
Missing character: There is no e in font nullfont!
Missing character: There is no f in font nullfont!
Missing character: There is no o in font nullfont!
Missing character: There is no r in font nullfont!
Missing character: There is no . in font nullfont!
Missing character: There is no T in font nullfont!
Missing character: There is no h in font nullfont!
Missing character: There is no i in font nullfont!
Missing character: There is no s in font nullfont!
Missing character: There is no g in font nullfont!
Missing character: There is no i in font nullfont!
Missing character: There is no v in font nullfont!
Missing character: There is no e in font nullfont!
Missing character: There is no s in font nullfont!
Missing character: There is no t in font nullfont!
Missing character: There is no h in font nullfont!
Missing character: There is no e in font nullfont!
Missing character: There is no i in font nullfont!
Missing character: There is no n in font nullfont!
Missing character: There is no c in font nullfont!
Missing character: There is no l in font nullfont!
Missing character: There is no u in font nullfont!
Missing character: There is no s in font nullfont!
Missing character: There is no i in font nullfont!
Missing character: There is no o in font nullfont!
Missing character: There is no n in font nullfont!
Missing character: There is no : in font nullfont!

/Users/gcrescenzo/Documents/School/LaTeX Documents/latex-class-notes/Fall 2025/550 Measure Theory/Notes/measures.tex:237: LaTeX Error: Environment equation* undefined.

See the LaTeX manual or LaTeX Companion for explanation.
Type  H <return>  for immediate help.
 ...                                              
                                                  
l.237                 \begin{equation*}
                                       
Your command was ignored.
Type  I <command> <return>  to replace it with another command,
or  <return>  to continue without it.


/Users/gcrescenzo/Documents/School/LaTeX Documents/latex-class-notes/Fall 2025/550 Measure Theory/Notes/measures.tex:238: LaTeX Error: Environment split undefined.

See the LaTeX manual or LaTeX Companion for explanation.
Type  H <return>  for immediate help.
 ...                                              
                                                  
l.238                 \begin{split}
                                   
Your command was ignored.
Type  I <command> <return>  to replace it with another command,
or  <return>  to continue without it.

/Users/gcrescenzo/Documents/School/LaTeX Documents/latex-class-notes/Fall 2025/550 Measure Theory/Notes/measures.tex:239: Missing $ inserted.
<inserted text> 
                $
l.239                     \{\pi
                               _\alpha^{-1}(E_\alpha) \mid E_\alpha \in \cM_...
I've inserted a begin-math/end-math symbol since I think
you left one out. Proceed, with fingers crossed.

/Users/gcrescenzo/Documents/School/LaTeX Documents/latex-class-notes/Fall 2025/550 Measure Theory/Notes/measures.tex:239: Undefined control sequence.
l.239 ...lpha^{-1}(E_\alpha) \mid E_\alpha \in \cM
                                                  _\alpha, \h2 \alpha \in I\...
The control sequence at the end of the top line
of your error message was never \def'ed. If you have
misspelled it (e.g., `\hobx'), type `I' and the correct
spelling (e.g., `I\hbox'). Otherwise just continue,
and I'll forget about whatever was undefined.

/Users/gcrescenzo/Documents/School/LaTeX Documents/latex-class-notes/Fall 2025/550 Measure Theory/Notes/measures.tex:239: Undefined control sequence.
l.239 ..._\alpha) \mid E_\alpha \in \cM_\alpha, \h
                                                  2 \alpha \in I\} \subset \cO.
The control sequence at the end of the top line
of your error message was never \def'ed. If you have
misspelled it (e.g., `\hobx'), type `I' and the correct
spelling (e.g., `I\hbox'). Otherwise just continue,
and I'll forget about whatever was undefined.

/Users/gcrescenzo/Documents/School/LaTeX Documents/latex-class-notes/Fall 2025/550 Measure Theory/Notes/measures.tex:239: Undefined control sequence.
l.239 ...cM_\alpha, \h2 \alpha \in I\} \subset \cO
                                                  .
The control sequence at the end of the top line
of your error message was never \def'ed. If you have
misspelled it (e.g., `\hobx'), type `I' and the correct
spelling (e.g., `I\hbox'). Otherwise just continue,
and I'll forget about whatever was undefined.


/Users/gcrescenzo/Documents/School/LaTeX Documents/latex-class-notes/Fall 2025/550 Measure Theory/Notes/measures.tex:240: LaTeX Error: \begin{document} ended by \end{split}.

See the LaTeX manual or LaTeX Companion for explanation.
Type  H <return>  for immediate help.
 ...                                              
                                                  
l.240                 \end{split}
                                 
Your command was ignored.
Type  I <command> <return>  to replace it with another command,
or  <return>  to continue without it.

/Users/gcrescenzo/Documents/School/LaTeX Documents/latex-class-notes/Fall 2025/550 Measure Theory/Notes/measures.tex:240: Missing $ inserted.
<inserted text> 
                $
l.240                 \end{split}
                                 
I've inserted something that you may have forgotten.
(See the <inserted text> above.)
With luck, this will get me unwedged. But if you
really didn't forget anything, try typing `2' now; then
my insertion and my current dilemma will both disappear.


/Users/gcrescenzo/Documents/School/LaTeX Documents/latex-class-notes/Fall 2025/550 Measure Theory/Notes/measures.tex:241: LaTeX Error: \begin{document} ended by \end{equation*}.

See the LaTeX manual or LaTeX Companion for explanation.
Type  H <return>  for immediate help.
 ...                                              
                                                  
l.241                 \end{equation*}
                                     
Your command was ignored.
Type  I <command> <return>  to replace it with another command,
or  <return>  to continue without it.

Missing character: There is no B in font nullfont!
Missing character: There is no u in font nullfont!
Missing character: There is no t in font nullfont!
Missing character: There is no s in font nullfont!
Missing character: There is no i in font nullfont!
Missing character: There is no n in font nullfont!
Missing character: There is no c in font nullfont!
Missing character: There is no e in font nullfont!
/Users/gcrescenzo/Documents/School/LaTeX Documents/latex-class-notes/Fall 2025/550 Measure Theory/Notes/measures.tex:242: Undefined control sequence.
l.242 ...  But since $\bigotimes_{\alpha \in A}\cM
                                                  _\alpha$ is the smallest $...
The control sequence at the end of the top line
of your error message was never \def'ed. If you have
misspelled it (e.g., `\hobx'), type `I' and the correct
spelling (e.g., `I\hbox'). Otherwise just continue,
and I'll forget about whatever was undefined.

/Users/gcrescenzo/Documents/School/LaTeX Documents/latex-class-notes/Fall 2025/550 Measure Theory/Notes/measures.tex:242: Double subscript.
l.242 ... But since $\bigotimes_{\alpha \in A}\cM_
                                                  \alpha$ is the smallest $\...
I treat `x_1_2' essentially like `x_1{}_2'.

Missing character: There is no i in font nullfont!
Missing character: There is no s in font nullfont!
Missing character: There is no t in font nullfont!
Missing character: There is no h in font nullfont!
Missing character: There is no e in font nullfont!
Missing character: There is no s in font nullfont!
Missing character: There is no m in font nullfont!
Missing character: There is no a in font nullfont!
Missing character: There is no l in font nullfont!
Missing character: There is no l in font nullfont!
Missing character: There is no e in font nullfont!
Missing character: There is no s in font nullfont!
Missing character: There is no t in font nullfont!
Missing character: There is no - in font nullfont!
Missing character: There is no a in font nullfont!
Missing character: There is no l in font nullfont!
Missing character: There is no g in font nullfont!
Missing character: There is no e in font nullfont!
Missing character: There is no b in font nullfont!
Missing character: There is no r in font nullfont!
Missing character: There is no a in font nullfont!
Missing character: There is no g in font nullfont!
Missing character: There is no e in font nullfont!
Missing character: There is no n in font nullfont!
Missing character: There is no e in font nullfont!
Missing character: There is no r in font nullfont!
Missing character: There is no a in font nullfont!
Missing character: There is no t in font nullfont!
Missing character: There is no e in font nullfont!
Missing character: There is no d in font nullfont!
Missing character: There is no b in font nullfont!
Missing character: There is no y in font nullfont!
/Users/gcrescenzo/Documents/School/LaTeX Documents/latex-class-notes/Fall 2025/550 Measure Theory/Notes/measures.tex:242: Undefined control sequence.
l.242 ...lpha^{-1}(E_\alpha) \mid E_\alpha \in \cM
                                                  _\alpha, \h2 \alpha \in I\...
The control sequence at the end of the top line
of your error message was never \def'ed. If you have
misspelled it (e.g., `\hobx'), type `I' and the correct
spelling (e.g., `I\hbox'). Otherwise just continue,
and I'll forget about whatever was undefined.

/Users/gcrescenzo/Documents/School/LaTeX Documents/latex-class-notes/Fall 2025/550 Measure Theory/Notes/measures.tex:242: Undefined control sequence.
l.242 ..._\alpha) \mid E_\alpha \in \cM_\alpha, \h
                                                  2 \alpha \in I\}$, we get:
The control sequence at the end of the top line
of your error message was never \def'ed. If you have
misspelled it (e.g., `\hobx'), type `I' and the correct
spelling (e.g., `I\hbox'). Otherwise just continue,
and I'll forget about whatever was undefined.

Missing character: There is no , in font nullfont!
Missing character: There is no w in font nullfont!
Missing character: There is no e in font nullfont!
Missing character: There is no g in font nullfont!
Missing character: There is no e in font nullfont!
Missing character: There is no t in font nullfont!
Missing character: There is no : in font nullfont!

/Users/gcrescenzo/Documents/School/LaTeX Documents/latex-class-notes/Fall 2025/550 Measure Theory/Notes/measures.tex:243: LaTeX Error: Environment equation* undefined.

See the LaTeX manual or LaTeX Companion for explanation.
Type  H <return>  for immediate help.
 ...                                              
                                                  
l.243                 \begin{equation*}
                                       
Your command was ignored.
Type  I <command> <return>  to replace it with another command,
or  <return>  to continue without it.


/Users/gcrescenzo/Documents/School/LaTeX Documents/latex-class-notes/Fall 2025/550 Measure Theory/Notes/measures.tex:244: LaTeX Error: Environment split undefined.

See the LaTeX manual or LaTeX Companion for explanation.
Type  H <return>  for immediate help.
 ...                                              
                                                  
l.244                 \begin{split}
                                   
Your command was ignored.
Type  I <command> <return>  to replace it with another command,
or  <return>  to continue without it.

/Users/gcrescenzo/Documents/School/LaTeX Documents/latex-class-notes/Fall 2025/550 Measure Theory/Notes/measures.tex:245: Missing $ inserted.
<inserted text> 
                $
l.245                     \bigotimes
                                    _{\alpha \in A}\cM_\alpha \subset \cO.
I've inserted a begin-math/end-math symbol since I think
you left one out. Proceed, with fingers crossed.

/Users/gcrescenzo/Documents/School/LaTeX Documents/latex-class-notes/Fall 2025/550 Measure Theory/Notes/measures.tex:245: Undefined control sequence.
l.245 ...             \bigotimes_{\alpha \in A}\cM
                                                  _\alpha \subset \cO.
The control sequence at the end of the top line
of your error message was never \def'ed. If you have
misspelled it (e.g., `\hobx'), type `I' and the correct
spelling (e.g., `I\hbox'). Otherwise just continue,
and I'll forget about whatever was undefined.

/Users/gcrescenzo/Documents/School/LaTeX Documents/latex-class-notes/Fall 2025/550 Measure Theory/Notes/measures.tex:245: Double subscript.
l.245 ...            \bigotimes_{\alpha \in A}\cM_
                                                  \alpha \subset \cO.
I treat `x_1_2' essentially like `x_1{}_2'.

/Users/gcrescenzo/Documents/School/LaTeX Documents/latex-class-notes/Fall 2025/550 Measure Theory/Notes/measures.tex:245: Undefined control sequence.
l.245 ...imes_{\alpha \in A}\cM_\alpha \subset \cO
                                                  .
The control sequence at the end of the top line
of your error message was never \def'ed. If you have
misspelled it (e.g., `\hobx'), type `I' and the correct
spelling (e.g., `I\hbox'). Otherwise just continue,
and I'll forget about whatever was undefined.


/Users/gcrescenzo/Documents/School/LaTeX Documents/latex-class-notes/Fall 2025/550 Measure Theory/Notes/measures.tex:246: LaTeX Error: \begin{document} ended by \end{split}.

See the LaTeX manual or LaTeX Companion for explanation.
Type  H <return>  for immediate help.
 ...                                              
                                                  
l.246                 \end{split}
                                 
Your command was ignored.
Type  I <command> <return>  to replace it with another command,
or  <return>  to continue without it.

/Users/gcrescenzo/Documents/School/LaTeX Documents/latex-class-notes/Fall 2025/550 Measure Theory/Notes/measures.tex:246: Missing $ inserted.
<inserted text> 
                $
l.246                 \end{split}
                                 
I've inserted something that you may have forgotten.
(See the <inserted text> above.)
With luck, this will get me unwedged. But if you
really didn't forget anything, try typing `2' now; then
my insertion and my current dilemma will both disappear.


/Users/gcrescenzo/Documents/School/LaTeX Documents/latex-class-notes/Fall 2025/550 Measure Theory/Notes/measures.tex:247: LaTeX Error: \begin{document} ended by \end{equation*}.

See the LaTeX manual or LaTeX Companion for explanation.
Type  H <return>  for immediate help.
 ...                                              
                                                  
l.247                 \end{equation*}
                                     
Your command was ignored.
Type  I <command> <return>  to replace it with another command,
or  <return>  to continue without it.

Missing character: There is no C in font nullfont!
Missing character: There is no o in font nullfont!
Missing character: There is no n in font nullfont!
Missing character: There is no v in font nullfont!
Missing character: There is no e in font nullfont!
Missing character: There is no r in font nullfont!
Missing character: There is no s in font nullfont!
Missing character: There is no e in font nullfont!
Missing character: There is no l in font nullfont!
Missing character: There is no y in font nullfont!
Missing character: There is no , in font nullfont!
Missing character: There is no n in font nullfont!
Missing character: There is no o in font nullfont!
Missing character: There is no t in font nullfont!
Missing character: There is no e in font nullfont!
Missing character: There is no t in font nullfont!
Missing character: There is no h in font nullfont!
Missing character: There is no a in font nullfont!
Missing character: There is no t in font nullfont!
Missing character: There is no . in font nullfont!
Missing character: There is no S in font nullfont!
Missing character: There is no i in font nullfont!
Missing character: There is no n in font nullfont!
Missing character: There is no c in font nullfont!
Missing character: There is no e in font nullfont!
Missing character: There is no e in font nullfont!
Missing character: There is no a in font nullfont!
Missing character: There is no c in font nullfont!
Missing character: There is no h in font nullfont!
Missing character: There is no i in font nullfont!
Missing character: There is no s in font nullfont!
Missing character: There is no i in font nullfont!
Missing character: There is no n in font nullfont!
/Users/gcrescenzo/Documents/School/LaTeX Documents/latex-class-notes/Fall 2025/550 Measure Theory/Notes/measures.tex:248: Undefined control sequence.
l.248 ...pha)$ is in $\bigotimes_{\alpha \in A}\cM
                                                  _\alpha$, and since $\bigo...
The control sequence at the end of the top line
of your error message was never \def'ed. If you have
misspelled it (e.g., `\hobx'), type `I' and the correct
spelling (e.g., `I\hbox'). Otherwise just continue,
and I'll forget about whatever was undefined.

/Users/gcrescenzo/Documents/School/LaTeX Documents/latex-class-notes/Fall 2025/550 Measure Theory/Notes/measures.tex:248: Double subscript.
l.248 ...ha)$ is in $\bigotimes_{\alpha \in A}\cM_
                                                  \alpha$, and since $\bigot...
I treat `x_1_2' essentially like `x_1{}_2'.

Missing character: There is no , in font nullfont!
Missing character: There is no a in font nullfont!
Missing character: There is no n in font nullfont!
Missing character: There is no d in font nullfont!
Missing character: There is no s in font nullfont!
Missing character: There is no i in font nullfont!
Missing character: There is no n in font nullfont!
Missing character: There is no c in font nullfont!
Missing character: There is no e in font nullfont!
/Users/gcrescenzo/Documents/School/LaTeX Documents/latex-class-notes/Fall 2025/550 Measure Theory/Notes/measures.tex:248: Undefined control sequence.
l.248 ..., and since $\bigotimes_{\alpha \in A}\cM
                                                  _\alpha$ is closed under c...
The control sequence at the end of the top line
of your error message was never \def'ed. If you have
misspelled it (e.g., `\hobx'), type `I' and the correct
spelling (e.g., `I\hbox'). Otherwise just continue,
and I'll forget about whatever was undefined.

/Users/gcrescenzo/Documents/School/LaTeX Documents/latex-class-notes/Fall 2025/550 Measure Theory/Notes/measures.tex:248: Double subscript.
l.248 ... and since $\bigotimes_{\alpha \in A}\cM_
                                                  \alpha$ is closed under co...
I treat `x_1_2' essentially like `x_1{}_2'.

Missing character: There is no i in font nullfont!
Missing character: There is no s in font nullfont!
Missing character: There is no c in font nullfont!
Missing character: There is no l in font nullfont!
Missing character: There is no o in font nullfont!
Missing character: There is no s in font nullfont!
Missing character: There is no e in font nullfont!
Missing character: There is no d in font nullfont!
Missing character: There is no u in font nullfont!
Missing character: There is no n in font nullfont!
Missing character: There is no d in font nullfont!
Missing character: There is no e in font nullfont!
Missing character: There is no r in font nullfont!
Missing character: There is no c in font nullfont!
Missing character: There is no o in font nullfont!
Missing character: There is no u in font nullfont!
Missing character: There is no n in font nullfont!
Missing character: There is no t in font nullfont!
Missing character: There is no a in font nullfont!
Missing character: There is no b in font nullfont!
Missing character: There is no l in font nullfont!
Missing character: There is no e in font nullfont!
Missing character: There is no i in font nullfont!
Missing character: There is no n in font nullfont!
Missing character: There is no t in font nullfont!
Missing character: There is no e in font nullfont!
Missing character: There is no r in font nullfont!
Missing character: There is no s in font nullfont!
Missing character: There is no e in font nullfont!
Missing character: There is no c in font nullfont!
Missing character: There is no t in font nullfont!
Missing character: There is no i in font nullfont!
Missing character: There is no o in font nullfont!
Missing character: There is no n in font nullfont!
Missing character: There is no s in font nullfont!
Missing character: There is no , in font nullfont!
Missing character: There is no w in font nullfont!
Missing character: There is no e in font nullfont!
Missing character: There is no h in font nullfont!
Missing character: There is no a in font nullfont!
Missing character: There is no v in font nullfont!
Missing character: There is no e in font nullfont!
Missing character: There is no t in font nullfont!
Missing character: There is no h in font nullfont!
Missing character: There is no a in font nullfont!
Missing character: There is no t in font nullfont!
/Users/gcrescenzo/Documents/School/LaTeX Documents/latex-class-notes/Fall 2025/550 Measure Theory/Notes/measures.tex:248: Undefined control sequence.
l.248 ...E_\alpha \in \bigotimes_{\alpha \in A}\cM
                                                  _\alpha$. Hence we have th...
The control sequence at the end of the top line
of your error message was never \def'ed. If you have
misspelled it (e.g., `\hobx'), type `I' and the correct
spelling (e.g., `I\hbox'). Otherwise just continue,
and I'll forget about whatever was undefined.

/Users/gcrescenzo/Documents/School/LaTeX Documents/latex-class-notes/Fall 2025/550 Measure Theory/Notes/measures.tex:248: Double subscript.
l.248 ..._\alpha \in \bigotimes_{\alpha \in A}\cM_
                                                  \alpha$. Hence we have the...
I treat `x_1_2' essentially like `x_1{}_2'.

Missing character: There is no . in font nullfont!
Missing character: There is no H in font nullfont!
Missing character: There is no e in font nullfont!
Missing character: There is no n in font nullfont!
Missing character: There is no c in font nullfont!
Missing character: There is no e in font nullfont!
Missing character: There is no w in font nullfont!
Missing character: There is no e in font nullfont!
Missing character: There is no h in font nullfont!
Missing character: There is no a in font nullfont!
Missing character: There is no v in font nullfont!
Missing character: There is no e in font nullfont!
Missing character: There is no t in font nullfont!
Missing character: There is no h in font nullfont!
Missing character: There is no e in font nullfont!
Missing character: There is no f in font nullfont!
Missing character: There is no o in font nullfont!
Missing character: There is no l in font nullfont!
Missing character: There is no l in font nullfont!
Missing character: There is no o in font nullfont!
Missing character: There is no w in font nullfont!
Missing character: There is no i in font nullfont!
Missing character: There is no n in font nullfont!
Missing character: There is no g in font nullfont!
Missing character: There is no i in font nullfont!
Missing character: There is no n in font nullfont!
Missing character: There is no c in font nullfont!
Missing character: There is no l in font nullfont!
Missing character: There is no u in font nullfont!
Missing character: There is no s in font nullfont!
Missing character: There is no i in font nullfont!
Missing character: There is no o in font nullfont!
Missing character: There is no n in font nullfont!
Missing character: There is no : in font nullfont!

/Users/gcrescenzo/Documents/School/LaTeX Documents/latex-class-notes/Fall 2025/550 Measure Theory/Notes/measures.tex:249: LaTeX Error: Environment equation* undefined.

See the LaTeX manual or LaTeX Companion for explanation.
Type  H <return>  for immediate help.
 ...                                              
                                                  
l.249                 \begin{equation*}
                                       
Your command was ignored.
Type  I <command> <return>  to replace it with another command,
or  <return>  to continue without it.


/Users/gcrescenzo/Documents/School/LaTeX Documents/latex-class-notes/Fall 2025/550 Measure Theory/Notes/measures.tex:250: LaTeX Error: Environment split undefined.

See the LaTeX manual or LaTeX Companion for explanation.
Type  H <return>  for immediate help.
 ...                                              
                                                  
l.250                 \begin{split}
                                   
Your command was ignored.
Type  I <command> <return>  to replace it with another command,
or  <return>  to continue without it.

/Users/gcrescenzo/Documents/School/LaTeX Documents/latex-class-notes/Fall 2025/550 Measure Theory/Notes/measures.tex:251: Missing $ inserted.
<inserted text> 
                $
l.251                     \left
                               \{ \prod_{\alpha \in A}E_\alpha \mid E_\alpha...
I've inserted a begin-math/end-math symbol since I think
you left one out. Proceed, with fingers crossed.

/Users/gcrescenzo/Documents/School/LaTeX Documents/latex-class-notes/Fall 2025/550 Measure Theory/Notes/measures.tex:251: Undefined control sequence.
l.251 ...lpha \in A}E_\alpha \mid E_\alpha \in \cM
                                                  _\alpha \right\} \subset \...
The control sequence at the end of the top line
of your error message was never \def'ed. If you have
misspelled it (e.g., `\hobx'), type `I' and the correct
spelling (e.g., `I\hbox'). Otherwise just continue,
and I'll forget about whatever was undefined.

/Users/gcrescenzo/Documents/School/LaTeX Documents/latex-class-notes/Fall 2025/550 Measure Theory/Notes/measures.tex:251: Undefined control sequence.
l.251 ...ht\} \subset \bigotimes_{\alpha \in A}\cM
                                                  _\alpha.
The control sequence at the end of the top line
of your error message was never \def'ed. If you have
misspelled it (e.g., `\hobx'), type `I' and the correct
spelling (e.g., `I\hbox'). Otherwise just continue,
and I'll forget about whatever was undefined.

/Users/gcrescenzo/Documents/School/LaTeX Documents/latex-class-notes/Fall 2025/550 Measure Theory/Notes/measures.tex:251: Double subscript.
l.251 ...t\} \subset \bigotimes_{\alpha \in A}\cM_
                                                  \alpha.
I treat `x_1_2' essentially like `x_1{}_2'.


/Users/gcrescenzo/Documents/School/LaTeX Documents/latex-class-notes/Fall 2025/550 Measure Theory/Notes/measures.tex:252: LaTeX Error: \begin{document} ended by \end{split}.

See the LaTeX manual or LaTeX Companion for explanation.
Type  H <return>  for immediate help.
 ...                                              
                                                  
l.252                 \end{split}
                                 
Your command was ignored.
Type  I <command> <return>  to replace it with another command,
or  <return>  to continue without it.

/Users/gcrescenzo/Documents/School/LaTeX Documents/latex-class-notes/Fall 2025/550 Measure Theory/Notes/measures.tex:252: Missing $ inserted.
<inserted text> 
                $
l.252                 \end{split}
                                 
I've inserted something that you may have forgotten.
(See the <inserted text> above.)
With luck, this will get me unwedged. But if you
really didn't forget anything, try typing `2' now; then
my insertion and my current dilemma will both disappear.


/Users/gcrescenzo/Documents/School/LaTeX Documents/latex-class-notes/Fall 2025/550 Measure Theory/Notes/measures.tex:253: LaTeX Error: \begin{document} ended by \end{equation*}.

See the LaTeX manual or LaTeX Companion for explanation.
Type  H <return>  for immediate help.
 ...                                              
                                                  
l.253                 \end{equation*}
                                     
Your command was ignored.
Type  I <command> <return>  to replace it with another command,
or  <return>  to continue without it.

Missing character: There is no B in font nullfont!
Missing character: There is no u in font nullfont!
Missing character: There is no t in font nullfont!
Missing character: There is no s in font nullfont!
Missing character: There is no i in font nullfont!
Missing character: There is no n in font nullfont!
Missing character: There is no c in font nullfont!
Missing character: There is no e in font nullfont!
/Users/gcrescenzo/Documents/School/LaTeX Documents/latex-class-notes/Fall 2025/550 Measure Theory/Notes/measures.tex:254: Undefined control sequence.
<recently read> \cO 
                    
l.254             But since $\cO
                                $ is the smallest $\sigma$-algebra generated...
The control sequence at the end of the top line
of your error message was never \def'ed. If you have
misspelled it (e.g., `\hobx'), type `I' and the correct
spelling (e.g., `I\hbox'). Otherwise just continue,
and I'll forget about whatever was undefined.

Missing character: There is no i in font nullfont!
Missing character: There is no s in font nullfont!
Missing character: There is no t in font nullfont!
Missing character: There is no h in font nullfont!
Missing character: There is no e in font nullfont!
Missing character: There is no s in font nullfont!
Missing character: There is no m in font nullfont!
Missing character: There is no a in font nullfont!
Missing character: There is no l in font nullfont!
Missing character: There is no l in font nullfont!
Missing character: There is no e in font nullfont!
Missing character: There is no s in font nullfont!
Missing character: There is no t in font nullfont!
Missing character: There is no - in font nullfont!
Missing character: There is no a in font nullfont!
Missing character: There is no l in font nullfont!
Missing character: There is no g in font nullfont!
Missing character: There is no e in font nullfont!
Missing character: There is no b in font nullfont!
Missing character: There is no r in font nullfont!
Missing character: There is no a in font nullfont!
Missing character: There is no g in font nullfont!
Missing character: There is no e in font nullfont!
Missing character: There is no n in font nullfont!
Missing character: There is no e in font nullfont!
Missing character: There is no r in font nullfont!
Missing character: There is no a in font nullfont!
Missing character: There is no t in font nullfont!
Missing character: There is no e in font nullfont!
Missing character: There is no d in font nullfont!
Missing character: There is no b in font nullfont!
Missing character: There is no y in font nullfont!
/Users/gcrescenzo/Documents/School/LaTeX Documents/latex-class-notes/Fall 2025/550 Measure Theory/Notes/measures.tex:254: Undefined control sequence.
l.254 ...lpha \in A}E_\alpha \mid E_\alpha \in \cM
                                                  _\alpha \right\}$, it must...
The control sequence at the end of the top line
of your error message was never \def'ed. If you have
misspelled it (e.g., `\hobx'), type `I' and the correct
spelling (e.g., `I\hbox'). Otherwise just continue,
and I'll forget about whatever was undefined.

Missing character: There is no , in font nullfont!
Missing character: There is no i in font nullfont!
Missing character: There is no t in font nullfont!
Missing character: There is no m in font nullfont!
Missing character: There is no u in font nullfont!
Missing character: There is no s in font nullfont!
Missing character: There is no t in font nullfont!
Missing character: There is no b in font nullfont!
Missing character: There is no e in font nullfont!
Missing character: There is no t in font nullfont!
Missing character: There is no h in font nullfont!
Missing character: There is no e in font nullfont!
Missing character: There is no c in font nullfont!
Missing character: There is no a in font nullfont!
Missing character: There is no s in font nullfont!
Missing character: There is no e in font nullfont!
Missing character: There is no t in font nullfont!
Missing character: There is no h in font nullfont!
Missing character: There is no a in font nullfont!
Missing character: There is no t in font nullfont!
/Users/gcrescenzo/Documents/School/LaTeX Documents/latex-class-notes/Fall 2025/550 Measure Theory/Notes/measures.tex:254: Undefined control sequence.
<recently read> \cO 
                    
l.254 ... \right\}$, it must be the case that $\cO
                                                   \subset \bigotimes_{\alph...
The control sequence at the end of the top line
of your error message was never \def'ed. If you have
misspelled it (e.g., `\hobx'), type `I' and the correct
spelling (e.g., `I\hbox'). Otherwise just continue,
and I'll forget about whatever was undefined.

/Users/gcrescenzo/Documents/School/LaTeX Documents/latex-class-notes/Fall 2025/550 Measure Theory/Notes/measures.tex:254: Undefined control sequence.
l.254 ...$\cO \subset \bigotimes_{\alpha \in A}\cM
                                                  _\alpha$. Since we showed ...
The control sequence at the end of the top line
of your error message was never \def'ed. If you have
misspelled it (e.g., `\hobx'), type `I' and the correct
spelling (e.g., `I\hbox'). Otherwise just continue,
and I'll forget about whatever was undefined.

/Users/gcrescenzo/Documents/School/LaTeX Documents/latex-class-notes/Fall 2025/550 Measure Theory/Notes/measures.tex:254: Double subscript.
l.254 ...\cO \subset \bigotimes_{\alpha \in A}\cM_
                                                  \alpha$. Since we showed i...
I treat `x_1_2' essentially like `x_1{}_2'.

Missing character: There is no . in font nullfont!
Missing character: There is no S in font nullfont!
Missing character: There is no i in font nullfont!
Missing character: There is no n in font nullfont!
Missing character: There is no c in font nullfont!
Missing character: There is no e in font nullfont!
Missing character: There is no w in font nullfont!
Missing character: There is no e in font nullfont!
Missing character: There is no s in font nullfont!
Missing character: There is no h in font nullfont!
Missing character: There is no o in font nullfont!
Missing character: There is no w in font nullfont!
Missing character: There is no e in font nullfont!
Missing character: There is no d in font nullfont!
Missing character: There is no i in font nullfont!
Missing character: There is no n in font nullfont!
Missing character: There is no c in font nullfont!
Missing character: There is no l in font nullfont!
Missing character: There is no u in font nullfont!
Missing character: There is no s in font nullfont!
Missing character: There is no i in font nullfont!
Missing character: There is no o in font nullfont!
Missing character: There is no n in font nullfont!
Missing character: There is no i in font nullfont!
Missing character: There is no n in font nullfont!
Missing character: There is no b in font nullfont!
Missing character: There is no o in font nullfont!
Missing character: There is no t in font nullfont!
Missing character: There is no h in font nullfont!
Missing character: There is no d in font nullfont!
Missing character: There is no i in font nullfont!
Missing character: There is no r in font nullfont!
Missing character: There is no e in font nullfont!
Missing character: There is no c in font nullfont!
Missing character: There is no t in font nullfont!
Missing character: There is no i in font nullfont!
Missing character: There is no o in font nullfont!
Missing character: There is no n in font nullfont!
Missing character: There is no s in font nullfont!
Missing character: There is no , in font nullfont!
/Users/gcrescenzo/Documents/School/LaTeX Documents/latex-class-notes/Fall 2025/550 Measure Theory/Notes/measures.tex:254: Undefined control sequence.
<recently read> \cO 
                    
l.254 ...showed inclusion in both directions, $\cO
                                                   = \bigotimes_{\alpha \in ...
The control sequence at the end of the top line
of your error message was never \def'ed. If you have
misspelled it (e.g., `\hobx'), type `I' and the correct
spelling (e.g., `I\hbox'). Otherwise just continue,
and I'll forget about whatever was undefined.

/Users/gcrescenzo/Documents/School/LaTeX Documents/latex-class-notes/Fall 2025/550 Measure Theory/Notes/measures.tex:254: Undefined control sequence.
l.254 ...ions, $\cO = \bigotimes_{\alpha \in A}\cM
                                                  _\alpha$; i.e., $\bigotime...
The control sequence at the end of the top line
of your error message was never \def'ed. If you have
misspelled it (e.g., `\hobx'), type `I' and the correct
spelling (e.g., `I\hbox'). Otherwise just continue,
and I'll forget about whatever was undefined.

/Users/gcrescenzo/Documents/School/LaTeX Documents/latex-class-notes/Fall 2025/550 Measure Theory/Notes/measures.tex:254: Double subscript.
l.254 ...ons, $\cO = \bigotimes_{\alpha \in A}\cM_
                                                  \alpha$; i.e., $\bigotimes...
I treat `x_1_2' essentially like `x_1{}_2'.

Missing character: There is no ; in font nullfont!
Missing character: There is no i in font nullfont!
Missing character: There is no . in font nullfont!
Missing character: There is no e in font nullfont!
Missing character: There is no . in font nullfont!
Missing character: There is no , in font nullfont!
/Users/gcrescenzo/Documents/School/LaTeX Documents/latex-class-notes/Fall 2025/550 Measure Theory/Notes/measures.tex:254: Undefined control sequence.
l.254 ...pha$; i.e., $\bigotimes_{\alpha \in A}\cM
                                                  _\alpha$ is generated by $...
The control sequence at the end of the top line
of your error message was never \def'ed. If you have
misspelled it (e.g., `\hobx'), type `I' and the correct
spelling (e.g., `I\hbox'). Otherwise just continue,
and I'll forget about whatever was undefined.

/Users/gcrescenzo/Documents/School/LaTeX Documents/latex-class-notes/Fall 2025/550 Measure Theory/Notes/measures.tex:254: Double subscript.
l.254 ...ha$; i.e., $\bigotimes_{\alpha \in A}\cM_
                                                  \alpha$ is generated by $\...
I treat `x_1_2' essentially like `x_1{}_2'.

Missing character: There is no i in font nullfont!
Missing character: There is no s in font nullfont!
Missing character: There is no g in font nullfont!
Missing character: There is no e in font nullfont!
Missing character: There is no n in font nullfont!
Missing character: There is no e in font nullfont!
Missing character: There is no r in font nullfont!
Missing character: There is no a in font nullfont!
Missing character: There is no t in font nullfont!
Missing character: There is no e in font nullfont!
Missing character: There is no d in font nullfont!
Missing character: There is no b in font nullfont!
Missing character: There is no y in font nullfont!
/Users/gcrescenzo/Documents/School/LaTeX Documents/latex-class-notes/Fall 2025/550 Measure Theory/Notes/measures.tex:254: Undefined control sequence.
l.254 ...lpha \in A}E_\alpha \mid E_\alpha \in \cM
                                                  _\alpha \right\}$.
The control sequence at the end of the top line
of your error message was never \def'ed. If you have
misspelled it (e.g., `\hobx'), type `I' and the correct
spelling (e.g., `I\hbox'). Otherwise just continue,
and I'll forget about whatever was undefined.

Missing character: There is no . in font nullfont!

/Users/gcrescenzo/Documents/School/LaTeX Documents/latex-class-notes/Fall 2025/550 Measure Theory/Notes/measures.tex:255: LaTeX Error: \begin{document} ended by \end{proof}.

See the LaTeX manual or LaTeX Companion for explanation.
Type  H <return>  for immediate help.
 ...                                              
                                                  
l.255         \end{proof}
                         
Your command was ignored.
Type  I <command> <return>  to replace it with another command,
or  <return>  to continue without it.


Overfull \hbox (20.0pt too wide) in paragraph at lines 226--256
[]
 []


Overfull \hbox (7.50002pt too wide) in paragraph at lines 226--256
\OML/cmm/m/it/10 A$
 []


Overfull \hbox (41.0851pt too wide) in paragraph at lines 226--256
\OMS/cmsy/m/n/10 f\OML/cmm/m/it/10 X[]\OMS/cmsy/m/n/10 g[]$
 []


Overfull \hbox (19.62494pt too wide) in paragraph at lines 226--256
\OML/cmm/m/it/10 X \OT1/cmr/m/n/10 =
 []


Overfull \hbox (42.19617pt too wide) in paragraph at lines 226--256
[][] \OML/cmm/m/it/10 X[]$
 []


Overfull \hbox (16.95453pt too wide) in paragraph at lines 226--256
\OML/cmm/m/it/10 ^^Y[] \OT1/cmr/m/n/10 :
 []


Overfull \hbox (21.84715pt too wide) in paragraph at lines 226--256
\OML/cmm/m/it/10 X \OMS/cmsy/m/n/10 !
 []


Overfull \hbox (13.98349pt too wide) in paragraph at lines 226--256
\OML/cmm/m/it/10 X[]$
 []


Overfull \hbox (5.69876pt too wide) in paragraph at lines 226--256
[]$
 []


Overfull \hbox (6.0729pt too wide) in paragraph at lines 226--256
\OML/cmm/m/it/10 ^^[$
 []


Overfull \hbox (13.98349pt too wide) in paragraph at lines 226--256
\OML/cmm/m/it/10 X[]$
 []


Overfull \hbox (15.87843pt too wide) in paragraph at lines 226--256
\OML/cmm/m/it/10  \OMS/cmsy/m/n/10 2
 []


Overfull \hbox (7.50002pt too wide) in paragraph at lines 226--256
\OML/cmm/m/it/10 A$
 []


Overfull \hbox (35.57811pt too wide) in paragraph at lines 226--256
[][] []$
 []


Overfull \hbox (89.51717pt too wide) in paragraph at lines 226--256
[]$
 []


Overfull \hbox (6.0729pt too wide) in paragraph at lines 226--256
\OML/cmm/m/it/10 ^^[$
 []


Overfull \hbox (89.51717pt too wide) in paragraph at lines 226--256
[]$
 []


Overfull \hbox (28.22386pt too wide) in paragraph at lines 226--256
\OML/cmm/m/it/10 E[] \OMS/cmsy/m/n/10 2[]$
 []


Overfull \hbox (48.20921pt too wide) in paragraph at lines 226--256
\OML/cmm/m/it/10 ^^Y[]\OT1/cmr/m/n/10 (\OML/cmm/m/it/10 E[]\OT1/cmr/m/n/10 ) =
 []


Overfull \hbox (40.68413pt too wide) in paragraph at lines 226--256
[][] \OML/cmm/m/it/10 E[]$
 []


Overfull \hbox (23.33159pt too wide) in paragraph at lines 226--256
\OML/cmm/m/it/10 E[] \OT1/cmr/m/n/10 =
 []


Overfull \hbox (13.67886pt too wide) in paragraph at lines 226--256
\OML/cmm/m/it/10 X[]$
 []


Overfull \hbox (16.73953pt too wide) in paragraph at lines 226--256
\OML/cmm/m/it/10 ^^L \OMS/cmsy/m/n/10 6\OT1/cmr/m/n/10 =
 []


Overfull \hbox (6.43404pt too wide) in paragraph at lines 226--256
\OML/cmm/m/it/10 $
 []


Overfull \hbox (48.20921pt too wide) in paragraph at lines 226--256
\OMS/cmsy/m/n/10 f$\OML/cmm/m/it/10 ^^Y[]\OT1/cmr/m/n/10 (\OML/cmm/m/it/10 E[]\OT1/cmr/m/n/10 ) \OMS/cmsy/m/n/10 j
 []


Overfull \hbox (28.22386pt too wide) in paragraph at lines 226--256
\OML/cmm/m/it/10 E[] \OMS/cmsy/m/n/10 2[]
 []


Overfull \hbox (25.32286pt too wide) in paragraph at lines 226--256
\OML/cmm/m/it/10 ; \OT1/cmr/m/n/10 2\OML/cmm/m/it/10  \OMS/cmsy/m/n/10 2
 []


Overfull \hbox (20.73607pt too wide) in paragraph at lines 226--256
\OML/cmm/m/it/10 I\OMS/cmsy/m/n/10 g ^^Z
 []


Overfull \hbox (2.77779pt too wide) in paragraph at lines 226--256
\OML/cmm/m/it/10 :$
 []


Overfull \hbox (35.57811pt too wide) in paragraph at lines 226--256
[][] []$
 []


Overfull \hbox (6.0729pt too wide) in paragraph at lines 226--256
\OML/cmm/m/it/10 ^^[$
 []


Overfull \hbox (48.20921pt too wide) in paragraph at lines 226--256
\OMS/cmsy/m/n/10 f\OML/cmm/m/it/10 ^^Y[]\OT1/cmr/m/n/10 (\OML/cmm/m/it/10 E[]\OT1/cmr/m/n/10 ) \OMS/cmsy/m/n/10 j
 []


Overfull \hbox (28.22386pt too wide) in paragraph at lines 226--256
\OML/cmm/m/it/10 E[] \OMS/cmsy/m/n/10 2[]
 []


Overfull \hbox (25.32286pt too wide) in paragraph at lines 226--256
\OML/cmm/m/it/10 ; \OT1/cmr/m/n/10 2\OML/cmm/m/it/10  \OMS/cmsy/m/n/10 2
 []


Overfull \hbox (10.18056pt too wide) in paragraph at lines 226--256
\OML/cmm/m/it/10 I\OMS/cmsy/m/n/10 g$
 []


Overfull \hbox (46.13362pt too wide) in paragraph at lines 226--256
[][] [] \OMS/cmsy/m/n/10 ^^Z
 []


Overfull \hbox (2.77779pt too wide) in paragraph at lines 226--256
\OML/cmm/m/it/10 :$
 []


Overfull \hbox (51.84889pt too wide) in paragraph at lines 226--256
[][] \OML/cmm/m/it/10 E[] \OT1/cmr/m/n/10 =
 []


Overfull \hbox (64.75526pt too wide) in paragraph at lines 226--256
[][] \OML/cmm/m/it/10 ^^Y[]\OT1/cmr/m/n/10 (\OML/cmm/m/it/10 E[]\OT1/cmr/m/n/10 )$
 []


Overfull \hbox (37.6537pt too wide) in paragraph at lines 226--256
\OML/cmm/m/it/10 ^^Y[]\OT1/cmr/m/n/10 (\OML/cmm/m/it/10 E[]\OT1/cmr/m/n/10 )$
 []


Overfull \hbox (35.57811pt too wide) in paragraph at lines 226--256
[][] []$
 []


Overfull \hbox (35.57811pt too wide) in paragraph at lines 226--256
[][] []$
 []


Overfull \hbox (50.73778pt too wide) in paragraph at lines 226--256
[][] \OML/cmm/m/it/10 E[] \OMS/cmsy/m/n/10 2
 []


Overfull \hbox (35.57811pt too wide) in paragraph at lines 226--256
[][] []$
 []


Overfull \hbox (100.07268pt too wide) in paragraph at lines 226--256
[] \OMS/cmsy/m/n/10 ^^Z
 []


Overfull \hbox (38.3559pt too wide) in paragraph at lines 226--256
[][] []\OML/cmm/m/it/10 :$
 []


Overfull \hbox (6.0729pt too wide) in paragraph at lines 226--256
\OML/cmm/m/it/10 ^^[$
 []


Overfull \hbox (89.51717pt too wide) in paragraph at lines 226--256
[]$
 []


Overfull \hbox (7.7778pt too wide) in paragraph at lines 226--256
\OMS/cmsy/m/n/10 ^^Z
 []


Overfull \hbox (35.57811pt too wide) in paragraph at lines 226--256
[][] []$
 []


Overfull \hbox (7.7778pt too wide) in paragraph at lines 226--256
\OT1/cmr/m/n/10 =
 []


Overfull \hbox (35.57811pt too wide) in paragraph at lines 226--256
[][] []$
 []


Overfull \hbox (35.57811pt too wide) in paragraph at lines 226--256
[][] []$
 []


Overfull \hbox (89.51717pt too wide) in paragraph at lines 226--256
[]$
 []

Missing character: There is no I in font nullfont!
Missing character: There is no n in font nullfont!
Missing character: There is no b in font nullfont!
Missing character: There is no o in font nullfont!
Missing character: There is no t in font nullfont!
Missing character: There is no h in font nullfont!
Missing character: There is no o in font nullfont!
Missing character: There is no f in font nullfont!
Missing character: There is no t in font nullfont!
Missing character: There is no h in font nullfont!
Missing character: There is no e in font nullfont!
Missing character: There is no a in font nullfont!
Missing character: There is no b in font nullfont!
Missing character: There is no o in font nullfont!
Missing character: There is no v in font nullfont!
Missing character: There is no e in font nullfont!
Missing character: There is no c in font nullfont!
Missing character: There is no a in font nullfont!
Missing character: There is no s in font nullfont!
Missing character: There is no e in font nullfont!
Missing character: There is no s in font nullfont!
Missing character: There is no , in font nullfont!
Missing character: There is no w in font nullfont!
Missing character: There is no e in font nullfont!
Missing character: There is no d in font nullfont!
Missing character: There is no o in font nullfont!
Missing character: There is no n in font nullfont!
Missing character: There is no o in font nullfont!
Missing character: There is no t in font nullfont!
Missing character: There is no a in font nullfont!
Missing character: There is no s in font nullfont!
Missing character: There is no s in font nullfont!
Missing character: There is no u in font nullfont!
Missing character: There is no m in font nullfont!
Missing character: There is no e in font nullfont!
Missing character: There is no e in font nullfont!
Missing character: There is no a in font nullfont!
Missing character: There is no c in font nullfont!
Missing character: There is no h in font nullfont!
/Users/gcrescenzo/Documents/School/LaTeX Documents/latex-class-notes/Fall 2025/550 Measure Theory/Notes/measures.tex:257: Undefined control sequence.
<recently read> \cM 
                    
l.257 ...e above cases, we do not assume each $\cM
                                                  _\alpha$ to be generated b...
The control sequence at the end of the top line
of your error message was never \def'ed. If you have
misspelled it (e.g., `\hobx'), type `I' and the correct
spelling (e.g., `I\hbox'). Otherwise just continue,
and I'll forget about whatever was undefined.

Missing character: There is no t in font nullfont!
Missing character: There is no o in font nullfont!
Missing character: There is no b in font nullfont!
Missing character: There is no e in font nullfont!
Missing character: There is no g in font nullfont!
Missing character: There is no e in font nullfont!
Missing character: There is no n in font nullfont!
Missing character: There is no e in font nullfont!
Missing character: There is no r in font nullfont!
Missing character: There is no a in font nullfont!
Missing character: There is no t in font nullfont!
Missing character: There is no e in font nullfont!
Missing character: There is no d in font nullfont!
Missing character: There is no b in font nullfont!
Missing character: There is no y in font nullfont!
Missing character: There is no a in font nullfont!
Missing character: There is no n in font nullfont!
Missing character: There is no y in font nullfont!
Missing character: There is no s in font nullfont!
Missing character: There is no e in font nullfont!
Missing character: There is no t in font nullfont!
Missing character: There is no . in font nullfont!
Missing character: There is no I in font nullfont!
Missing character: There is no f in font nullfont!
Missing character: There is no w in font nullfont!
Missing character: There is no e in font nullfont!
Missing character: There is no a in font nullfont!
Missing character: There is no s in font nullfont!
Missing character: There is no s in font nullfont!
Missing character: There is no u in font nullfont!
Missing character: There is no m in font nullfont!
Missing character: There is no e in font nullfont!
Missing character: There is no t in font nullfont!
Missing character: There is no h in font nullfont!
Missing character: There is no a in font nullfont!
Missing character: There is no t in font nullfont!
Missing character: There is no e in font nullfont!
Missing character: There is no a in font nullfont!
Missing character: There is no c in font nullfont!
Missing character: There is no h in font nullfont!
/Users/gcrescenzo/Documents/School/LaTeX Documents/latex-class-notes/Fall 2025/550 Measure Theory/Notes/measures.tex:257: Undefined control sequence.
<recently read> \cM 
                    
l.257 ...d by any set. If we assume that each $\cM
                                                  _\alpha$ to be generated b...
The control sequence at the end of the top line
of your error message was never \def'ed. If you have
misspelled it (e.g., `\hobx'), type `I' and the correct
spelling (e.g., `I\hbox'). Otherwise just continue,
and I'll forget about whatever was undefined.

Missing character: There is no t in font nullfont!
Missing character: There is no o in font nullfont!
Missing character: There is no b in font nullfont!
Missing character: There is no e in font nullfont!
Missing character: There is no g in font nullfont!
Missing character: There is no e in font nullfont!
Missing character: There is no n in font nullfont!
Missing character: There is no e in font nullfont!
Missing character: There is no r in font nullfont!
Missing character: There is no a in font nullfont!
Missing character: There is no t in font nullfont!
Missing character: There is no e in font nullfont!
Missing character: There is no d in font nullfont!
Missing character: There is no b in font nullfont!
Missing character: There is no y in font nullfont!
Missing character: There is no a in font nullfont!
Missing character: There is no s in font nullfont!
Missing character: There is no e in font nullfont!
Missing character: There is no t in font nullfont!
Missing character: There is no , in font nullfont!
Missing character: There is no w in font nullfont!
Missing character: There is no e in font nullfont!
Missing character: There is no h in font nullfont!
Missing character: There is no a in font nullfont!
Missing character: There is no v in font nullfont!
Missing character: There is no e in font nullfont!
Missing character: There is no a in font nullfont!

Overfull \hbox (20.0pt too wide) in paragraph at lines 257--258
[]
 []


Overfull \hbox (5.69876pt too wide) in paragraph at lines 257--258
[]$
 []


Overfull \hbox (5.69876pt too wide) in paragraph at lines 257--258
[]$
 []


/Users/gcrescenzo/Documents/School/LaTeX Documents/latex-class-notes/Fall 2025/550 Measure Theory/Notes/measures.tex:259: LaTeX Error: Environment lemma undefined.

See the LaTeX manual or LaTeX Companion for explanation.
Type  H <return>  for immediate help.
 ...                                              
                                                  
l.259     \begin{lemma}
                       ***
Your command was ignored.
Type  I <command> <return>  to replace it with another command,
or  <return>  to continue without it.

Missing character: There is no * in font nullfont!
Missing character: There is no * in font nullfont!
Missing character: There is no * in font nullfont!
Missing character: There is no L in font nullfont!
Missing character: There is no e in font nullfont!
Missing character: There is no t in font nullfont!
Missing character: There is no b in font nullfont!
Missing character: There is no e in font nullfont!
Missing character: There is no a in font nullfont!
Missing character: There is no f in font nullfont!
Missing character: There is no a in font nullfont!
Missing character: There is no m in font nullfont!
Missing character: There is no i in font nullfont!
Missing character: There is no l in font nullfont!
Missing character: There is no y in font nullfont!
Missing character: There is no o in font nullfont!
Missing character: There is no f in font nullfont!
Missing character: There is no n in font nullfont!
Missing character: There is no o in font nullfont!
Missing character: There is no n in font nullfont!
Missing character: There is no e in font nullfont!
Missing character: There is no m in font nullfont!
Missing character: There is no p in font nullfont!
Missing character: There is no t in font nullfont!
Missing character: There is no y in font nullfont!
Missing character: There is no s in font nullfont!
Missing character: There is no e in font nullfont!
Missing character: There is no t in font nullfont!
Missing character: There is no s in font nullfont!
Missing character: There is no , in font nullfont!
/Users/gcrescenzo/Documents/School/LaTeX Documents/latex-class-notes/Fall 2025/550 Measure Theory/Notes/measures.tex:260: Undefined control sequence.
<recently read> \cE 
                    
l.260 ...in A}$ be a family of nonempty sets, $\cE
                                                  _\alpha \subset \cP(X_\alp...
The control sequence at the end of the top line
of your error message was never \def'ed. If you have
misspelled it (e.g., `\hobx'), type `I' and the correct
spelling (e.g., `I\hbox'). Otherwise just continue,
and I'll forget about whatever was undefined.

/Users/gcrescenzo/Documents/School/LaTeX Documents/latex-class-notes/Fall 2025/550 Measure Theory/Notes/measures.tex:260: Undefined control sequence.
l.260 ...of nonempty sets, $\cE_\alpha \subset \cP
                                                  (X_\alpha)$, and $\cM_\alp...
The control sequence at the end of the top line
of your error message was never \def'ed. If you have
misspelled it (e.g., `\hobx'), type `I' and the correct
spelling (e.g., `I\hbox'). Otherwise just continue,
and I'll forget about whatever was undefined.

Missing character: There is no , in font nullfont!
Missing character: There is no a in font nullfont!
Missing character: There is no n in font nullfont!
Missing character: There is no d in font nullfont!
/Users/gcrescenzo/Documents/School/LaTeX Documents/latex-class-notes/Fall 2025/550 Measure Theory/Notes/measures.tex:260: Undefined control sequence.
<recently read> \cM 
                    
l.260 ...E_\alpha \subset \cP(X_\alpha)$, and $\cM
                                                  _\alpha := \fM(\cE_\alpha)...
The control sequence at the end of the top line
of your error message was never \def'ed. If you have
misspelled it (e.g., `\hobx'), type `I' and the correct
spelling (e.g., `I\hbox'). Otherwise just continue,
and I'll forget about whatever was undefined.

/Users/gcrescenzo/Documents/School/LaTeX Documents/latex-class-notes/Fall 2025/550 Measure Theory/Notes/measures.tex:260: Undefined control sequence.
l.260 ...et \cP(X_\alpha)$, and $\cM_\alpha := \fM
                                                  (\cE_\alpha)$ for each $\a...
The control sequence at the end of the top line
of your error message was never \def'ed. If you have
misspelled it (e.g., `\hobx'), type `I' and the correct
spelling (e.g., `I\hbox'). Otherwise just continue,
and I'll forget about whatever was undefined.

/Users/gcrescenzo/Documents/School/LaTeX Documents/latex-class-notes/Fall 2025/550 Measure Theory/Notes/measures.tex:260: Undefined control sequence.
l.260 ...cP(X_\alpha)$, and $\cM_\alpha := \fM(\cE
                                                  _\alpha)$ for each $\alpha...
The control sequence at the end of the top line
of your error message was never \def'ed. If you have
misspelled it (e.g., `\hobx'), type `I' and the correct
spelling (e.g., `I\hbox'). Otherwise just continue,
and I'll forget about whatever was undefined.

Missing character: There is no f in font nullfont!
Missing character: There is no o in font nullfont!
Missing character: There is no r in font nullfont!
Missing character: There is no e in font nullfont!
Missing character: There is no a in font nullfont!
Missing character: There is no c in font nullfont!
Missing character: There is no h in font nullfont!
Missing character: There is no . in font nullfont!
Missing character: There is no T in font nullfont!
Missing character: There is no h in font nullfont!
Missing character: There is no e in font nullfont!
Missing character: There is no n in font nullfont!
/Users/gcrescenzo/Documents/School/LaTeX Documents/latex-class-notes/Fall 2025/550 Measure Theory/Notes/measures.tex:260: Undefined control sequence.
l.260 ...in A$. Then $\bigotimes_{\alpha \in A}\cM
                                                  _\alpha$ is generated by:
The control sequence at the end of the top line
of your error message was never \def'ed. If you have
misspelled it (e.g., `\hobx'), type `I' and the correct
spelling (e.g., `I\hbox'). Otherwise just continue,
and I'll forget about whatever was undefined.

/Users/gcrescenzo/Documents/School/LaTeX Documents/latex-class-notes/Fall 2025/550 Measure Theory/Notes/measures.tex:260: Double subscript.
l.260 ...n A$. Then $\bigotimes_{\alpha \in A}\cM_
                                                  \alpha$ is generated by:
I treat `x_1_2' essentially like `x_1{}_2'.

Missing character: There is no i in font nullfont!
Missing character: There is no s in font nullfont!
Missing character: There is no g in font nullfont!
Missing character: There is no e in font nullfont!
Missing character: There is no n in font nullfont!
Missing character: There is no e in font nullfont!
Missing character: There is no r in font nullfont!
Missing character: There is no a in font nullfont!
Missing character: There is no t in font nullfont!
Missing character: There is no e in font nullfont!
Missing character: There is no d in font nullfont!
Missing character: There is no b in font nullfont!
Missing character: There is no y in font nullfont!
Missing character: There is no : in font nullfont!

/Users/gcrescenzo/Documents/School/LaTeX Documents/latex-class-notes/Fall 2025/550 Measure Theory/Notes/measures.tex:261: LaTeX Error: Environment equation* undefined.

See the LaTeX manual or LaTeX Companion for explanation.
Type  H <return>  for immediate help.
 ...                                              
                                                  
l.261             \begin{equation*}
                                   
Your command was ignored.
Type  I <command> <return>  to replace it with another command,
or  <return>  to continue without it.


/Users/gcrescenzo/Documents/School/LaTeX Documents/latex-class-notes/Fall 2025/550 Measure Theory/Notes/measures.tex:262: LaTeX Error: Environment split undefined.

See the LaTeX manual or LaTeX Companion for explanation.
Type  H <return>  for immediate help.
 ...                                              
                                                  
l.262             \begin{split}
                               
Your command was ignored.
Type  I <command> <return>  to replace it with another command,
or  <return>  to continue without it.

/Users/gcrescenzo/Documents/School/LaTeX Documents/latex-class-notes/Fall 2025/550 Measure Theory/Notes/measures.tex:263: Undefined control sequence.
l.263                 \cF
                         _1 = \{\pi_\alpha^{-1}(E_\alpha) \mid E_\alpha \in ...
The control sequence at the end of the top line
of your error message was never \def'ed. If you have
misspelled it (e.g., `\hobx'), type `I' and the correct
spelling (e.g., `I\hbox'). Otherwise just continue,
and I'll forget about whatever was undefined.

/Users/gcrescenzo/Documents/School/LaTeX Documents/latex-class-notes/Fall 2025/550 Measure Theory/Notes/measures.tex:263: Missing $ inserted.
<inserted text> 
                $
l.263                 \cF_
                          1 = \{\pi_\alpha^{-1}(E_\alpha) \mid E_\alpha \in ...
I've inserted a begin-math/end-math symbol since I think
you left one out. Proceed, with fingers crossed.

/Users/gcrescenzo/Documents/School/LaTeX Documents/latex-class-notes/Fall 2025/550 Measure Theory/Notes/measures.tex:263: Undefined control sequence.
l.263 ...lpha^{-1}(E_\alpha) \mid E_\alpha \in \cE
                                                  _\alpha, \alpha \in A\}.
The control sequence at the end of the top line
of your error message was never \def'ed. If you have
misspelled it (e.g., `\hobx'), type `I' and the correct
spelling (e.g., `I\hbox'). Otherwise just continue,
and I'll forget about whatever was undefined.


/Users/gcrescenzo/Documents/School/LaTeX Documents/latex-class-notes/Fall 2025/550 Measure Theory/Notes/measures.tex:264: LaTeX Error: \begin{document} ended by \end{split}.

See the LaTeX manual or LaTeX Companion for explanation.
Type  H <return>  for immediate help.
 ...                                              
                                                  
l.264             \end{split}
                             
Your command was ignored.
Type  I <command> <return>  to replace it with another command,
or  <return>  to continue without it.

/Users/gcrescenzo/Documents/School/LaTeX Documents/latex-class-notes/Fall 2025/550 Measure Theory/Notes/measures.tex:264: Missing $ inserted.
<inserted text> 
                $
l.264             \end{split}
                             
I've inserted something that you may have forgotten.
(See the <inserted text> above.)
With luck, this will get me unwedged. But if you
really didn't forget anything, try typing `2' now; then
my insertion and my current dilemma will both disappear.


/Users/gcrescenzo/Documents/School/LaTeX Documents/latex-class-notes/Fall 2025/550 Measure Theory/Notes/measures.tex:265: LaTeX Error: \begin{document} ended by \end{equation*}.

See the LaTeX manual or LaTeX Companion for explanation.
Type  H <return>  for immediate help.
 ...                                              
                                                  
l.265             \end{equation*}
                                 
Your command was ignored.
Type  I <command> <return>  to replace it with another command,
or  <return>  to continue without it.

Missing character: There is no I in font nullfont!
Missing character: There is no f in font nullfont!
Missing character: There is no i in font nullfont!
Missing character: There is no s in font nullfont!
Missing character: There is no c in font nullfont!
Missing character: There is no o in font nullfont!
Missing character: There is no u in font nullfont!
Missing character: There is no n in font nullfont!
Missing character: There is no t in font nullfont!
Missing character: There is no a in font nullfont!
Missing character: There is no b in font nullfont!
Missing character: There is no l in font nullfont!
Missing character: There is no e in font nullfont!
Missing character: There is no a in font nullfont!
Missing character: There is no n in font nullfont!
Missing character: There is no d in font nullfont!
/Users/gcrescenzo/Documents/School/LaTeX Documents/latex-class-notes/Fall 2025/550 Measure Theory/Notes/measures.tex:266: Undefined control sequence.
l.266 ...If $A$ is countable and $X_\alpha \in \cE
                                                  _\alpha$ for each $\alpha$...
The control sequence at the end of the top line
of your error message was never \def'ed. If you have
misspelled it (e.g., `\hobx'), type `I' and the correct
spelling (e.g., `I\hbox'). Otherwise just continue,
and I'll forget about whatever was undefined.

Missing character: There is no f in font nullfont!
Missing character: There is no o in font nullfont!
Missing character: There is no r in font nullfont!
Missing character: There is no e in font nullfont!
Missing character: There is no a in font nullfont!
Missing character: There is no c in font nullfont!
Missing character: There is no h in font nullfont!
Missing character: There is no , in font nullfont!
Missing character: There is no t in font nullfont!
Missing character: There is no h in font nullfont!
Missing character: There is no e in font nullfont!
Missing character: There is no n in font nullfont!
/Users/gcrescenzo/Documents/School/LaTeX Documents/latex-class-notes/Fall 2025/550 Measure Theory/Notes/measures.tex:266: Undefined control sequence.
l.266 ...lpha$, then $\bigotimes_{\alpha \in A}\cM
                                                  _\alpha$ is generated by:
The control sequence at the end of the top line
of your error message was never \def'ed. If you have
misspelled it (e.g., `\hobx'), type `I' and the correct
spelling (e.g., `I\hbox'). Otherwise just continue,
and I'll forget about whatever was undefined.

/Users/gcrescenzo/Documents/School/LaTeX Documents/latex-class-notes/Fall 2025/550 Measure Theory/Notes/measures.tex:266: Double subscript.
l.266 ...pha$, then $\bigotimes_{\alpha \in A}\cM_
                                                  \alpha$ is generated by:
I treat `x_1_2' essentially like `x_1{}_2'.

Missing character: There is no i in font nullfont!
Missing character: There is no s in font nullfont!
Missing character: There is no g in font nullfont!
Missing character: There is no e in font nullfont!
Missing character: There is no n in font nullfont!
Missing character: There is no e in font nullfont!
Missing character: There is no r in font nullfont!
Missing character: There is no a in font nullfont!
Missing character: There is no t in font nullfont!
Missing character: There is no e in font nullfont!
Missing character: There is no d in font nullfont!
Missing character: There is no b in font nullfont!
Missing character: There is no y in font nullfont!
Missing character: There is no : in font nullfont!

/Users/gcrescenzo/Documents/School/LaTeX Documents/latex-class-notes/Fall 2025/550 Measure Theory/Notes/measures.tex:267: LaTeX Error: Environment equation* undefined.

See the LaTeX manual or LaTeX Companion for explanation.
Type  H <return>  for immediate help.
 ...                                              
                                                  
l.267             \begin{equation*}
                                   
Your command was ignored.
Type  I <command> <return>  to replace it with another command,
or  <return>  to continue without it.


/Users/gcrescenzo/Documents/School/LaTeX Documents/latex-class-notes/Fall 2025/550 Measure Theory/Notes/measures.tex:268: LaTeX Error: Environment split undefined.

See the LaTeX manual or LaTeX Companion for explanation.
Type  H <return>  for immediate help.
 ...                                              
                                                  
l.268             \begin{split}
                               
Your command was ignored.
Type  I <command> <return>  to replace it with another command,
or  <return>  to continue without it.

/Users/gcrescenzo/Documents/School/LaTeX Documents/latex-class-notes/Fall 2025/550 Measure Theory/Notes/measures.tex:269: Undefined control sequence.
l.269                 \cF
                         _2 = \left\{\prod_{\alpha \in A}E_\alpha \mid E_\al...
The control sequence at the end of the top line
of your error message was never \def'ed. If you have
misspelled it (e.g., `\hobx'), type `I' and the correct
spelling (e.g., `I\hbox'). Otherwise just continue,
and I'll forget about whatever was undefined.

/Users/gcrescenzo/Documents/School/LaTeX Documents/latex-class-notes/Fall 2025/550 Measure Theory/Notes/measures.tex:269: Missing $ inserted.
<inserted text> 
                $
l.269                 \cF_
                          2 = \left\{\prod_{\alpha \in A}E_\alpha \mid E_\al...
I've inserted a begin-math/end-math symbol since I think
you left one out. Proceed, with fingers crossed.

/Users/gcrescenzo/Documents/School/LaTeX Documents/latex-class-notes/Fall 2025/550 Measure Theory/Notes/measures.tex:269: Undefined control sequence.
l.269 ...lpha \in A}E_\alpha \mid E_\alpha \in \cE
                                                  _\alpha\right\}.
The control sequence at the end of the top line
of your error message was never \def'ed. If you have
misspelled it (e.g., `\hobx'), type `I' and the correct
spelling (e.g., `I\hbox'). Otherwise just continue,
and I'll forget about whatever was undefined.


/Users/gcrescenzo/Documents/School/LaTeX Documents/latex-class-notes/Fall 2025/550 Measure Theory/Notes/measures.tex:270: LaTeX Error: \begin{document} ended by \end{split}.

See the LaTeX manual or LaTeX Companion for explanation.
Type  H <return>  for immediate help.
 ...                                              
                                                  
l.270             \end{split}
                             
Your command was ignored.
Type  I <command> <return>  to replace it with another command,
or  <return>  to continue without it.

/Users/gcrescenzo/Documents/School/LaTeX Documents/latex-class-notes/Fall 2025/550 Measure Theory/Notes/measures.tex:270: Missing $ inserted.
<inserted text> 
                $
l.270             \end{split}
                             
I've inserted something that you may have forgotten.
(See the <inserted text> above.)
With luck, this will get me unwedged. But if you
really didn't forget anything, try typing `2' now; then
my insertion and my current dilemma will both disappear.


/Users/gcrescenzo/Documents/School/LaTeX Documents/latex-class-notes/Fall 2025/550 Measure Theory/Notes/measures.tex:271: LaTeX Error: \begin{document} ended by \end{equation*}.

See the LaTeX manual or LaTeX Companion for explanation.
Type  H <return>  for immediate help.
 ...                                              
                                                  
l.271             \end{equation*}
                                 
Your command was ignored.
Type  I <command> <return>  to replace it with another command,
or  <return>  to continue without it.


/Users/gcrescenzo/Documents/School/LaTeX Documents/latex-class-notes/Fall 2025/550 Measure Theory/Notes/measures.tex:272: LaTeX Error: \begin{document} ended by \end{lemma}.

See the LaTeX manual or LaTeX Companion for explanation.
Type  H <return>  for immediate help.
 ...                                              
                                                  
l.272     \end{lemma}
                     
Your command was ignored.
Type  I <command> <return>  to replace it with another command,
or  <return>  to continue without it.


/Users/gcrescenzo/Documents/School/LaTeX Documents/latex-class-notes/Fall 2025/550 Measure Theory/Notes/measures.tex:273: LaTeX Error: Environment proof undefined.

See the LaTeX manual or LaTeX Companion for explanation.
Type  H <return>  for immediate help.
 ...                                              
                                                  
l.273         \begin{proof}
                           
Your command was ignored.
Type  I <command> <return>  to replace it with another command,
or  <return>  to continue without it.

Missing character: There is no A in font nullfont!
Missing character: There is no u in font nullfont!
Missing character: There is no t in font nullfont!
Missing character: There is no o in font nullfont!
Missing character: There is no m in font nullfont!
Missing character: There is no a in font nullfont!
Missing character: There is no t in font nullfont!
Missing character: There is no i in font nullfont!
Missing character: There is no c in font nullfont!
Missing character: There is no a in font nullfont!
Missing character: There is no l in font nullfont!
Missing character: There is no l in font nullfont!
Missing character: There is no y in font nullfont!
Missing character: There is no w in font nullfont!
Missing character: There is no e in font nullfont!
Missing character: There is no h in font nullfont!
Missing character: There is no a in font nullfont!
Missing character: There is no v in font nullfont!
Missing character: There is no e in font nullfont!
/Users/gcrescenzo/Documents/School/LaTeX Documents/latex-class-notes/Fall 2025/550 Measure Theory/Notes/measures.tex:274: Undefined control sequence.
<recently read> \cF 
                    
l.274             Automatically we have $\cF
                                            _1 \subset \bigotimes_{\alpha \i...
The control sequence at the end of the top line
of your error message was never \def'ed. If you have
misspelled it (e.g., `\hobx'), type `I' and the correct
spelling (e.g., `I\hbox'). Otherwise just continue,
and I'll forget about whatever was undefined.

/Users/gcrescenzo/Documents/School/LaTeX Documents/latex-class-notes/Fall 2025/550 Measure Theory/Notes/measures.tex:274: Undefined control sequence.
l.274 ...cF_1 \subset \bigotimes_{\alpha \in A}\cM
                                                  $, hence $\fM(\cF_1) \subs...
The control sequence at the end of the top line
of your error message was never \def'ed. If you have
misspelled it (e.g., `\hobx'), type `I' and the correct
spelling (e.g., `I\hbox'). Otherwise just continue,
and I'll forget about whatever was undefined.

Missing character: There is no , in font nullfont!
Missing character: There is no h in font nullfont!
Missing character: There is no e in font nullfont!
Missing character: There is no n in font nullfont!
Missing character: There is no c in font nullfont!
Missing character: There is no e in font nullfont!
/Users/gcrescenzo/Documents/School/LaTeX Documents/latex-class-notes/Fall 2025/550 Measure Theory/Notes/measures.tex:274: Undefined control sequence.
<recently read> \fM 
                    
l.274 ...\bigotimes_{\alpha \in A}\cM$, hence $\fM
                                                  (\cF_1) \subset \bigotimes...
The control sequence at the end of the top line
of your error message was never \def'ed. If you have
misspelled it (e.g., `\hobx'), type `I' and the correct
spelling (e.g., `I\hbox'). Otherwise just continue,
and I'll forget about whatever was undefined.

/Users/gcrescenzo/Documents/School/LaTeX Documents/latex-class-notes/Fall 2025/550 Measure Theory/Notes/measures.tex:274: Undefined control sequence.
l.274 ...otimes_{\alpha \in A}\cM$, hence $\fM(\cF
                                                  _1) \subset \bigotimes_{\a...
The control sequence at the end of the top line
of your error message was never \def'ed. If you have
misspelled it (e.g., `\hobx'), type `I' and the correct
spelling (e.g., `I\hbox'). Otherwise just continue,
and I'll forget about whatever was undefined.

/Users/gcrescenzo/Documents/School/LaTeX Documents/latex-class-notes/Fall 2025/550 Measure Theory/Notes/measures.tex:274: Undefined control sequence.
l.274 ...F_1) \subset \bigotimes_{\alpha \in A}\cM
                                                  _\alpha$. Conversely, cons...
The control sequence at the end of the top line
of your error message was never \def'ed. If you have
misspelled it (e.g., `\hobx'), type `I' and the correct
spelling (e.g., `I\hbox'). Otherwise just continue,
and I'll forget about whatever was undefined.

/Users/gcrescenzo/Documents/School/LaTeX Documents/latex-class-notes/Fall 2025/550 Measure Theory/Notes/measures.tex:274: Double subscript.
l.274 ..._1) \subset \bigotimes_{\alpha \in A}\cM_
                                                  \alpha$. Conversely, consi...
I treat `x_1_2' essentially like `x_1{}_2'.

Missing character: There is no . in font nullfont!
Missing character: There is no C in font nullfont!
Missing character: There is no o in font nullfont!
Missing character: There is no n in font nullfont!
Missing character: There is no v in font nullfont!
Missing character: There is no e in font nullfont!
Missing character: There is no r in font nullfont!
Missing character: There is no s in font nullfont!
Missing character: There is no e in font nullfont!
Missing character: There is no l in font nullfont!
Missing character: There is no y in font nullfont!
Missing character: There is no , in font nullfont!
Missing character: There is no c in font nullfont!
Missing character: There is no o in font nullfont!
Missing character: There is no n in font nullfont!
Missing character: There is no s in font nullfont!
Missing character: There is no i in font nullfont!
Missing character: There is no d in font nullfont!
Missing character: There is no e in font nullfont!
Missing character: There is no r in font nullfont!
Missing character: There is no t in font nullfont!
Missing character: There is no h in font nullfont!
Missing character: There is no e in font nullfont!
Missing character: There is no s in font nullfont!
Missing character: There is no e in font nullfont!
Missing character: There is no t in font nullfont!
/Users/gcrescenzo/Documents/School/LaTeX Documents/latex-class-notes/Fall 2025/550 Measure Theory/Notes/measures.tex:274: Undefined control sequence.
l.274 ... X_\alpha \mid \pi_\alpha^{-1}(E) \in \fM
                                                  (\cF_1)\}$. This set is a ...
The control sequence at the end of the top line
of your error message was never \def'ed. If you have
misspelled it (e.g., `\hobx'), type `I' and the correct
spelling (e.g., `I\hbox'). Otherwise just continue,
and I'll forget about whatever was undefined.

/Users/gcrescenzo/Documents/School/LaTeX Documents/latex-class-notes/Fall 2025/550 Measure Theory/Notes/measures.tex:274: Undefined control sequence.
l.274 ...alpha \mid \pi_\alpha^{-1}(E) \in \fM(\cF
                                                  _1)\}$. This set is a $\si...
The control sequence at the end of the top line
of your error message was never \def'ed. If you have
misspelled it (e.g., `\hobx'), type `I' and the correct
spelling (e.g., `I\hbox'). Otherwise just continue,
and I'll forget about whatever was undefined.

Missing character: There is no . in font nullfont!
Missing character: There is no T in font nullfont!
Missing character: There is no h in font nullfont!
Missing character: There is no i in font nullfont!
Missing character: There is no s in font nullfont!
Missing character: There is no s in font nullfont!
Missing character: There is no e in font nullfont!
Missing character: There is no t in font nullfont!
Missing character: There is no i in font nullfont!
Missing character: There is no s in font nullfont!
Missing character: There is no a in font nullfont!
Missing character: There is no - in font nullfont!
Missing character: There is no a in font nullfont!
Missing character: There is no l in font nullfont!
Missing character: There is no g in font nullfont!
Missing character: There is no e in font nullfont!
Missing character: There is no b in font nullfont!
Missing character: There is no r in font nullfont!
Missing character: There is no a in font nullfont!
Missing character: There is no . in font nullfont!
Missing character: There is no I in font nullfont!
Missing character: There is no n in font nullfont!
Missing character: There is no d in font nullfont!
Missing character: There is no e in font nullfont!
Missing character: There is no e in font nullfont!
Missing character: There is no d in font nullfont!
Missing character: There is no , in font nullfont!
Missing character: There is no i in font nullfont!
Missing character: There is no f in font nullfont!
/Users/gcrescenzo/Documents/School/LaTeX Documents/latex-class-notes/Fall 2025/550 Measure Theory/Notes/measures.tex:274: Undefined control sequence.
l.274 ...-algebra. Indeed, if $\{E_n\}_{n \in \bfN
                                                  }$ is a family of elements...
The control sequence at the end of the top line
of your error message was never \def'ed. If you have
misspelled it (e.g., `\hobx'), type `I' and the correct
spelling (e.g., `I\hbox'). Otherwise just continue,
and I'll forget about whatever was undefined.

Missing character: There is no i in font nullfont!
Missing character: There is no s in font nullfont!
Missing character: There is no a in font nullfont!
Missing character: There is no f in font nullfont!
Missing character: There is no a in font nullfont!
Missing character: There is no m in font nullfont!
Missing character: There is no i in font nullfont!
Missing character: There is no l in font nullfont!
Missing character: There is no y in font nullfont!
Missing character: There is no o in font nullfont!
Missing character: There is no f in font nullfont!
Missing character: There is no e in font nullfont!
Missing character: There is no l in font nullfont!
Missing character: There is no e in font nullfont!
Missing character: There is no m in font nullfont!
Missing character: There is no e in font nullfont!
Missing character: There is no n in font nullfont!
Missing character: There is no t in font nullfont!
Missing character: There is no s in font nullfont!
Missing character: There is no o in font nullfont!
Missing character: There is no f in font nullfont!
Missing character: There is no , in font nullfont!
Missing character: There is no t in font nullfont!
Missing character: There is no h in font nullfont!
Missing character: There is no e in font nullfont!
Missing character: There is no n in font nullfont!
/Users/gcrescenzo/Documents/School/LaTeX Documents/latex-class-notes/Fall 2025/550 Measure Theory/Notes/measures.tex:274: Undefined control sequence.
l.274 ...hen $\{\pi_\alpha^{-1}(E_n)\}_{n \in \bfN
                                                  }$ is a family of elements...
The control sequence at the end of the top line
of your error message was never \def'ed. If you have
misspelled it (e.g., `\hobx'), type `I' and the correct
spelling (e.g., `I\hbox'). Otherwise just continue,
and I'll forget about whatever was undefined.

Missing character: There is no i in font nullfont!
Missing character: There is no s in font nullfont!
Missing character: There is no a in font nullfont!
Missing character: There is no f in font nullfont!
Missing character: There is no a in font nullfont!
Missing character: There is no m in font nullfont!
Missing character: There is no i in font nullfont!
Missing character: There is no l in font nullfont!
Missing character: There is no y in font nullfont!
Missing character: There is no o in font nullfont!
Missing character: There is no f in font nullfont!
Missing character: There is no e in font nullfont!
Missing character: There is no l in font nullfont!
Missing character: There is no e in font nullfont!
Missing character: There is no m in font nullfont!
Missing character: There is no e in font nullfont!
Missing character: There is no n in font nullfont!
Missing character: There is no t in font nullfont!
Missing character: There is no s in font nullfont!
Missing character: There is no o in font nullfont!
Missing character: There is no f in font nullfont!
/Users/gcrescenzo/Documents/School/LaTeX Documents/latex-class-notes/Fall 2025/550 Measure Theory/Notes/measures.tex:274: Undefined control sequence.
<recently read> \fM 
                    
l.274 ...in \bfN}$ is a family of elements of $\fM
                                                  (\cF_1)$. Since $\fM(\cF_1...
The control sequence at the end of the top line
of your error message was never \def'ed. If you have
misspelled it (e.g., `\hobx'), type `I' and the correct
spelling (e.g., `I\hbox'). Otherwise just continue,
and I'll forget about whatever was undefined.

/Users/gcrescenzo/Documents/School/LaTeX Documents/latex-class-notes/Fall 2025/550 Measure Theory/Notes/measures.tex:274: Undefined control sequence.
l.274 ...bfN}$ is a family of elements of $\fM(\cF
                                                  _1)$. Since $\fM(\cF_1)$ i...
The control sequence at the end of the top line
of your error message was never \def'ed. If you have
misspelled it (e.g., `\hobx'), type `I' and the correct
spelling (e.g., `I\hbox'). Otherwise just continue,
and I'll forget about whatever was undefined.

Missing character: There is no . in font nullfont!
Missing character: There is no S in font nullfont!
Missing character: There is no i in font nullfont!
Missing character: There is no n in font nullfont!
Missing character: There is no c in font nullfont!
Missing character: There is no e in font nullfont!
/Users/gcrescenzo/Documents/School/LaTeX Documents/latex-class-notes/Fall 2025/550 Measure Theory/Notes/measures.tex:274: Undefined control sequence.
<recently read> \fM 
                    
l.274 ...y of elements of $\fM(\cF_1)$. Since $\fM
                                                  (\cF_1)$ is a $\sigma$-alg...
The control sequence at the end of the top line
of your error message was never \def'ed. If you have
misspelled it (e.g., `\hobx'), type `I' and the correct
spelling (e.g., `I\hbox'). Otherwise just continue,
and I'll forget about whatever was undefined.

/Users/gcrescenzo/Documents/School/LaTeX Documents/latex-class-notes/Fall 2025/550 Measure Theory/Notes/measures.tex:274: Undefined control sequence.
l.274 ... elements of $\fM(\cF_1)$. Since $\fM(\cF
                                                  _1)$ is a $\sigma$-algebra...
The control sequence at the end of the top line
of your error message was never \def'ed. If you have
misspelled it (e.g., `\hobx'), type `I' and the correct
spelling (e.g., `I\hbox'). Otherwise just continue,
and I'll forget about whatever was undefined.

Missing character: There is no i in font nullfont!
Missing character: There is no s in font nullfont!
Missing character: There is no a in font nullfont!
Missing character: There is no - in font nullfont!
Missing character: There is no a in font nullfont!
Missing character: There is no l in font nullfont!
Missing character: There is no g in font nullfont!
Missing character: There is no e in font nullfont!
Missing character: There is no b in font nullfont!
Missing character: There is no r in font nullfont!
Missing character: There is no a in font nullfont!
Missing character: There is no , in font nullfont!
Missing character: There is no w in font nullfont!
Missing character: There is no e in font nullfont!
Missing character: There is no g in font nullfont!
Missing character: There is no e in font nullfont!
Missing character: There is no t in font nullfont!
Missing character: There is no : in font nullfont!

/Users/gcrescenzo/Documents/School/LaTeX Documents/latex-class-notes/Fall 2025/550 Measure Theory/Notes/measures.tex:275: LaTeX Error: Environment equation* undefined.

See the LaTeX manual or LaTeX Companion for explanation.
Type  H <return>  for immediate help.
 ...                                              
                                                  
l.275                 \begin{equation*}
                                       
Your command was ignored.
Type  I <command> <return>  to replace it with another command,
or  <return>  to continue without it.


/Users/gcrescenzo/Documents/School/LaTeX Documents/latex-class-notes/Fall 2025/550 Measure Theory/Notes/measures.tex:276: LaTeX Error: Environment split undefined.

See the LaTeX manual or LaTeX Companion for explanation.
Type  H <return>  for immediate help.
 ...                                              
                                                  
l.276                 \begin{split}
                                   
Your command was ignored.
Type  I <command> <return>  to replace it with another command,
or  <return>  to continue without it.

/Users/gcrescenzo/Documents/School/LaTeX Documents/latex-class-notes/Fall 2025/550 Measure Theory/Notes/measures.tex:277: Missing $ inserted.
<inserted text> 
                $
l.277                     \bigcup
                                 _{n \in \bfN}\pi_\alpha^{-1}(E_n)
I've inserted a begin-math/end-math symbol since I think
you left one out. Proceed, with fingers crossed.

/Users/gcrescenzo/Documents/School/LaTeX Documents/latex-class-notes/Fall 2025/550 Measure Theory/Notes/measures.tex:277: Undefined control sequence.
l.277                     \bigcup_{n \in \bfN
                                             }\pi_\alpha^{-1}(E_n)
The control sequence at the end of the top line
of your error message was never \def'ed. If you have
misspelled it (e.g., `\hobx'), type `I' and the correct
spelling (e.g., `I\hbox'). Otherwise just continue,
and I'll forget about whatever was undefined.

/Users/gcrescenzo/Documents/School/LaTeX Documents/latex-class-notes/Fall 2025/550 Measure Theory/Notes/measures.tex:278: Misplaced alignment tab character &.
l.278                     &
                            = \pi_\alpha^{-1} \left( \bigcup_{n \in \bfN}E_n...
I can't figure out why you would want to use a tab mark
here. If you just want an ampersand, the remedy is
simple: Just type `I\&' now. But if some right brace
up above has ended a previous alignment prematurely,
you're probably due for more error messages, and you
might try typing `S' now just to see what is salvageable.

/Users/gcrescenzo/Documents/School/LaTeX Documents/latex-class-notes/Fall 2025/550 Measure Theory/Notes/measures.tex:278: Undefined control sequence.
l.278 ...pi_\alpha^{-1} \left( \bigcup_{n \in \bfN
                                                  }E_n \right).
The control sequence at the end of the top line
of your error message was never \def'ed. If you have
misspelled it (e.g., `\hobx'), type `I' and the correct
spelling (e.g., `I\hbox'). Otherwise just continue,
and I'll forget about whatever was undefined.


/Users/gcrescenzo/Documents/School/LaTeX Documents/latex-class-notes/Fall 2025/550 Measure Theory/Notes/measures.tex:279: LaTeX Error: \begin{document} ended by \end{split}.

See the LaTeX manual or LaTeX Companion for explanation.
Type  H <return>  for immediate help.
 ...                                              
                                                  
l.279                 \end{split}
                                 
Your command was ignored.
Type  I <command> <return>  to replace it with another command,
or  <return>  to continue without it.

/Users/gcrescenzo/Documents/School/LaTeX Documents/latex-class-notes/Fall 2025/550 Measure Theory/Notes/measures.tex:279: Missing $ inserted.
<inserted text> 
                $
l.279                 \end{split}
                                 
I've inserted something that you may have forgotten.
(See the <inserted text> above.)
With luck, this will get me unwedged. But if you
really didn't forget anything, try typing `2' now; then
my insertion and my current dilemma will both disappear.


/Users/gcrescenzo/Documents/School/LaTeX Documents/latex-class-notes/Fall 2025/550 Measure Theory/Notes/measures.tex:280: LaTeX Error: \begin{document} ended by \end{equation*}.

See the LaTeX manual or LaTeX Companion for explanation.
Type  H <return>  for immediate help.
 ...                                              
                                                  
l.280                 \end{equation*}
                                     
Your command was ignored.
Type  I <command> <return>  to replace it with another command,
or  <return>  to continue without it.

Missing character: There is no H in font nullfont!
Missing character: There is no e in font nullfont!
Missing character: There is no n in font nullfont!
Missing character: There is no c in font nullfont!
Missing character: There is no e in font nullfont!
/Users/gcrescenzo/Documents/School/LaTeX Documents/latex-class-notes/Fall 2025/550 Measure Theory/Notes/measures.tex:281: Undefined control sequence.
l.281             Hence $\bigcup_{n \in \bfN
                                            }E_n \in S$. A similar argument ...
The control sequence at the end of the top line
of your error message was never \def'ed. If you have
misspelled it (e.g., `\hobx'), type `I' and the correct
spelling (e.g., `I\hbox'). Otherwise just continue,
and I'll forget about whatever was undefined.

Missing character: There is no . in font nullfont!
Missing character: There is no A in font nullfont!
Missing character: There is no s in font nullfont!
Missing character: There is no i in font nullfont!
Missing character: There is no m in font nullfont!
Missing character: There is no i in font nullfont!
Missing character: There is no l in font nullfont!
Missing character: There is no a in font nullfont!
Missing character: There is no r in font nullfont!
Missing character: There is no a in font nullfont!
Missing character: There is no r in font nullfont!
Missing character: There is no g in font nullfont!
Missing character: There is no u in font nullfont!
Missing character: There is no m in font nullfont!
Missing character: There is no e in font nullfont!
Missing character: There is no n in font nullfont!
Missing character: There is no t in font nullfont!
Missing character: There is no c in font nullfont!
Missing character: There is no a in font nullfont!
Missing character: There is no n in font nullfont!
Missing character: There is no b in font nullfont!
Missing character: There is no e in font nullfont!
Missing character: There is no u in font nullfont!
Missing character: There is no s in font nullfont!
Missing character: There is no e in font nullfont!
Missing character: There is no d in font nullfont!
Missing character: There is no t in font nullfont!
Missing character: There is no o in font nullfont!
Missing character: There is no s in font nullfont!
Missing character: There is no h in font nullfont!
Missing character: There is no o in font nullfont!
Missing character: There is no w in font nullfont!
Missing character: There is no i in font nullfont!
Missing character: There is no s in font nullfont!
Missing character: There is no c in font nullfont!
Missing character: There is no l in font nullfont!
Missing character: There is no o in font nullfont!
Missing character: There is no s in font nullfont!
Missing character: There is no e in font nullfont!
Missing character: There is no d in font nullfont!
Missing character: There is no u in font nullfont!
Missing character: There is no n in font nullfont!
Missing character: There is no d in font nullfont!
Missing character: There is no e in font nullfont!
Missing character: There is no r in font nullfont!
Missing character: There is no c in font nullfont!
Missing character: There is no o in font nullfont!
Missing character: There is no m in font nullfont!
Missing character: There is no p in font nullfont!
Missing character: There is no l in font nullfont!
Missing character: There is no e in font nullfont!
Missing character: There is no m in font nullfont!
Missing character: There is no e in font nullfont!
Missing character: There is no n in font nullfont!
Missing character: There is no t in font nullfont!
Missing character: There is no s in font nullfont!
Missing character: There is no . in font nullfont!
Missing character: There is no W in font nullfont!
Missing character: There is no i in font nullfont!
Missing character: There is no t in font nullfont!
Missing character: There is no h in font nullfont!
Missing character: There is no t in font nullfont!
Missing character: There is no h in font nullfont!
Missing character: There is no i in font nullfont!
Missing character: There is no s in font nullfont!
Missing character: There is no i in font nullfont!
Missing character: There is no n in font nullfont!
Missing character: There is no m in font nullfont!
Missing character: There is no i in font nullfont!
Missing character: There is no n in font nullfont!
Missing character: There is no d in font nullfont!
Missing character: There is no , in font nullfont!
Missing character: There is no n in font nullfont!
Missing character: There is no o in font nullfont!
Missing character: There is no t in font nullfont!
Missing character: There is no e in font nullfont!
Missing character: There is no t in font nullfont!
Missing character: There is no h in font nullfont!
Missing character: There is no a in font nullfont!
Missing character: There is no t in font nullfont!
Missing character: There is no w in font nullfont!
Missing character: There is no e in font nullfont!
Missing character: There is no a in font nullfont!
Missing character: There is no l in font nullfont!
Missing character: There is no s in font nullfont!
Missing character: There is no o in font nullfont!
Missing character: There is no h in font nullfont!
Missing character: There is no a in font nullfont!
Missing character: There is no v in font nullfont!
Missing character: There is no e in font nullfont!
/Users/gcrescenzo/Documents/School/LaTeX Documents/latex-class-notes/Fall 2025/550 Measure Theory/Notes/measures.tex:281: Undefined control sequence.
<recently read> \cE 
                    
l.281 ...this in mind, note that we also have $\cE
                                                  _\alpha \subset \fM(\cF_1)...
The control sequence at the end of the top line
of your error message was never \def'ed. If you have
misspelled it (e.g., `\hobx'), type `I' and the correct
spelling (e.g., `I\hbox'). Otherwise just continue,
and I'll forget about whatever was undefined.

/Users/gcrescenzo/Documents/School/LaTeX Documents/latex-class-notes/Fall 2025/550 Measure Theory/Notes/measures.tex:281: Undefined control sequence.
l.281 ...that we also have $\cE_\alpha \subset \fM
                                                  (\cF_1)$. Indeed, for any ...
The control sequence at the end of the top line
of your error message was never \def'ed. If you have
misspelled it (e.g., `\hobx'), type `I' and the correct
spelling (e.g., `I\hbox'). Otherwise just continue,
and I'll forget about whatever was undefined.

/Users/gcrescenzo/Documents/School/LaTeX Documents/latex-class-notes/Fall 2025/550 Measure Theory/Notes/measures.tex:281: Undefined control sequence.
l.281 ... we also have $\cE_\alpha \subset \fM(\cF
                                                  _1)$. Indeed, for any $E \...
The control sequence at the end of the top line
of your error message was never \def'ed. If you have
misspelled it (e.g., `\hobx'), type `I' and the correct
spelling (e.g., `I\hbox'). Otherwise just continue,
and I'll forget about whatever was undefined.

Missing character: There is no . in font nullfont!
Missing character: There is no I in font nullfont!
Missing character: There is no n in font nullfont!
Missing character: There is no d in font nullfont!
Missing character: There is no e in font nullfont!
Missing character: There is no e in font nullfont!
Missing character: There is no d in font nullfont!
Missing character: There is no , in font nullfont!
Missing character: There is no f in font nullfont!
Missing character: There is no o in font nullfont!
Missing character: There is no r in font nullfont!
Missing character: There is no a in font nullfont!
Missing character: There is no n in font nullfont!
Missing character: There is no y in font nullfont!
/Users/gcrescenzo/Documents/School/LaTeX Documents/latex-class-notes/Fall 2025/550 Measure Theory/Notes/measures.tex:281: Undefined control sequence.
l.281 ...t \fM(\cF_1)$. Indeed, for any $E \in \cE
                                                  _\alpha$,
The control sequence at the end of the top line
of your error message was never \def'ed. If you have
misspelled it (e.g., `\hobx'), type `I' and the correct
spelling (e.g., `I\hbox'). Otherwise just continue,
and I'll forget about whatever was undefined.

Missing character: There is no , in font nullfont!

/Users/gcrescenzo/Documents/School/LaTeX Documents/latex-class-notes/Fall 2025/550 Measure Theory/Notes/measures.tex:282: LaTeX Error: \begin{document} ended by \end{proof}.

See the LaTeX manual or LaTeX Companion for explanation.
Type  H <return>  for immediate help.
 ...                                              
                                                  
l.282         \end{proof}
                         
Your command was ignored.
Type  I <command> <return>  to replace it with another command,
or  <return>  to continue without it.


Overfull \hbox (20.0pt too wide) in paragraph at lines 259--283
[]
 []


Overfull \hbox (41.0851pt too wide) in paragraph at lines 259--283
\OMS/cmsy/m/n/10 f\OML/cmm/m/it/10 X[]\OMS/cmsy/m/n/10 g[]$
 []


Overfull \hbox (16.25427pt too wide) in paragraph at lines 259--283
[] \OMS/cmsy/m/n/10 ^^Z
 []


Overfull \hbox (21.76129pt too wide) in paragraph at lines 259--283
\OT1/cmr/m/n/10 (\OML/cmm/m/it/10 X[]\OT1/cmr/m/n/10 )$
 []


Overfull \hbox (19.03206pt too wide) in paragraph at lines 259--283
[] \OT1/cmr/m/n/10 :=
 []


Overfull \hbox (13.47656pt too wide) in paragraph at lines 259--283
\OT1/cmr/m/n/10 ([])$
 []


Overfull \hbox (15.87843pt too wide) in paragraph at lines 259--283
\OML/cmm/m/it/10  \OMS/cmsy/m/n/10 2
 []


Overfull \hbox (7.50002pt too wide) in paragraph at lines 259--283
\OML/cmm/m/it/10 A$
 []


Overfull \hbox (35.57811pt too wide) in paragraph at lines 259--283
[][] []$
 []


Overfull \hbox (15.04164pt too wide) in paragraph at lines 259--283
[] \OT1/cmr/m/n/10 =
 []


Overfull \hbox (48.20921pt too wide) in paragraph at lines 259--283
\OMS/cmsy/m/n/10 f\OML/cmm/m/it/10 ^^Y[]\OT1/cmr/m/n/10 (\OML/cmm/m/it/10 E[]\OT1/cmr/m/n/10 ) \OMS/cmsy/m/n/10 j
 []


Overfull \hbox (28.22386pt too wide) in paragraph at lines 259--283
\OML/cmm/m/it/10 E[] \OMS/cmsy/m/n/10 2[]
 []


Overfull \hbox (20.32285pt too wide) in paragraph at lines 259--283
\OML/cmm/m/it/10 ;  \OMS/cmsy/m/n/10 2
 []


Overfull \hbox (15.27782pt too wide) in paragraph at lines 259--283
\OML/cmm/m/it/10 A\OMS/cmsy/m/n/10 g\OML/cmm/m/it/10 :$
 []


Overfull \hbox (7.50002pt too wide) in paragraph at lines 259--283
\OML/cmm/m/it/10 A$
 []


Overfull \hbox (29.12665pt too wide) in paragraph at lines 259--283
\OML/cmm/m/it/10 X[] \OMS/cmsy/m/n/10 2[]$
 []


Overfull \hbox (6.43404pt too wide) in paragraph at lines 259--283
\OML/cmm/m/it/10 $
 []


Overfull \hbox (35.57811pt too wide) in paragraph at lines 259--283
[][] []$
 []


Overfull \hbox (15.04164pt too wide) in paragraph at lines 259--283
[] \OT1/cmr/m/n/10 =
 []


Overfull \hbox (93.96158pt too wide) in paragraph at lines 259--283
[] \OML/cmm/m/it/10 :$
 []


Overfull \hbox (15.04164pt too wide) in paragraph at lines 259--283
[] \OMS/cmsy/m/n/10 ^^Z
 []


Overfull \hbox (28.21272pt too wide) in paragraph at lines 259--283
[][]$
 []


Overfull \hbox (22.81944pt too wide) in paragraph at lines 259--283
\OT1/cmr/m/n/10 ([]) \OMS/cmsy/m/n/10 ^^Z
 []


Overfull \hbox (35.57811pt too wide) in paragraph at lines 259--283
[][] []$
 []


Overfull \hbox (20.04161pt too wide) in paragraph at lines 259--283
\OML/cmm/m/it/10 S \OT1/cmr/m/n/10 :=
 []


Overfull \hbox (23.51384pt too wide) in paragraph at lines 259--283
\OMS/cmsy/m/n/10 f\OML/cmm/m/it/10 E \OMS/cmsy/m/n/10 ^^Z
 []


Overfull \hbox (19.53899pt too wide) in paragraph at lines 259--283
\OML/cmm/m/it/10 X[] \OMS/cmsy/m/n/10 j
 []


Overfull \hbox (41.97571pt too wide) in paragraph at lines 259--283
\OML/cmm/m/it/10 ^^Y[]\OT1/cmr/m/n/10 (\OML/cmm/m/it/10 E\OT1/cmr/m/n/10 ) \OMS/cmsy/m/n/10 2
 []


Overfull \hbox (17.26395pt too wide) in paragraph at lines 259--283
\OT1/cmr/m/n/10 ([])\OMS/cmsy/m/n/10 g$
 []


Overfull \hbox (6.0729pt too wide) in paragraph at lines 259--283
\OML/cmm/m/it/10 ^^[$
 []


Overfull \hbox (33.65753pt too wide) in paragraph at lines 259--283
\OMS/cmsy/m/n/10 f\OML/cmm/m/it/10 E[]\OMS/cmsy/m/n/10 g[]$
 []


Overfull \hbox (6.70831pt too wide) in paragraph at lines 259--283
\OML/cmm/m/it/10 S$
 []


Overfull \hbox (58.23053pt too wide) in paragraph at lines 259--283
\OMS/cmsy/m/n/10 f\OML/cmm/m/it/10 ^^Y[]\OT1/cmr/m/n/10 (\OML/cmm/m/it/10 E[]\OT1/cmr/m/n/10 )\OMS/cmsy/m/n/10 g[]$
 []


Overfull \hbox (12.26393pt too wide) in paragraph at lines 259--283
\OT1/cmr/m/n/10 ([])$
 []


Overfull \hbox (12.26393pt too wide) in paragraph at lines 259--283
\OT1/cmr/m/n/10 ([])$
 []


Overfull \hbox (6.0729pt too wide) in paragraph at lines 259--283
\OML/cmm/m/it/10 ^^[$
 []


Overfull \hbox (68.786pt too wide) in paragraph at lines 259--283
[][] \OML/cmm/m/it/10 ^^Y[]\OT1/cmr/m/n/10 (\OML/cmm/m/it/10 E[]\OT1/cmr/m/n/10 ) =
 []


Overfull \hbox (65.73044pt too wide) in paragraph at lines 259--283
\OML/cmm/m/it/10 ^^Y[] [] :$
 []


Overfull \hbox (43.10188pt too wide) in paragraph at lines 259--283
[][] \OML/cmm/m/it/10 E[] \OMS/cmsy/m/n/10 2
 []


Overfull \hbox (6.70831pt too wide) in paragraph at lines 259--283
\OML/cmm/m/it/10 S$
 []


Overfull \hbox (6.70831pt too wide) in paragraph at lines 259--283
\OML/cmm/m/it/10 S$
 []


Overfull \hbox (16.25427pt too wide) in paragraph at lines 259--283
[] \OMS/cmsy/m/n/10 ^^Z
 []


Overfull \hbox (12.26393pt too wide) in paragraph at lines 259--283
\OT1/cmr/m/n/10 ([])$
 []


Overfull \hbox (23.10147pt too wide) in paragraph at lines 259--283
\OML/cmm/m/it/10 E \OMS/cmsy/m/n/10 2[]$
 []


/Users/gcrescenzo/Documents/School/LaTeX Documents/latex-class-notes/Fall 2025/550 Measure Theory/Notes/measures.tex:284: LaTeX Error: Environment corollary undefined.

See the LaTeX manual or LaTeX Companion for explanation.
Type  H <return>  for immediate help.
 ...                                              
                                                  
l.284     \begin{corollary}
                           ***
Your command was ignored.
Type  I <command> <return>  to replace it with another command,
or  <return>  to continue without it.

Missing character: There is no * in font nullfont!
Missing character: There is no * in font nullfont!
Missing character: There is no * in font nullfont!
Missing character: There is no L in font nullfont!
Missing character: There is no e in font nullfont!
Missing character: There is no t in font nullfont!
Missing character: There is no b in font nullfont!
Missing character: There is no e in font nullfont!
Missing character: There is no m in font nullfont!
Missing character: There is no e in font nullfont!
Missing character: There is no t in font nullfont!
Missing character: There is no r in font nullfont!
Missing character: There is no i in font nullfont!
Missing character: There is no c in font nullfont!
Missing character: There is no s in font nullfont!
Missing character: There is no p in font nullfont!
Missing character: There is no a in font nullfont!
Missing character: There is no c in font nullfont!
Missing character: There is no e in font nullfont!
Missing character: There is no s in font nullfont!
Missing character: There is no a in font nullfont!
Missing character: There is no n in font nullfont!
Missing character: There is no d in font nullfont!
Missing character: There is no l in font nullfont!
Missing character: There is no e in font nullfont!
Missing character: There is no t in font nullfont!
Missing character: There is no , in font nullfont!
Missing character: There is no e in font nullfont!
Missing character: There is no q in font nullfont!
Missing character: There is no u in font nullfont!
Missing character: There is no i in font nullfont!
Missing character: There is no p in font nullfont!
Missing character: There is no p in font nullfont!
Missing character: There is no e in font nullfont!
Missing character: There is no d in font nullfont!
Missing character: There is no w in font nullfont!
Missing character: There is no i in font nullfont!
Missing character: There is no t in font nullfont!
Missing character: There is no h in font nullfont!
Missing character: There is no t in font nullfont!
Missing character: There is no h in font nullfont!
Missing character: There is no e in font nullfont!
Missing character: There is no p in font nullfont!
Missing character: There is no r in font nullfont!
Missing character: There is no o in font nullfont!
Missing character: There is no d in font nullfont!
Missing character: There is no u in font nullfont!
Missing character: There is no c in font nullfont!
Missing character: There is no t in font nullfont!
Missing character: There is no m in font nullfont!
Missing character: There is no e in font nullfont!
Missing character: There is no t in font nullfont!
Missing character: There is no r in font nullfont!
Missing character: There is no i in font nullfont!
Missing character: There is no c in font nullfont!
Missing character: There is no . in font nullfont!
Missing character: There is no T in font nullfont!
Missing character: There is no h in font nullfont!
Missing character: There is no e in font nullfont!
Missing character: There is no n in font nullfont!
/Users/gcrescenzo/Documents/School/LaTeX Documents/latex-class-notes/Fall 2025/550 Measure Theory/Notes/measures.tex:285: Undefined control sequence.
l.285 ...ct metric. Then $\bigotimes_{j = 1}^n \cB
                                                  _{X_j} \subset \cB_X$. If ...
The control sequence at the end of the top line
of your error message was never \def'ed. If you have
misspelled it (e.g., `\hobx'), type `I' and the correct
spelling (e.g., `I\hbox'). Otherwise just continue,
and I'll forget about whatever was undefined.

/Users/gcrescenzo/Documents/School/LaTeX Documents/latex-class-notes/Fall 2025/550 Measure Theory/Notes/measures.tex:285: Double subscript.
l.285 ...t metric. Then $\bigotimes_{j = 1}^n \cB_
                                                  {X_j} \subset \cB_X$. If t...
I treat `x_1_2' essentially like `x_1{}_2'.

/Users/gcrescenzo/Documents/School/LaTeX Documents/latex-class-notes/Fall 2025/550 Measure Theory/Notes/measures.tex:285: Undefined control sequence.
l.285 ...bigotimes_{j = 1}^n \cB_{X_j} \subset \cB
                                                  _X$. If the $X_j$'s are se...
The control sequence at the end of the top line
of your error message was never \def'ed. If you have
misspelled it (e.g., `\hobx'), type `I' and the correct
spelling (e.g., `I\hbox'). Otherwise just continue,
and I'll forget about whatever was undefined.

Missing character: There is no . in font nullfont!
Missing character: There is no I in font nullfont!
Missing character: There is no f in font nullfont!
Missing character: There is no t in font nullfont!
Missing character: There is no h in font nullfont!
Missing character: There is no e in font nullfont!
Missing character: There is no ' in font nullfont!
Missing character: There is no s in font nullfont!
Missing character: There is no a in font nullfont!
Missing character: There is no r in font nullfont!
Missing character: There is no e in font nullfont!
Missing character: There is no s in font nullfont!
Missing character: There is no e in font nullfont!
Missing character: There is no p in font nullfont!
Missing character: There is no a in font nullfont!
Missing character: There is no r in font nullfont!
Missing character: There is no a in font nullfont!
Missing character: There is no b in font nullfont!
Missing character: There is no l in font nullfont!
Missing character: There is no e in font nullfont!
Missing character: There is no , in font nullfont!
Missing character: There is no t in font nullfont!
Missing character: There is no h in font nullfont!
Missing character: There is no e in font nullfont!
Missing character: There is no n in font nullfont!
/Users/gcrescenzo/Documents/School/LaTeX Documents/latex-class-notes/Fall 2025/550 Measure Theory/Notes/measures.tex:285: Undefined control sequence.
l.285 ...separable, then $\bigotimes_{j = 1}^n \cB
                                                  _{X_j} = \cB_X$.
The control sequence at the end of the top line
of your error message was never \def'ed. If you have
misspelled it (e.g., `\hobx'), type `I' and the correct
spelling (e.g., `I\hbox'). Otherwise just continue,
and I'll forget about whatever was undefined.

/Users/gcrescenzo/Documents/School/LaTeX Documents/latex-class-notes/Fall 2025/550 Measure Theory/Notes/measures.tex:285: Double subscript.
l.285 ...eparable, then $\bigotimes_{j = 1}^n \cB_
                                                  {X_j} = \cB_X$.
I treat `x_1_2' essentially like `x_1{}_2'.

/Users/gcrescenzo/Documents/School/LaTeX Documents/latex-class-notes/Fall 2025/550 Measure Theory/Notes/measures.tex:285: Undefined control sequence.
l.285 ...hen $\bigotimes_{j = 1}^n \cB_{X_j} = \cB
                                                  _X$.
The control sequence at the end of the top line
of your error message was never \def'ed. If you have
misspelled it (e.g., `\hobx'), type `I' and the correct
spelling (e.g., `I\hbox'). Otherwise just continue,
and I'll forget about whatever was undefined.

Missing character: There is no . in font nullfont!

/Users/gcrescenzo/Documents/School/LaTeX Documents/latex-class-notes/Fall 2025/550 Measure Theory/Notes/measures.tex:286: LaTeX Error: \begin{document} ended by \end{corollary}.

See the LaTeX manual or LaTeX Companion for explanation.
Type  H <return>  for immediate help.
 ...                                              
                                                  
l.286     \end{corollary}
                         
Your command was ignored.
Type  I <command> <return>  to replace it with another command,
or  <return>  to continue without it.


/Users/gcrescenzo/Documents/School/LaTeX Documents/latex-class-notes/Fall 2025/550 Measure Theory/Notes/measures.tex:287: LaTeX Error: Environment proof undefined.

See the LaTeX manual or LaTeX Companion for explanation.
Type  H <return>  for immediate help.
 ...                                              
                                                  
l.287         \begin{proof}
                           
Your command was ignored.
Type  I <command> <return>  to replace it with another command,
or  <return>  to continue without it.

/Users/gcrescenzo/Documents/School/LaTeX Documents/latex-class-notes/Fall 2025/550 Measure Theory/Notes/measures.tex:288: Undefined control sequence.
l.288             {\color
                         {red} I need to make sure to do this.}
The control sequence at the end of the top line
of your error message was never \def'ed. If you have
misspelled it (e.g., `\hobx'), type `I' and the correct
spelling (e.g., `I\hbox'). Otherwise just continue,
and I'll forget about whatever was undefined.

Missing character: There is no r in font nullfont!
Missing character: There is no e in font nullfont!
Missing character: There is no d in font nullfont!
Missing character: There is no I in font nullfont!
Missing character: There is no n in font nullfont!
Missing character: There is no e in font nullfont!
Missing character: There is no e in font nullfont!
Missing character: There is no d in font nullfont!
Missing character: There is no t in font nullfont!
Missing character: There is no o in font nullfont!
Missing character: There is no m in font nullfont!
Missing character: There is no a in font nullfont!
Missing character: There is no k in font nullfont!
Missing character: There is no e in font nullfont!
Missing character: There is no s in font nullfont!
Missing character: There is no u in font nullfont!
Missing character: There is no r in font nullfont!
Missing character: There is no e in font nullfont!
Missing character: There is no t in font nullfont!
Missing character: There is no o in font nullfont!
Missing character: There is no d in font nullfont!
Missing character: There is no o in font nullfont!
Missing character: There is no t in font nullfont!
Missing character: There is no h in font nullfont!
Missing character: There is no i in font nullfont!
Missing character: There is no s in font nullfont!
Missing character: There is no . in font nullfont!

/Users/gcrescenzo/Documents/School/LaTeX Documents/latex-class-notes/Fall 2025/550 Measure Theory/Notes/measures.tex:289: LaTeX Error: \begin{document} ended by \end{proof}.

See the LaTeX manual or LaTeX Companion for explanation.
Type  H <return>  for immediate help.
 ...                                              
                                                  
l.289         \end{proof}
                         
Your command was ignored.
Type  I <command> <return>  to replace it with another command,
or  <return>  to continue without it.


Overfull \hbox (20.0pt too wide) in paragraph at lines 284--290
[]
 []


Overfull \hbox (43.7211pt too wide) in paragraph at lines 284--290
\OML/cmm/m/it/10 X[]; :::; X[]$
 []


Overfull \hbox (19.62494pt too wide) in paragraph at lines 284--290
\OML/cmm/m/it/10 X \OT1/cmr/m/n/10 =
 []


Overfull \hbox (37.948pt too wide) in paragraph at lines 284--290
[][] \OML/cmm/m/it/10 X[]$
 []


Overfull \hbox (56.06787pt too wide) in paragraph at lines 284--290
[][] [] \OMS/cmsy/m/n/10 ^^Z[]$
 []


Overfull \hbox (12.49829pt too wide) in paragraph at lines 284--290
\OML/cmm/m/it/10 X[]$
 []


Overfull \hbox (56.06787pt too wide) in paragraph at lines 284--290
[][] [] \OT1/cmr/m/n/10 =[]$
 []


/Users/gcrescenzo/Documents/School/LaTeX Documents/latex-class-notes/Fall 2025/550 Measure Theory/Notes/measures.tex:291: LaTeX Error: Environment corollary undefined.

See the LaTeX manual or LaTeX Companion for explanation.
Type  H <return>  for immediate help.
 ...                                              
                                                  
l.291     \begin{corollary}
                           ***
Your command was ignored.
Type  I <command> <return>  to replace it with another command,
or  <return>  to continue without it.

Missing character: There is no * in font nullfont!
Missing character: There is no * in font nullfont!
Missing character: There is no * in font nullfont!
/Users/gcrescenzo/Documents/School/LaTeX Documents/latex-class-notes/Fall 2025/550 Measure Theory/Notes/measures.tex:292: Undefined control sequence.
<recently read> \cB 
                    
l.292         $\cB
                  _{\bfR^n} = \bigotimes_{j = 1}^n \cB_{\bfR}$.
The control sequence at the end of the top line
of your error message was never \def'ed. If you have
misspelled it (e.g., `\hobx'), type `I' and the correct
spelling (e.g., `I\hbox'). Otherwise just continue,
and I'll forget about whatever was undefined.

/Users/gcrescenzo/Documents/School/LaTeX Documents/latex-class-notes/Fall 2025/550 Measure Theory/Notes/measures.tex:292: Undefined control sequence.
l.292         $\cB_{\bfR
                        ^n} = \bigotimes_{j = 1}^n \cB_{\bfR}$.
The control sequence at the end of the top line
of your error message was never \def'ed. If you have
misspelled it (e.g., `\hobx'), type `I' and the correct
spelling (e.g., `I\hbox'). Otherwise just continue,
and I'll forget about whatever was undefined.

/Users/gcrescenzo/Documents/School/LaTeX Documents/latex-class-notes/Fall 2025/550 Measure Theory/Notes/measures.tex:292: Undefined control sequence.
l.292 ... $\cB_{\bfR^n} = \bigotimes_{j = 1}^n \cB
                                                  _{\bfR}$.
The control sequence at the end of the top line
of your error message was never \def'ed. If you have
misspelled it (e.g., `\hobx'), type `I' and the correct
spelling (e.g., `I\hbox'). Otherwise just continue,
and I'll forget about whatever was undefined.

/Users/gcrescenzo/Documents/School/LaTeX Documents/latex-class-notes/Fall 2025/550 Measure Theory/Notes/measures.tex:292: Double subscript.
l.292 ...$\cB_{\bfR^n} = \bigotimes_{j = 1}^n \cB_
                                                  {\bfR}$.
I treat `x_1_2' essentially like `x_1{}_2'.

/Users/gcrescenzo/Documents/School/LaTeX Documents/latex-class-notes/Fall 2025/550 Measure Theory/Notes/measures.tex:292: Undefined control sequence.
l.292 ...{\bfR^n} = \bigotimes_{j = 1}^n \cB_{\bfR
                                                  }$.
The control sequence at the end of the top line
of your error message was never \def'ed. If you have
misspelled it (e.g., `\hobx'), type `I' and the correct
spelling (e.g., `I\hbox'). Otherwise just continue,
and I'll forget about whatever was undefined.

Missing character: There is no . in font nullfont!

/Users/gcrescenzo/Documents/School/LaTeX Documents/latex-class-notes/Fall 2025/550 Measure Theory/Notes/measures.tex:293: LaTeX Error: \begin{document} ended by \end{corollary}.

See the LaTeX manual or LaTeX Companion for explanation.
Type  H <return>  for immediate help.
 ...                                              
                                                  
l.293     \end{corollary}
                         
Your command was ignored.
Type  I <command> <return>  to replace it with another command,
or  <return>  to continue without it.


Overfull \hbox (20.0pt too wide) in paragraph at lines 291--294
[]
 []


Overfull \hbox (15.9595pt too wide) in paragraph at lines 291--294
[] \OT1/cmr/m/n/10 =
 []


Overfull \hbox (27.61638pt too wide) in paragraph at lines 291--294
[][] []$
 []

/Users/gcrescenzo/Documents/School/LaTeX Documents/latex-class-notes/Fall 2025/550 Measure Theory/Notes/measures.tex:295: Undefined control sequence.
l.295 \section
              {Measures}
The control sequence at the end of the top line
of your error message was never \def'ed. If you have
misspelled it (e.g., `\hobx'), type `I' and the correct
spelling (e.g., `I\hbox'). Otherwise just continue,
and I'll forget about whatever was undefined.

Missing character: There is no M in font nullfont!
Missing character: There is no e in font nullfont!
Missing character: There is no a in font nullfont!
Missing character: There is no s in font nullfont!
Missing character: There is no u in font nullfont!
Missing character: There is no r in font nullfont!
Missing character: There is no e in font nullfont!
Missing character: There is no s in font nullfont!

/Users/gcrescenzo/Documents/School/LaTeX Documents/latex-class-notes/Fall 2025/550 Measure Theory/Notes/measures.tex:296: LaTeX Error: Environment definition undefined.

See the LaTeX manual or LaTeX Companion for explanation.
Type  H <return>  for immediate help.
 ...                                              
                                                  
l.296     \begin{definition}
                            
Your command was ignored.
Type  I <command> <return>  to replace it with another command,
or  <return>  to continue without it.

Missing character: There is no L in font nullfont!
Missing character: There is no e in font nullfont!
Missing character: There is no t in font nullfont!
Missing character: There is no b in font nullfont!
Missing character: There is no e in font nullfont!
Missing character: There is no a in font nullfont!
Missing character: There is no n in font nullfont!
Missing character: There is no o in font nullfont!
Missing character: There is no n in font nullfont!
Missing character: There is no e in font nullfont!
Missing character: There is no m in font nullfont!
Missing character: There is no p in font nullfont!
Missing character: There is no t in font nullfont!
Missing character: There is no y in font nullfont!
Missing character: There is no s in font nullfont!
Missing character: There is no e in font nullfont!
Missing character: There is no t in font nullfont!
Missing character: There is no a in font nullfont!
Missing character: There is no n in font nullfont!
Missing character: There is no d in font nullfont!
/Users/gcrescenzo/Documents/School/LaTeX Documents/latex-class-notes/Fall 2025/550 Measure Theory/Notes/measures.tex:297: Undefined control sequence.
<recently read> \cM 
                    
l.297         Let $X$ be a nonempty set and $\cM
                                                $ a $\sigma$-algebra on $X$....
The control sequence at the end of the top line
of your error message was never \def'ed. If you have
misspelled it (e.g., `\hobx'), type `I' and the correct
spelling (e.g., `I\hbox'). Otherwise just continue,
and I'll forget about whatever was undefined.

Missing character: There is no a in font nullfont!
Missing character: There is no - in font nullfont!
Missing character: There is no a in font nullfont!
Missing character: There is no l in font nullfont!
Missing character: There is no g in font nullfont!
Missing character: There is no e in font nullfont!
Missing character: There is no b in font nullfont!
Missing character: There is no r in font nullfont!
Missing character: There is no a in font nullfont!
Missing character: There is no o in font nullfont!
Missing character: There is no n in font nullfont!
Missing character: There is no . in font nullfont!
Missing character: There is no A in font nullfont!
Missing character: There is no i in font nullfont!
Missing character: There is no s in font nullfont!
Missing character: There is no a in font nullfont!
Missing character: There is no f in font nullfont!
Missing character: There is no u in font nullfont!
Missing character: There is no n in font nullfont!
Missing character: There is no c in font nullfont!
Missing character: There is no t in font nullfont!
Missing character: There is no i in font nullfont!
Missing character: There is no o in font nullfont!
Missing character: There is no n in font nullfont!
Missing character: There is no : in font nullfont!

/Users/gcrescenzo/Documents/School/LaTeX Documents/latex-class-notes/Fall 2025/550 Measure Theory/Notes/measures.tex:298: LaTeX Error: Environment equation* undefined.

See the LaTeX manual or LaTeX Companion for explanation.
Type  H <return>  for immediate help.
 ...                                              
                                                  
l.298             \begin{equation*}
                                   
Your command was ignored.
Type  I <command> <return>  to replace it with another command,
or  <return>  to continue without it.


/Users/gcrescenzo/Documents/School/LaTeX Documents/latex-class-notes/Fall 2025/550 Measure Theory/Notes/measures.tex:299: LaTeX Error: Environment split undefined.

See the LaTeX manual or LaTeX Companion for explanation.
Type  H <return>  for immediate help.
 ...                                              
                                                  
l.299             \begin{split}
                               
Your command was ignored.
Type  I <command> <return>  to replace it with another command,
or  <return>  to continue without it.

/Users/gcrescenzo/Documents/School/LaTeX Documents/latex-class-notes/Fall 2025/550 Measure Theory/Notes/measures.tex:300: Missing $ inserted.
<inserted text> 
                $
l.300                 \mu
                         :\cM \rightarrow [0,\infty]
I've inserted a begin-math/end-math symbol since I think
you left one out. Proceed, with fingers crossed.

/Users/gcrescenzo/Documents/School/LaTeX Documents/latex-class-notes/Fall 2025/550 Measure Theory/Notes/measures.tex:300: Undefined control sequence.
l.300                 \mu:\cM
                              \rightarrow [0,\infty]
The control sequence at the end of the top line
of your error message was never \def'ed. If you have
misspelled it (e.g., `\hobx'), type `I' and the correct
spelling (e.g., `I\hbox'). Otherwise just continue,
and I'll forget about whatever was undefined.


/Users/gcrescenzo/Documents/School/LaTeX Documents/latex-class-notes/Fall 2025/550 Measure Theory/Notes/measures.tex:301: LaTeX Error: \begin{document} ended by \end{split}.

See the LaTeX manual or LaTeX Companion for explanation.
Type  H <return>  for immediate help.
 ...                                              
                                                  
l.301             \end{split}
                             
Your command was ignored.
Type  I <command> <return>  to replace it with another command,
or  <return>  to continue without it.

/Users/gcrescenzo/Documents/School/LaTeX Documents/latex-class-notes/Fall 2025/550 Measure Theory/Notes/measures.tex:301: Missing $ inserted.
<inserted text> 
                $
l.301             \end{split}
                             
I've inserted something that you may have forgotten.
(See the <inserted text> above.)
With luck, this will get me unwedged. But if you
really didn't forget anything, try typing `2' now; then
my insertion and my current dilemma will both disappear.


/Users/gcrescenzo/Documents/School/LaTeX Documents/latex-class-notes/Fall 2025/550 Measure Theory/Notes/measures.tex:302: LaTeX Error: \begin{document} ended by \end{equation*}.

See the LaTeX manual or LaTeX Companion for explanation.
Type  H <return>  for immediate help.
 ...                                              
                                                  
l.302             \end{equation*}
                                 
Your command was ignored.
Type  I <command> <return>  to replace it with another command,
or  <return>  to continue without it.

Missing character: There is no s in font nullfont!
Missing character: There is no a in font nullfont!
Missing character: There is no t in font nullfont!
Missing character: There is no i in font nullfont!
Missing character: There is no s in font nullfont!
Missing character: There is no f in font nullfont!
Missing character: There is no y in font nullfont!
Missing character: There is no i in font nullfont!
Missing character: There is no n in font nullfont!
Missing character: There is no g in font nullfont!
Missing character: There is no : in font nullfont!

Overfull \hbox (20.0pt too wide) in paragraph at lines 295--304
[]
 []


Overfull \hbox (9.06943pt too wide) in paragraph at lines 295--304
\OML/cmm/m/it/10 X$
 []


Overfull \hbox (6.0729pt too wide) in paragraph at lines 295--304
\OML/cmm/m/it/10 ^^[$
 []


Overfull \hbox (9.06943pt too wide) in paragraph at lines 295--304
\OML/cmm/m/it/10 X$
 []


Overfull \hbox (20.9554pt too wide) in paragraph at lines 295--304
\OT1/cmr/m/it/10 mea-
 []


Overfull \hbox (17.76097pt too wide) in paragraph at lines 295--304
\OT1/cmr/m/it/10 sure
 []


Overfull \hbox (21.581pt too wide) in paragraph at lines 295--304
\OML/cmm/m/it/10 ^^V \OT1/cmr/m/n/10 :\OMS/cmsy/m/n/10 !
 []


Overfull \hbox (25.00002pt too wide) in paragraph at lines 295--304
\OT1/cmr/m/n/10 [0\OML/cmm/m/it/10 ; \OMS/cmsy/m/n/10 1\OT1/cmr/m/n/10 ]$
 []

Missing character: There is no [ in font nullfont!
Missing character: There is no l in font nullfont!
Missing character: There is no a in font nullfont!
Missing character: There is no b in font nullfont!
Missing character: There is no e in font nullfont!
Missing character: There is no l in font nullfont!
Missing character: There is no = in font nullfont!
Missing character: There is no ( in font nullfont!
/Users/gcrescenzo/Documents/School/LaTeX Documents/latex-class-notes/Fall 2025/550 Measure Theory/Notes/measures.tex:304: Missing number, treated as zero.
<to be read again> 
                   \c@* 
l.304 ...      \begin{enumerate}[label = (\arabic*
                                                  ),itemsep=1pt,topsep=3pt]
A number should have been here; I inserted `0'.
(If you can't figure out why I needed to see a number,
look up `weird error' in the index to The TeXbook.)

Missing character: There is no 0 in font nullfont!
Missing character: There is no ) in font nullfont!
Missing character: There is no , in font nullfont!
Missing character: There is no i in font nullfont!
Missing character: There is no t in font nullfont!
Missing character: There is no e in font nullfont!
Missing character: There is no m in font nullfont!
Missing character: There is no s in font nullfont!
Missing character: There is no e in font nullfont!
Missing character: There is no p in font nullfont!
Missing character: There is no = in font nullfont!
Missing character: There is no 1 in font nullfont!
Missing character: There is no p in font nullfont!
Missing character: There is no t in font nullfont!
Missing character: There is no , in font nullfont!
Missing character: There is no t in font nullfont!
Missing character: There is no o in font nullfont!
Missing character: There is no p in font nullfont!
Missing character: There is no s in font nullfont!
Missing character: There is no e in font nullfont!
Missing character: There is no p in font nullfont!
Missing character: There is no = in font nullfont!
Missing character: There is no 3 in font nullfont!
Missing character: There is no p in font nullfont!
Missing character: There is no t in font nullfont!
Missing character: There is no ] in font nullfont!

/Users/gcrescenzo/Documents/School/LaTeX Documents/latex-class-notes/Fall 2025/550 Measure Theory/Notes/measures.tex:305: LaTeX Error: Something's wrong--perhaps a missing \item.

See the LaTeX manual or LaTeX Companion for explanation.
Type  H <return>  for immediate help.
 ...                                              
                                                  
l.305                 \item $
                             \mu(\emptyset) = 0$;
Try typing  <return>  to proceed.
If that doesn't work, type  X <return>  to quit.

Missing character: There is no ; in font nullfont!

Overfull \hbox (29.35881pt too wide) in paragraph at lines 305--306
\OML/cmm/m/it/10 ^^V\OT1/cmr/m/n/10 (\OMS/cmsy/m/n/10 ;\OT1/cmr/m/n/10 ) =
 []


Overfull \hbox (5.00002pt too wide) in paragraph at lines 305--306
\OT1/cmr/m/n/10 0$ 
 []

Missing character: There is no i in font nullfont!
Missing character: There is no f in font nullfont!
/Users/gcrescenzo/Documents/School/LaTeX Documents/latex-class-notes/Fall 2025/550 Measure Theory/Notes/measures.tex:306: Undefined control sequence.
l.306 ...em if $\{E_j\}_{j = 1}^\infty \subset \cM
                                                  $ are pairwise disjoint, t...
The control sequence at the end of the top line
of your error message was never \def'ed. If you have
misspelled it (e.g., `\hobx'), type `I' and the correct
spelling (e.g., `I\hbox'). Otherwise just continue,
and I'll forget about whatever was undefined.

Missing character: There is no a in font nullfont!
Missing character: There is no r in font nullfont!
Missing character: There is no e in font nullfont!
Missing character: There is no p in font nullfont!
Missing character: There is no a in font nullfont!
Missing character: There is no i in font nullfont!
Missing character: There is no r in font nullfont!
Missing character: There is no w in font nullfont!
Missing character: There is no i in font nullfont!
Missing character: There is no s in font nullfont!
Missing character: There is no e in font nullfont!
Missing character: There is no d in font nullfont!
Missing character: There is no i in font nullfont!
Missing character: There is no s in font nullfont!
Missing character: There is no j in font nullfont!
Missing character: There is no o in font nullfont!
Missing character: There is no i in font nullfont!
Missing character: There is no n in font nullfont!
Missing character: There is no t in font nullfont!
Missing character: There is no , in font nullfont!
Missing character: There is no t in font nullfont!
Missing character: There is no h in font nullfont!
Missing character: There is no e in font nullfont!
Missing character: There is no n in font nullfont!
Missing character: There is no . in font nullfont!

Overfull \hbox (46.48965pt too wide) in paragraph at lines 306--307
\OMS/cmsy/m/n/10 f\OML/cmm/m/it/10 E[]\OMS/cmsy/m/n/10 g[] ^^Z$
 []


Overfull \hbox (66.12617pt too wide) in paragraph at lines 306--307
\OML/cmm/m/it/10 ^^V [] \OT1/cmr/m/n/10 =
 []


Overfull \hbox (51.95961pt too wide) in paragraph at lines 306--307
[][] \OML/cmm/m/it/10 ^^V\OT1/cmr/m/n/10 (\OML/cmm/m/it/10 E[]\OT1/cmr/m/n/10 )$ 
 []

Missing character: There is no W in font nullfont!
Missing character: There is no e in font nullfont!
Missing character: There is no c in font nullfont!
Missing character: There is no a in font nullfont!
Missing character: There is no l in font nullfont!
Missing character: There is no l in font nullfont!
Missing character: There is no t in font nullfont!
Missing character: There is no h in font nullfont!
Missing character: There is no e in font nullfont!
Missing character: There is no o in font nullfont!
Missing character: There is no r in font nullfont!
Missing character: There is no d in font nullfont!
Missing character: There is no e in font nullfont!
Missing character: There is no r in font nullfont!
Missing character: There is no e in font nullfont!
Missing character: There is no d in font nullfont!
Missing character: There is no t in font nullfont!
Missing character: There is no r in font nullfont!
Missing character: There is no i in font nullfont!
Missing character: There is no p in font nullfont!
Missing character: There is no l in font nullfont!
Missing character: There is no e in font nullfont!
/Users/gcrescenzo/Documents/School/LaTeX Documents/latex-class-notes/Fall 2025/550 Measure Theory/Notes/measures.tex:308: Undefined control sequence.
l.308         We call the ordered triple $(X,\cM
                                                ,\mu)$ a \textit{measure spa...
The control sequence at the end of the top line
of your error message was never \def'ed. If you have
misspelled it (e.g., `\hobx'), type `I' and the correct
spelling (e.g., `I\hbox'). Otherwise just continue,
and I'll forget about whatever was undefined.

Missing character: There is no a in font nullfont!
Missing character: There is no . in font nullfont!
Missing character: There is no T in font nullfont!
Missing character: There is no h in font nullfont!
Missing character: There is no e in font nullfont!
Missing character: There is no s in font nullfont!
Missing character: There is no e in font nullfont!
Missing character: There is no t in font nullfont!
Missing character: There is no s in font nullfont!
/Users/gcrescenzo/Documents/School/LaTeX Documents/latex-class-notes/Fall 2025/550 Measure Theory/Notes/measures.tex:308: Undefined control sequence.
l.308 ...t{measure space}. The sets $E \subset \cM
                                                  $ are called \textit{measu...
The control sequence at the end of the top line
of your error message was never \def'ed. If you have
misspelled it (e.g., `\hobx'), type `I' and the correct
spelling (e.g., `I\hbox'). Otherwise just continue,
and I'll forget about whatever was undefined.

Missing character: There is no a in font nullfont!
Missing character: There is no r in font nullfont!
Missing character: There is no e in font nullfont!
Missing character: There is no c in font nullfont!
Missing character: There is no a in font nullfont!
Missing character: There is no l in font nullfont!
Missing character: There is no l in font nullfont!
Missing character: There is no e in font nullfont!
Missing character: There is no d in font nullfont!
Missing character: There is no . in font nullfont!
Missing character: There is no I in font nullfont!
Missing character: There is no f in font nullfont!
Missing character: There is no , in font nullfont!
Missing character: There is no t in font nullfont!
Missing character: There is no h in font nullfont!
Missing character: There is no e in font nullfont!
Missing character: There is no n in font nullfont!
Missing character: There is no i in font nullfont!
Missing character: There is no s in font nullfont!
Missing character: There is no c in font nullfont!
Missing character: There is no a in font nullfont!
Missing character: There is no l in font nullfont!
Missing character: There is no l in font nullfont!
Missing character: There is no e in font nullfont!
Missing character: There is no d in font nullfont!
Missing character: There is no . in font nullfont!
Missing character: There is no I in font nullfont!
Missing character: There is no f in font nullfont!
Missing character: There is no , in font nullfont!
/Users/gcrescenzo/Documents/School/LaTeX Documents/latex-class-notes/Fall 2025/550 Measure Theory/Notes/measures.tex:308: Undefined control sequence.
l.308 ...\bigcup_{j = 1}^\infty E_j$, $E_j \in \cM
                                                  $ for all $j$, and $\mu(E_...
The control sequence at the end of the top line
of your error message was never \def'ed. If you have
misspelled it (e.g., `\hobx'), type `I' and the correct
spelling (e.g., `I\hbox'). Otherwise just continue,
and I'll forget about whatever was undefined.

Missing character: There is no f in font nullfont!
Missing character: There is no o in font nullfont!
Missing character: There is no r in font nullfont!
Missing character: There is no a in font nullfont!
Missing character: There is no l in font nullfont!
Missing character: There is no l in font nullfont!
Missing character: There is no , in font nullfont!
Missing character: There is no a in font nullfont!
Missing character: There is no n in font nullfont!
Missing character: There is no d in font nullfont!
Missing character: There is no , in font nullfont!
Missing character: There is no t in font nullfont!
Missing character: There is no h in font nullfont!
Missing character: There is no e in font nullfont!
Missing character: There is no n in font nullfont!
Missing character: There is no i in font nullfont!
Missing character: There is no s in font nullfont!
Missing character: There is no . in font nullfont!

/Users/gcrescenzo/Documents/School/LaTeX Documents/latex-class-notes/Fall 2025/550 Measure Theory/Notes/measures.tex:309: LaTeX Error: \begin{document} ended by \end{definition}.

See the LaTeX manual or LaTeX Companion for explanation.
Type  H <return>  for immediate help.
 ...                                              
                                                  
l.309     \end{definition}
                          
Your command was ignored.
Type  I <command> <return>  to replace it with another command,
or  <return>  to continue without it.


Overfull \hbox (31.20598pt too wide) in paragraph at lines 308--310
     $\OT1/cmr/m/n/10 (\OML/cmm/m/it/10 X; ; ^^V\OT1/cmr/m/n/10 )$
 []


Overfull \hbox (20.9554pt too wide) in paragraph at lines 308--310
\OT1/cmr/m/it/10 mea-
 []


Overfull \hbox (17.76097pt too wide) in paragraph at lines 308--310
\OT1/cmr/m/it/10 sure
 []


Overfull \hbox (22.48871pt too wide) in paragraph at lines 308--310
\OT1/cmr/m/it/10 space
 []


Overfull \hbox (18.51382pt too wide) in paragraph at lines 308--310
\OML/cmm/m/it/10 E \OMS/cmsy/m/n/10 ^^Z$
 []


Overfull \hbox (20.9554pt too wide) in paragraph at lines 308--310
\OT1/cmr/m/it/10 mea-
 []


Overfull \hbox (17.24988pt too wide) in paragraph at lines 308--310
\OT1/cmr/m/it/10 sur-
 []


Overfull \hbox (16.86655pt too wide) in paragraph at lines 308--310
\OT1/cmr/m/it/10 able
 []


Overfull \hbox (16.09988pt too wide) in paragraph at lines 308--310
\OT1/cmr/m/it/10 sets
 []


Overfull \hbox (33.42822pt too wide) in paragraph at lines 308--310
\OML/cmm/m/it/10 ^^V\OT1/cmr/m/n/10 (\OML/cmm/m/it/10 X\OT1/cmr/m/n/10 ) \OML/cmm/m/it/10 <
 []


Overfull \hbox (10.00002pt too wide) in paragraph at lines 308--310
\OMS/cmsy/m/n/10 1$
 []


Overfull \hbox (6.02548pt too wide) in paragraph at lines 308--310
\OML/cmm/m/it/10 ^^V$
 []


Overfull \hbox (9.19994pt too wide) in paragraph at lines 308--310
\OT1/cmr/m/it/10 fi-
 []


Overfull \hbox (16.611pt too wide) in paragraph at lines 308--310
\OT1/cmr/m/it/10 nite
 []


Overfull \hbox (19.62494pt too wide) in paragraph at lines 308--310
\OML/cmm/m/it/10 X \OT1/cmr/m/n/10 =
 []


Overfull \hbox (35.9341pt too wide) in paragraph at lines 308--310
[][] \OML/cmm/m/it/10 E[]$
 []


Overfull \hbox (21.0399pt too wide) in paragraph at lines 308--310
\OML/cmm/m/it/10 E[] \OMS/cmsy/m/n/10 2$
 []


Overfull \hbox (4.69049pt too wide) in paragraph at lines 308--310
\OML/cmm/m/it/10 j$
 []


Overfull \hbox (35.9543pt too wide) in paragraph at lines 308--310
\OML/cmm/m/it/10 ^^V\OT1/cmr/m/n/10 (\OML/cmm/m/it/10 E[]\OT1/cmr/m/n/10 ) \OML/cmm/m/it/10 <
 []


Overfull \hbox (10.00002pt too wide) in paragraph at lines 308--310
\OMS/cmsy/m/n/10 1$
 []


Overfull \hbox (6.02548pt too wide) in paragraph at lines 308--310
\OML/cmm/m/it/10 ^^V$
 []


Overfull \hbox (9.65065pt too wide) in paragraph at lines 308--310
\OML/cmm/m/it/10 ^^[$\OT1/cmr/m/it/10 -
 []


Overfull \hbox (22.23318pt too wide) in paragraph at lines 308--310
\OT1/cmr/m/it/10 finite
 []


/Users/gcrescenzo/Documents/School/LaTeX Documents/latex-class-notes/Fall 2025/550 Measure Theory/Notes/measures.tex:311: LaTeX Error: Environment example undefined.

See the LaTeX manual or LaTeX Companion for explanation.
Type  H <return>  for immediate help.
 ...                                              
                                                  
l.311     \begin{example}
                         
Your command was ignored.
Type  I <command> <return>  to replace it with another command,
or  <return>  to continue without it.

Missing character: There is no a in font nullfont!

Overfull \hbox (20.0pt too wide) in paragraph at lines 312--313
[][] 
 []

Missing character: There is no [ in font nullfont!
Missing character: There is no l in font nullfont!
Missing character: There is no a in font nullfont!
Missing character: There is no b in font nullfont!
Missing character: There is no e in font nullfont!
Missing character: There is no l in font nullfont!
Missing character: There is no = in font nullfont!
Missing character: There is no ( in font nullfont!
/Users/gcrescenzo/Documents/School/LaTeX Documents/latex-class-notes/Fall 2025/550 Measure Theory/Notes/measures.tex:313: Missing number, treated as zero.
<to be read again> 
                   \c@* 
l.313         \begin{enumerate}[label = (\arabic*
                                                 ),itemsep=1pt,topsep=3pt]
A number should have been here; I inserted `0'.
(If you can't figure out why I needed to see a number,
look up `weird error' in the index to The TeXbook.)

Missing character: There is no 0 in font nullfont!
Missing character: There is no ) in font nullfont!
Missing character: There is no , in font nullfont!
Missing character: There is no i in font nullfont!
Missing character: There is no t in font nullfont!
Missing character: There is no e in font nullfont!
Missing character: There is no m in font nullfont!
Missing character: There is no s in font nullfont!
Missing character: There is no e in font nullfont!
Missing character: There is no p in font nullfont!
Missing character: There is no = in font nullfont!
Missing character: There is no 1 in font nullfont!
Missing character: There is no p in font nullfont!
Missing character: There is no t in font nullfont!
Missing character: There is no , in font nullfont!
Missing character: There is no t in font nullfont!
Missing character: There is no o in font nullfont!
Missing character: There is no p in font nullfont!
Missing character: There is no s in font nullfont!
Missing character: There is no e in font nullfont!
Missing character: There is no p in font nullfont!
Missing character: There is no = in font nullfont!
Missing character: There is no 3 in font nullfont!
Missing character: There is no p in font nullfont!
Missing character: There is no t in font nullfont!
Missing character: There is no ] in font nullfont!

/Users/gcrescenzo/Documents/School/LaTeX Documents/latex-class-notes/Fall 2025/550 Measure Theory/Notes/measures.tex:314: LaTeX Error: Something's wrong--perhaps a missing \item.

See the LaTeX manual or LaTeX Companion for explanation.
Type  H <return>  for immediate help.
 ...                                              
                                                  
l.314             \item L
                         et $X$ be a nonempty set. Define $\mu:\cP(X) \right...
Try typing  <return>  to proceed.
If that doesn't work, type  X <return>  to quit.

Missing character: There is no L in font nullfont!
Missing character: There is no e in font nullfont!
Missing character: There is no t in font nullfont!
Missing character: There is no b in font nullfont!
Missing character: There is no e in font nullfont!
Missing character: There is no a in font nullfont!
Missing character: There is no n in font nullfont!
Missing character: There is no o in font nullfont!
Missing character: There is no n in font nullfont!
Missing character: There is no e in font nullfont!
Missing character: There is no m in font nullfont!
Missing character: There is no p in font nullfont!
Missing character: There is no t in font nullfont!
Missing character: There is no y in font nullfont!
Missing character: There is no s in font nullfont!
Missing character: There is no e in font nullfont!
Missing character: There is no t in font nullfont!
Missing character: There is no . in font nullfont!
Missing character: There is no D in font nullfont!
Missing character: There is no e in font nullfont!
Missing character: There is no f in font nullfont!
Missing character: There is no i in font nullfont!
Missing character: There is no n in font nullfont!
Missing character: There is no e in font nullfont!
/Users/gcrescenzo/Documents/School/LaTeX Documents/latex-class-notes/Fall 2025/550 Measure Theory/Notes/measures.tex:314: Undefined control sequence.
l.314 ...et $X$ be a nonempty set. Define $\mu:\cP
                                                  (X) \rightarrow [0,\infty]...
The control sequence at the end of the top line
of your error message was never \def'ed. If you have
misspelled it (e.g., `\hobx'), type `I' and the correct
spelling (e.g., `I\hbox'). Otherwise just continue,
and I'll forget about whatever was undefined.

Missing character: There is no b in font nullfont!
Missing character: There is no y in font nullfont!
Missing character: There is no ( in font nullfont!
Missing character: There is no n in font nullfont!
Missing character: There is no o in font nullfont!
Missing character: There is no t in font nullfont!
Missing character: There is no e in font nullfont!
Missing character: There is no t in font nullfont!
Missing character: There is no h in font nullfont!
Missing character: There is no a in font nullfont!
Missing character: There is no t in font nullfont!
Missing character: There is no t in font nullfont!
Missing character: There is no h in font nullfont!
Missing character: There is no i in font nullfont!
Missing character: There is no s in font nullfont!
Missing character: There is no s in font nullfont!
Missing character: There is no e in font nullfont!
Missing character: There is no r in font nullfont!
Missing character: There is no i in font nullfont!
Missing character: There is no e in font nullfont!
Missing character: There is no s in font nullfont!
Missing character: There is no e in font nullfont!
Missing character: There is no x in font nullfont!
Missing character: There is no i in font nullfont!
Missing character: There is no s in font nullfont!
Missing character: There is no t in font nullfont!
Missing character: There is no s in font nullfont!
Missing character: There is no a in font nullfont!
Missing character: There is no s in font nullfont!
Missing character: There is no o in font nullfont!
Missing character: There is no u in font nullfont!
Missing character: There is no r in font nullfont!
Missing character: There is no c in font nullfont!
Missing character: There is no o in font nullfont!
Missing character: There is no d in font nullfont!
Missing character: There is no o in font nullfont!
Missing character: There is no m in font nullfont!
Missing character: There is no a in font nullfont!
Missing character: There is no i in font nullfont!
Missing character: There is no n in font nullfont!
Missing character: There is no i in font nullfont!
Missing character: There is no s in font nullfont!
Missing character: There is no t in font nullfont!
Missing character: There is no h in font nullfont!
Missing character: There is no e in font nullfont!
Missing character: There is no e in font nullfont!
Missing character: There is no x in font nullfont!
Missing character: There is no t in font nullfont!
Missing character: There is no e in font nullfont!
Missing character: There is no n in font nullfont!
Missing character: There is no d in font nullfont!
Missing character: There is no e in font nullfont!
Missing character: There is no d in font nullfont!
Missing character: There is no r in font nullfont!
Missing character: There is no e in font nullfont!
Missing character: There is no a in font nullfont!
Missing character: There is no l in font nullfont!
Missing character: There is no n in font nullfont!
Missing character: There is no u in font nullfont!
Missing character: There is no m in font nullfont!
Missing character: There is no b in font nullfont!
Missing character: There is no e in font nullfont!
Missing character: There is no r in font nullfont!
Missing character: There is no s in font nullfont!
Missing character: There is no ) in font nullfont!
Missing character: There is no . in font nullfont!
Missing character: There is no T in font nullfont!
Missing character: There is no h in font nullfont!
Missing character: There is no e in font nullfont!
Missing character: There is no n in font nullfont!
/Users/gcrescenzo/Documents/School/LaTeX Documents/latex-class-notes/Fall 2025/550 Measure Theory/Notes/measures.tex:314: Undefined control sequence.
l.314 ... the extended real numbers). Then $(X,\cP
                                                  (X),\mu)$ is a measure spa...
The control sequence at the end of the top line
of your error message was never \def'ed. If you have
misspelled it (e.g., `\hobx'), type `I' and the correct
spelling (e.g., `I\hbox'). Otherwise just continue,
and I'll forget about whatever was undefined.

Missing character: There is no i in font nullfont!
Missing character: There is no s in font nullfont!
Missing character: There is no a in font nullfont!
Missing character: There is no m in font nullfont!
Missing character: There is no e in font nullfont!
Missing character: There is no a in font nullfont!
Missing character: There is no s in font nullfont!
Missing character: There is no u in font nullfont!
Missing character: There is no r in font nullfont!
Missing character: There is no e in font nullfont!
Missing character: There is no s in font nullfont!
Missing character: There is no p in font nullfont!
Missing character: There is no a in font nullfont!
Missing character: There is no c in font nullfont!
Missing character: There is no e in font nullfont!
Missing character: There is no , in font nullfont!
Missing character: There is no a in font nullfont!
Missing character: There is no n in font nullfont!
Missing character: There is no d in font nullfont!
Missing character: There is no w in font nullfont!
Missing character: There is no e in font nullfont!
Missing character: There is no c in font nullfont!
Missing character: There is no a in font nullfont!
Missing character: There is no l in font nullfont!
Missing character: There is no l in font nullfont!
Missing character: There is no t in font nullfont!
Missing character: There is no h in font nullfont!
Missing character: There is no e in font nullfont!
Missing character: There is no . in font nullfont!

Overfull \hbox (9.06943pt too wide) in paragraph at lines 314--315
\OML/cmm/m/it/10 X$
 []


Overfull \hbox (11.58098pt too wide) in paragraph at lines 314--315
\OML/cmm/m/it/10 ^^V \OT1/cmr/m/n/10 :
 []


Overfull \hbox (29.62495pt too wide) in paragraph at lines 314--315
\OT1/cmr/m/n/10 (\OML/cmm/m/it/10 X\OT1/cmr/m/n/10 ) \OMS/cmsy/m/n/10 !
 []


Overfull \hbox (25.00002pt too wide) in paragraph at lines 314--315
\OT1/cmr/m/n/10 [0\OML/cmm/m/it/10 ; \OMS/cmsy/m/n/10 1\OT1/cmr/m/n/10 ]$
 []


Overfull \hbox (32.31711pt too wide) in paragraph at lines 314--315
\OML/cmm/m/it/10 ^^V\OT1/cmr/m/n/10 (\OML/cmm/m/it/10 E\OT1/cmr/m/n/10 ) =
 []


Overfull \hbox (33.90143pt too wide) in paragraph at lines 314--315
[][] \OT1/cmr/m/n/10 1$
 []


Overfull \hbox (48.0532pt too wide) in paragraph at lines 314--315
\OT1/cmr/m/n/10 (\OML/cmm/m/it/10 X; \OT1/cmr/m/n/10 (\OML/cmm/m/it/10 X\OT1/cmr/m/n/10 )\OML/cmm/m/it/10 ; ^^V\OT1/cmr/m/n/10 )$
 []


Overfull \hbox (6.02548pt too wide) in paragraph at lines 314--315
\OML/cmm/m/it/10 ^^V$
 []


Overfull \hbox (27.08868pt too wide) in paragraph at lines 314--315
\OT1/cmr/m/it/10 count-
 []


Overfull \hbox (13.2888pt too wide) in paragraph at lines 314--315
\OT1/cmr/m/it/10 ing
 []


Overfull \hbox (20.9554pt too wide) in paragraph at lines 314--315
\OT1/cmr/m/it/10 mea-
 []


Overfull \hbox (17.76097pt too wide) in paragraph at lines 314--315
\OT1/cmr/m/it/10 sure 
 []

Missing character: There is no L in font nullfont!
Missing character: There is no e in font nullfont!
Missing character: There is no t in font nullfont!
Missing character: There is no b in font nullfont!
Missing character: There is no e in font nullfont!
Missing character: There is no n in font nullfont!
Missing character: There is no o in font nullfont!
Missing character: There is no n in font nullfont!
Missing character: There is no e in font nullfont!
Missing character: There is no m in font nullfont!
Missing character: There is no p in font nullfont!
Missing character: There is no t in font nullfont!
Missing character: There is no y in font nullfont!
Missing character: There is no a in font nullfont!
Missing character: There is no n in font nullfont!
Missing character: There is no d in font nullfont!
Missing character: There is no f in font nullfont!
Missing character: There is no i in font nullfont!
Missing character: There is no x in font nullfont!
Missing character: There is no a in font nullfont!
Missing character: There is no p in font nullfont!
Missing character: There is no o in font nullfont!
Missing character: There is no i in font nullfont!
Missing character: There is no n in font nullfont!
Missing character: There is no t in font nullfont!
Missing character: There is no . in font nullfont!
Missing character: There is no D in font nullfont!
Missing character: There is no e in font nullfont!
Missing character: There is no f in font nullfont!
Missing character: There is no i in font nullfont!
Missing character: There is no n in font nullfont!
Missing character: There is no e in font nullfont!
/Users/gcrescenzo/Documents/School/LaTeX Documents/latex-class-notes/Fall 2025/550 Measure Theory/Notes/measures.tex:316: Undefined control sequence.
l.316 ... fix a point $x_0 \in X$. Define $\mu:\cP
                                                  (X) \rightarrow [0,\infty]...
The control sequence at the end of the top line
of your error message was never \def'ed. If you have
misspelled it (e.g., `\hobx'), type `I' and the correct
spelling (e.g., `I\hbox'). Otherwise just continue,
and I'll forget about whatever was undefined.

Missing character: There is no b in font nullfont!
Missing character: There is no y in font nullfont!
Missing character: There is no : in font nullfont!

/Users/gcrescenzo/Documents/School/LaTeX Documents/latex-class-notes/Fall 2025/550 Measure Theory/Notes/measures.tex:317: LaTeX Error: Environment equation* undefined.

See the LaTeX manual or LaTeX Companion for explanation.
Type  H <return>  for immediate help.
 ...                                              
                                                  
l.317                 \begin{equation*}
                                       
Your command was ignored.
Type  I <command> <return>  to replace it with another command,
or  <return>  to continue without it.


/Users/gcrescenzo/Documents/School/LaTeX Documents/latex-class-notes/Fall 2025/550 Measure Theory/Notes/measures.tex:318: LaTeX Error: Environment split undefined.

See the LaTeX manual or LaTeX Companion for explanation.
Type  H <return>  for immediate help.
 ...                                              
                                                  
l.318                 \begin{split}
                                   
Your command was ignored.
Type  I <command> <return>  to replace it with another command,
or  <return>  to continue without it.

/Users/gcrescenzo/Documents/School/LaTeX Documents/latex-class-notes/Fall 2025/550 Measure Theory/Notes/measures.tex:319: Missing $ inserted.
<inserted text> 
                $
l.319                     \mu
                             (E) = \begin{cases}
I've inserted a begin-math/end-math symbol since I think
you left one out. Proceed, with fingers crossed.

/Users/gcrescenzo/Documents/School/LaTeX Documents/latex-class-notes/Fall 2025/550 Measure Theory/Notes/measures.tex:320: Misplaced alignment tab character &.
l.320                         0,&
                                  x_0 \not\in E \\
I can't figure out why you would want to use a tab mark
here. If you just want an ampersand, the remedy is
simple: Just type `I\&' now. But if some right brace
up above has ended a previous alignment prematurely,
you're probably due for more error messages, and you
might try typing `S' now just to see what is salvageable.

/Users/gcrescenzo/Documents/School/LaTeX Documents/latex-class-notes/Fall 2025/550 Measure Theory/Notes/measures.tex:321: Misplaced alignment tab character &.
l.321                         1,&
                                  x_0 \in E.
I can't figure out why you would want to use a tab mark
here. If you just want an ampersand, the remedy is
simple: Just type `I\&' now. But if some right brace
up above has ended a previous alignment prematurely,
you're probably due for more error messages, and you
might try typing `S' now just to see what is salvageable.


/Users/gcrescenzo/Documents/School/LaTeX Documents/latex-class-notes/Fall 2025/550 Measure Theory/Notes/measures.tex:323: LaTeX Error: \begin{enumerate} on input line 313 ended by \end{split}.

See the LaTeX manual or LaTeX Companion for explanation.
Type  H <return>  for immediate help.
 ...                                              
                                                  
l.323                 \end{split}
                                 
Your command was ignored.
Type  I <command> <return>  to replace it with another command,
or  <return>  to continue without it.

/Users/gcrescenzo/Documents/School/LaTeX Documents/latex-class-notes/Fall 2025/550 Measure Theory/Notes/measures.tex:323: Missing $ inserted.
<inserted text> 
                $
l.323                 \end{split}
                                 
I've inserted something that you may have forgotten.
(See the <inserted text> above.)
With luck, this will get me unwedged. But if you
really didn't forget anything, try typing `2' now; then
my insertion and my current dilemma will both disappear.


/Users/gcrescenzo/Documents/School/LaTeX Documents/latex-class-notes/Fall 2025/550 Measure Theory/Notes/measures.tex:324: LaTeX Error: \begin{enumerate} on input line 313 ended by \end{equation*}.

See the LaTeX manual or LaTeX Companion for explanation.
Type  H <return>  for immediate help.
 ...                                              
                                                  
l.324                 \end{equation*}
                                     
Your command was ignored.
Type  I <command> <return>  to replace it with another command,
or  <return>  to continue without it.

Missing character: There is no T in font nullfont!
Missing character: There is no h in font nullfont!
Missing character: There is no e in font nullfont!
Missing character: There is no n in font nullfont!
/Users/gcrescenzo/Documents/School/LaTeX Documents/latex-class-notes/Fall 2025/550 Measure Theory/Notes/measures.tex:325: Undefined control sequence.
l.325             Then $(X,\cM
                              ,\mu)$ is a measure space, and we call $\mu$ t...
The control sequence at the end of the top line
of your error message was never \def'ed. If you have
misspelled it (e.g., `\hobx'), type `I' and the correct
spelling (e.g., `I\hbox'). Otherwise just continue,
and I'll forget about whatever was undefined.

Missing character: There is no i in font nullfont!
Missing character: There is no s in font nullfont!
Missing character: There is no a in font nullfont!
Missing character: There is no m in font nullfont!
Missing character: There is no e in font nullfont!
Missing character: There is no a in font nullfont!
Missing character: There is no s in font nullfont!
Missing character: There is no u in font nullfont!
Missing character: There is no r in font nullfont!
Missing character: There is no e in font nullfont!
Missing character: There is no s in font nullfont!
Missing character: There is no p in font nullfont!
Missing character: There is no a in font nullfont!
Missing character: There is no c in font nullfont!
Missing character: There is no e in font nullfont!
Missing character: There is no , in font nullfont!
Missing character: There is no a in font nullfont!
Missing character: There is no n in font nullfont!
Missing character: There is no d in font nullfont!
Missing character: There is no w in font nullfont!
Missing character: There is no e in font nullfont!
Missing character: There is no c in font nullfont!
Missing character: There is no a in font nullfont!
Missing character: There is no l in font nullfont!
Missing character: There is no l in font nullfont!
Missing character: There is no t in font nullfont!
Missing character: There is no h in font nullfont!
Missing character: There is no e in font nullfont!
Missing character: There is no . in font nullfont!

Overfull \hbox (9.06943pt too wide) in paragraph at lines 316--326
\OML/cmm/m/it/10 X$
 []


Overfull \hbox (19.6458pt too wide) in paragraph at lines 316--326
\OML/cmm/m/it/10 x[] \OMS/cmsy/m/n/10 2
 []


Overfull \hbox (9.06943pt too wide) in paragraph at lines 316--326
\OML/cmm/m/it/10 X$
 []


Overfull \hbox (11.58098pt too wide) in paragraph at lines 316--326
\OML/cmm/m/it/10 ^^V \OT1/cmr/m/n/10 :
 []


Overfull \hbox (29.62495pt too wide) in paragraph at lines 316--326
\OT1/cmr/m/n/10 (\OML/cmm/m/it/10 X\OT1/cmr/m/n/10 ) \OMS/cmsy/m/n/10 !
 []


Overfull \hbox (25.00002pt too wide) in paragraph at lines 316--326
\OT1/cmr/m/n/10 [0\OML/cmm/m/it/10 ; \OMS/cmsy/m/n/10 1\OT1/cmr/m/n/10 ]$
 []


Overfull \hbox (32.31711pt too wide) in paragraph at lines 316--326
\OML/cmm/m/it/10 ^^V\OT1/cmr/m/n/10 (\OML/cmm/m/it/10 E\OT1/cmr/m/n/10 ) =
 []


Overfull \hbox (38.62349pt too wide) in paragraph at lines 316--326
[] \OML/cmm/m/it/10 ; x[] \OMS/cmsy/m/n/10 62
 []


Overfull \hbox (7.95831pt too wide) in paragraph at lines 316--326
\OML/cmm/m/it/10 E[] 
 []


Overfull \hbox (29.09023pt too wide) in paragraph at lines 316--326
\OT1/cmr/m/n/10 1\OML/cmm/m/it/10 ; x[] \OMS/cmsy/m/n/10 2
 []


Overfull \hbox (10.7361pt too wide) in paragraph at lines 316--326
\OML/cmm/m/it/10 E:$
 []


Overfull \hbox (31.20598pt too wide) in paragraph at lines 316--326
\OT1/cmr/m/n/10 (\OML/cmm/m/it/10 X; ; ^^V\OT1/cmr/m/n/10 )$
 []


Overfull \hbox (6.02548pt too wide) in paragraph at lines 316--326
\OML/cmm/m/it/10 ^^V$
 []


Overfull \hbox (21.59428pt too wide) in paragraph at lines 316--326
\OT1/cmr/m/it/10 dirac
 []


Overfull \hbox (20.9554pt too wide) in paragraph at lines 316--326
\OT1/cmr/m/it/10 mea-
 []


Overfull \hbox (17.76097pt too wide) in paragraph at lines 316--326
\OT1/cmr/m/it/10 sure 
 []

Missing character: There is no E in font nullfont!
Missing character: There is no x in font nullfont!
Missing character: There is no a in font nullfont!
Missing character: There is no m in font nullfont!
Missing character: There is no p in font nullfont!
Missing character: There is no l in font nullfont!
Missing character: There is no e in font nullfont!
Missing character: There is no s in font nullfont!
Missing character: There is no ( in font nullfont!
Missing character: There is no 1 in font nullfont!
Missing character: There is no ) in font nullfont!
Missing character: There is no a in font nullfont!
Missing character: There is no n in font nullfont!
Missing character: There is no d in font nullfont!
Missing character: There is no ( in font nullfont!
Missing character: There is no 2 in font nullfont!
Missing character: There is no ) in font nullfont!
Missing character: There is no c in font nullfont!
Missing character: There is no a in font nullfont!
Missing character: There is no n in font nullfont!
Missing character: There is no b in font nullfont!
Missing character: There is no e in font nullfont!
Missing character: There is no g in font nullfont!
Missing character: There is no e in font nullfont!
Missing character: There is no n in font nullfont!
Missing character: There is no e in font nullfont!
Missing character: There is no r in font nullfont!
Missing character: There is no a in font nullfont!
Missing character: There is no l in font nullfont!
Missing character: There is no i in font nullfont!
Missing character: There is no z in font nullfont!
Missing character: There is no e in font nullfont!
Missing character: There is no d in font nullfont!
Missing character: There is no . in font nullfont!
Missing character: There is no L in font nullfont!
Missing character: There is no e in font nullfont!
Missing character: There is no t in font nullfont!
Missing character: There is no b in font nullfont!
Missing character: There is no e in font nullfont!
Missing character: There is no a in font nullfont!
Missing character: There is no n in font nullfont!
Missing character: There is no o in font nullfont!
Missing character: There is no n in font nullfont!
Missing character: There is no e in font nullfont!
Missing character: There is no m in font nullfont!
Missing character: There is no p in font nullfont!
Missing character: There is no t in font nullfont!
Missing character: There is no y in font nullfont!
Missing character: There is no s in font nullfont!
Missing character: There is no e in font nullfont!
Missing character: There is no t in font nullfont!
Missing character: There is no a in font nullfont!
Missing character: There is no n in font nullfont!
Missing character: There is no d in font nullfont!
Missing character: There is no . in font nullfont!
Missing character: There is no D in font nullfont!
Missing character: There is no e in font nullfont!
Missing character: There is no f in font nullfont!
Missing character: There is no i in font nullfont!
Missing character: There is no n in font nullfont!
Missing character: There is no e in font nullfont!
/Users/gcrescenzo/Documents/School/LaTeX Documents/latex-class-notes/Fall 2025/550 Measure Theory/Notes/measures.tex:327: Undefined control sequence.
l.327 ... \rightarrow [0,\infty]$. Define $\mu:\cP
                                                  (X) \rightarrow [0,\infty]...
The control sequence at the end of the top line
of your error message was never \def'ed. If you have
misspelled it (e.g., `\hobx'), type `I' and the correct
spelling (e.g., `I\hbox'). Otherwise just continue,
and I'll forget about whatever was undefined.

Missing character: There is no b in font nullfont!
Missing character: There is no y in font nullfont!
Missing character: There is no . in font nullfont!
Missing character: There is no T in font nullfont!
Missing character: There is no h in font nullfont!
Missing character: There is no e in font nullfont!
Missing character: There is no n in font nullfont!
/Users/gcrescenzo/Documents/School/LaTeX Documents/latex-class-notes/Fall 2025/550 Measure Theory/Notes/measures.tex:327: Undefined control sequence.
l.327 ...mu(E) = \sum_{x \in E}f(x)$. Then $(X,\cP
                                                  (X),\mu)$ is a measure spa...
The control sequence at the end of the top line
of your error message was never \def'ed. If you have
misspelled it (e.g., `\hobx'), type `I' and the correct
spelling (e.g., `I\hbox'). Otherwise just continue,
and I'll forget about whatever was undefined.

Missing character: There is no i in font nullfont!
Missing character: There is no s in font nullfont!
Missing character: There is no a in font nullfont!
Missing character: There is no m in font nullfont!
Missing character: There is no e in font nullfont!
Missing character: There is no a in font nullfont!
Missing character: There is no s in font nullfont!
Missing character: There is no u in font nullfont!
Missing character: There is no r in font nullfont!
Missing character: There is no e in font nullfont!
Missing character: There is no s in font nullfont!
Missing character: There is no p in font nullfont!
Missing character: There is no a in font nullfont!
Missing character: There is no c in font nullfont!
Missing character: There is no e in font nullfont!
Missing character: There is no . in font nullfont!
Missing character: There is no I in font nullfont!
Missing character: There is no f in font nullfont!
Missing character: There is no i in font nullfont!
Missing character: There is no s in font nullfont!
Missing character: There is no t in font nullfont!
Missing character: There is no h in font nullfont!
Missing character: There is no e in font nullfont!
Missing character: There is no i in font nullfont!
Missing character: There is no d in font nullfont!
Missing character: There is no e in font nullfont!
Missing character: There is no n in font nullfont!
Missing character: There is no t in font nullfont!
Missing character: There is no i in font nullfont!
Missing character: There is no t in font nullfont!
Missing character: There is no y in font nullfont!
Missing character: There is no f in font nullfont!
Missing character: There is no u in font nullfont!
Missing character: There is no n in font nullfont!
Missing character: There is no c in font nullfont!
Missing character: There is no t in font nullfont!
Missing character: There is no i in font nullfont!
Missing character: There is no o in font nullfont!
Missing character: There is no n in font nullfont!
Missing character: There is no , in font nullfont!
Missing character: There is no t in font nullfont!
Missing character: There is no h in font nullfont!
Missing character: There is no e in font nullfont!
Missing character: There is no n in font nullfont!
Missing character: There is no i in font nullfont!
Missing character: There is no s in font nullfont!
Missing character: There is no t in font nullfont!
Missing character: There is no h in font nullfont!
Missing character: There is no e in font nullfont!
Missing character: There is no c in font nullfont!
Missing character: There is no o in font nullfont!
Missing character: There is no u in font nullfont!
Missing character: There is no n in font nullfont!
Missing character: There is no t in font nullfont!
Missing character: There is no i in font nullfont!
Missing character: There is no n in font nullfont!
Missing character: There is no g in font nullfont!
Missing character: There is no m in font nullfont!
Missing character: There is no e in font nullfont!
Missing character: There is no a in font nullfont!
Missing character: There is no s in font nullfont!
Missing character: There is no u in font nullfont!
Missing character: There is no r in font nullfont!
Missing character: There is no e in font nullfont!
Missing character: There is no . in font nullfont!
Missing character: There is no I in font nullfont!
Missing character: There is no f in font nullfont!
Missing character: There is no i in font nullfont!
Missing character: There is no s in font nullfont!
Missing character: There is no t in font nullfont!
Missing character: There is no h in font nullfont!
Missing character: There is no e in font nullfont!
Missing character: There is no i in font nullfont!
Missing character: There is no n in font nullfont!
Missing character: There is no d in font nullfont!
Missing character: There is no i in font nullfont!
Missing character: There is no c in font nullfont!
Missing character: There is no a in font nullfont!
Missing character: There is no t in font nullfont!
Missing character: There is no o in font nullfont!
Missing character: There is no r in font nullfont!
Missing character: There is no f in font nullfont!
Missing character: There is no u in font nullfont!
Missing character: There is no n in font nullfont!
Missing character: There is no c in font nullfont!
Missing character: There is no t in font nullfont!
Missing character: There is no i in font nullfont!
Missing character: There is no o in font nullfont!
Missing character: There is no n in font nullfont!
Missing character: There is no , in font nullfont!
Missing character: There is no t in font nullfont!
Missing character: There is no h in font nullfont!
Missing character: There is no e in font nullfont!
Missing character: There is no n in font nullfont!
Missing character: There is no i in font nullfont!
Missing character: There is no s in font nullfont!
Missing character: There is no t in font nullfont!
Missing character: There is no h in font nullfont!
Missing character: There is no e in font nullfont!
Missing character: There is no d in font nullfont!
Missing character: There is no i in font nullfont!
Missing character: There is no r in font nullfont!
Missing character: There is no a in font nullfont!
Missing character: There is no c in font nullfont!
Missing character: There is no m in font nullfont!
Missing character: There is no e in font nullfont!
Missing character: There is no a in font nullfont!
Missing character: There is no s in font nullfont!
Missing character: There is no u in font nullfont!
Missing character: There is no r in font nullfont!
Missing character: There is no e in font nullfont!
Missing character: There is no . in font nullfont!

Overfull \hbox (9.06943pt too wide) in paragraph at lines 327--328
\OML/cmm/m/it/10 X$
 []


Overfull \hbox (11.52776pt too wide) in paragraph at lines 327--328
\OML/cmm/m/it/10 f \OT1/cmr/m/n/10 :
 []


Overfull \hbox (21.84715pt too wide) in paragraph at lines 327--328
\OML/cmm/m/it/10 X \OMS/cmsy/m/n/10 !
 []


Overfull \hbox (25.00002pt too wide) in paragraph at lines 327--328
\OT1/cmr/m/n/10 [0\OML/cmm/m/it/10 ; \OMS/cmsy/m/n/10 1\OT1/cmr/m/n/10 ]$
 []


Overfull \hbox (11.58098pt too wide) in paragraph at lines 327--328
\OML/cmm/m/it/10 ^^V \OT1/cmr/m/n/10 :
 []


Overfull \hbox (29.62495pt too wide) in paragraph at lines 327--328
\OT1/cmr/m/n/10 (\OML/cmm/m/it/10 X\OT1/cmr/m/n/10 ) \OMS/cmsy/m/n/10 !
 []


Overfull \hbox (25.00002pt too wide) in paragraph at lines 327--328
\OT1/cmr/m/n/10 [0\OML/cmm/m/it/10 ; \OMS/cmsy/m/n/10 1\OT1/cmr/m/n/10 ]$
 []


Overfull \hbox (32.31711pt too wide) in paragraph at lines 327--328
\OML/cmm/m/it/10 ^^V\OT1/cmr/m/n/10 (\OML/cmm/m/it/10 E\OT1/cmr/m/n/10 ) =
 []


Overfull \hbox (48.36674pt too wide) in paragraph at lines 327--328
[][] \OML/cmm/m/it/10 f\OT1/cmr/m/n/10 (\OML/cmm/m/it/10 x\OT1/cmr/m/n/10 )$
 []


Overfull \hbox (48.0532pt too wide) in paragraph at lines 327--328
\OT1/cmr/m/n/10 (\OML/cmm/m/it/10 X; \OT1/cmr/m/n/10 (\OML/cmm/m/it/10 X\OT1/cmr/m/n/10 )\OML/cmm/m/it/10 ; ^^V\OT1/cmr/m/n/10 )$
 []


Overfull \hbox (11.52776pt too wide) in paragraph at lines 327--328
\OML/cmm/m/it/10 f \OT1/cmr/m/n/10 :
 []


Overfull \hbox (21.84715pt too wide) in paragraph at lines 327--328
\OML/cmm/m/it/10 X \OMS/cmsy/m/n/10 !
 []


Overfull \hbox (25.00002pt too wide) in paragraph at lines 327--328
\OT1/cmr/m/n/10 [0\OML/cmm/m/it/10 ; \OMS/cmsy/m/n/10 1\OT1/cmr/m/n/10 ]$
 []


Overfull \hbox (6.02548pt too wide) in paragraph at lines 327--328
\OML/cmm/m/it/10 ^^V$
 []


Overfull \hbox (11.52776pt too wide) in paragraph at lines 327--328
\OML/cmm/m/it/10 f \OT1/cmr/m/n/10 :
 []


Overfull \hbox (21.84715pt too wide) in paragraph at lines 327--328
\OML/cmm/m/it/10 X \OMS/cmsy/m/n/10 !
 []


Overfull \hbox (25.00002pt too wide) in paragraph at lines 327--328
\OT1/cmr/m/n/10 [0\OML/cmm/m/it/10 ; \OMS/cmsy/m/n/10 1\OT1/cmr/m/n/10 ]$
 []


Overfull \hbox (22.88199pt too wide) in paragraph at lines 327--328
\OT1/cmr/bx/n/10 1[]$
 []


Overfull \hbox (6.02548pt too wide) in paragraph at lines 327--328
\OML/cmm/m/it/10 ^^V$
 []

Missing character: There is no L in font nullfont!
Missing character: There is no e in font nullfont!
Missing character: There is no t in font nullfont!
Missing character: There is no b in font nullfont!
Missing character: There is no e in font nullfont!
Missing character: There is no a in font nullfont!
Missing character: There is no n in font nullfont!
Missing character: There is no u in font nullfont!
Missing character: There is no n in font nullfont!
Missing character: There is no c in font nullfont!
Missing character: There is no o in font nullfont!
Missing character: There is no u in font nullfont!
Missing character: There is no n in font nullfont!
Missing character: There is no t in font nullfont!
Missing character: There is no a in font nullfont!
Missing character: There is no b in font nullfont!
Missing character: There is no l in font nullfont!
Missing character: There is no e in font nullfont!
Missing character: There is no s in font nullfont!
Missing character: There is no e in font nullfont!
Missing character: There is no t in font nullfont!
Missing character: There is no a in font nullfont!
Missing character: There is no n in font nullfont!
Missing character: There is no d in font nullfont!
Missing character: There is no l in font nullfont!
Missing character: There is no e in font nullfont!
Missing character: There is no t in font nullfont!
/Users/gcrescenzo/Documents/School/LaTeX Documents/latex-class-notes/Fall 2025/550 Measure Theory/Notes/measures.tex:329: Undefined control sequence.
<recently read> \cM 
                    
l.329 ...et $X$ be an uncountable set and let $\cM
                                                  $ be the $\sigma$-algebra ...
The control sequence at the end of the top line
of your error message was never \def'ed. If you have
misspelled it (e.g., `\hobx'), type `I' and the correct
spelling (e.g., `I\hbox'). Otherwise just continue,
and I'll forget about whatever was undefined.

Missing character: There is no b in font nullfont!
Missing character: There is no e in font nullfont!
Missing character: There is no t in font nullfont!
Missing character: There is no h in font nullfont!
Missing character: There is no e in font nullfont!
Missing character: There is no - in font nullfont!
Missing character: There is no a in font nullfont!
Missing character: There is no l in font nullfont!
Missing character: There is no g in font nullfont!
Missing character: There is no e in font nullfont!
Missing character: There is no b in font nullfont!
Missing character: There is no r in font nullfont!
Missing character: There is no a in font nullfont!
Missing character: There is no o in font nullfont!
Missing character: There is no f in font nullfont!
Missing character: There is no c in font nullfont!
Missing character: There is no o in font nullfont!
Missing character: There is no u in font nullfont!
Missing character: There is no n in font nullfont!
Missing character: There is no t in font nullfont!
Missing character: There is no a in font nullfont!
Missing character: There is no b in font nullfont!
Missing character: There is no l in font nullfont!
Missing character: There is no e in font nullfont!
Missing character: There is no o in font nullfont!
Missing character: There is no r in font nullfont!
Missing character: There is no c in font nullfont!
Missing character: There is no o in font nullfont!
Missing character: There is no - in font nullfont!
Missing character: There is no c in font nullfont!
Missing character: There is no o in font nullfont!
Missing character: There is no u in font nullfont!
Missing character: There is no n in font nullfont!
Missing character: There is no t in font nullfont!
Missing character: There is no a in font nullfont!
Missing character: There is no b in font nullfont!
Missing character: There is no l in font nullfont!
Missing character: There is no e in font nullfont!
Missing character: There is no s in font nullfont!
Missing character: There is no e in font nullfont!
Missing character: There is no t in font nullfont!
Missing character: There is no s in font nullfont!
Missing character: There is no . in font nullfont!
Missing character: There is no D in font nullfont!
Missing character: There is no e in font nullfont!
Missing character: There is no f in font nullfont!
Missing character: There is no i in font nullfont!
Missing character: There is no n in font nullfont!
Missing character: There is no e in font nullfont!
/Users/gcrescenzo/Documents/School/LaTeX Documents/latex-class-notes/Fall 2025/550 Measure Theory/Notes/measures.tex:329: Undefined control sequence.
l.329 ...ble or co-countable sets. Define $\mu:\cM
                                                   \rightarrow [0,\infty]$ by:
The control sequence at the end of the top line
of your error message was never \def'ed. If you have
misspelled it (e.g., `\hobx'), type `I' and the correct
spelling (e.g., `I\hbox'). Otherwise just continue,
and I'll forget about whatever was undefined.

Missing character: There is no b in font nullfont!
Missing character: There is no y in font nullfont!
Missing character: There is no : in font nullfont!

/Users/gcrescenzo/Documents/School/LaTeX Documents/latex-class-notes/Fall 2025/550 Measure Theory/Notes/measures.tex:330: LaTeX Error: Environment equation* undefined.

See the LaTeX manual or LaTeX Companion for explanation.
Type  H <return>  for immediate help.
 ...                                              
                                                  
l.330                 \begin{equation*}
                                       
Your command was ignored.
Type  I <command> <return>  to replace it with another command,
or  <return>  to continue without it.


/Users/gcrescenzo/Documents/School/LaTeX Documents/latex-class-notes/Fall 2025/550 Measure Theory/Notes/measures.tex:331: LaTeX Error: Environment split undefined.

See the LaTeX manual or LaTeX Companion for explanation.
Type  H <return>  for immediate help.
 ...                                              
                                                  
l.331                 \begin{split}
                                   
Your command was ignored.
Type  I <command> <return>  to replace it with another command,
or  <return>  to continue without it.

/Users/gcrescenzo/Documents/School/LaTeX Documents/latex-class-notes/Fall 2025/550 Measure Theory/Notes/measures.tex:332: Missing $ inserted.
<inserted text> 
                $
l.332                     \mu
                             (E) = \begin{cases}
I've inserted a begin-math/end-math symbol since I think
you left one out. Proceed, with fingers crossed.

/Users/gcrescenzo/Documents/School/LaTeX Documents/latex-class-notes/Fall 2025/550 Measure Theory/Notes/measures.tex:333: Misplaced alignment tab character &.
l.333                         0, &
                                   E\h2\text{is countable}\\
I can't figure out why you would want to use a tab mark
here. If you just want an ampersand, the remedy is
simple: Just type `I\&' now. But if some right brace
up above has ended a previous alignment prematurely,
you're probably due for more error messages, and you
might try typing `S' now just to see what is salvageable.

/Users/gcrescenzo/Documents/School/LaTeX Documents/latex-class-notes/Fall 2025/550 Measure Theory/Notes/measures.tex:333: Undefined control sequence.
l.333                         0, & E\h
                                      2\text{is countable}\\
The control sequence at the end of the top line
of your error message was never \def'ed. If you have
misspelled it (e.g., `\hobx'), type `I' and the correct
spelling (e.g., `I\hbox'). Otherwise just continue,
and I'll forget about whatever was undefined.

/Users/gcrescenzo/Documents/School/LaTeX Documents/latex-class-notes/Fall 2025/550 Measure Theory/Notes/measures.tex:333: Undefined control sequence.
l.333                         0, & E\h2\text
                                            {is countable}\\
The control sequence at the end of the top line
of your error message was never \def'ed. If you have
misspelled it (e.g., `\hobx'), type `I' and the correct
spelling (e.g., `I\hbox'). Otherwise just continue,
and I'll forget about whatever was undefined.

/Users/gcrescenzo/Documents/School/LaTeX Documents/latex-class-notes/Fall 2025/550 Measure Theory/Notes/measures.tex:334: Misplaced alignment tab character &.
l.334                         1, &
                                   E\h2\text{is co-countable}.
I can't figure out why you would want to use a tab mark
here. If you just want an ampersand, the remedy is
simple: Just type `I\&' now. But if some right brace
up above has ended a previous alignment prematurely,
you're probably due for more error messages, and you
might try typing `S' now just to see what is salvageable.

/Users/gcrescenzo/Documents/School/LaTeX Documents/latex-class-notes/Fall 2025/550 Measure Theory/Notes/measures.tex:334: Undefined control sequence.
l.334                         1, & E\h
                                      2\text{is co-countable}.
The control sequence at the end of the top line
of your error message was never \def'ed. If you have
misspelled it (e.g., `\hobx'), type `I' and the correct
spelling (e.g., `I\hbox'). Otherwise just continue,
and I'll forget about whatever was undefined.

/Users/gcrescenzo/Documents/School/LaTeX Documents/latex-class-notes/Fall 2025/550 Measure Theory/Notes/measures.tex:334: Undefined control sequence.
l.334                         1, & E\h2\text
                                            {is co-countable}.
The control sequence at the end of the top line
of your error message was never \def'ed. If you have
misspelled it (e.g., `\hobx'), type `I' and the correct
spelling (e.g., `I\hbox'). Otherwise just continue,
and I'll forget about whatever was undefined.


/Users/gcrescenzo/Documents/School/LaTeX Documents/latex-class-notes/Fall 2025/550 Measure Theory/Notes/measures.tex:336: LaTeX Error: \begin{enumerate} on input line 313 ended by \end{split}.

See the LaTeX manual or LaTeX Companion for explanation.
Type  H <return>  for immediate help.
 ...                                              
                                                  
l.336                 \end{split}
                                 
Your command was ignored.
Type  I <command> <return>  to replace it with another command,
or  <return>  to continue without it.

/Users/gcrescenzo/Documents/School/LaTeX Documents/latex-class-notes/Fall 2025/550 Measure Theory/Notes/measures.tex:336: Missing $ inserted.
<inserted text> 
                $
l.336                 \end{split}
                                 
I've inserted something that you may have forgotten.
(See the <inserted text> above.)
With luck, this will get me unwedged. But if you
really didn't forget anything, try typing `2' now; then
my insertion and my current dilemma will both disappear.


/Users/gcrescenzo/Documents/School/LaTeX Documents/latex-class-notes/Fall 2025/550 Measure Theory/Notes/measures.tex:337: LaTeX Error: \begin{enumerate} on input line 313 ended by \end{equation*}.

See the LaTeX manual or LaTeX Companion for explanation.
Type  H <return>  for immediate help.
 ...                                              
                                                  
l.337                 \end{equation*}
                                     
Your command was ignored.
Type  I <command> <return>  to replace it with another command,
or  <return>  to continue without it.

Missing character: There is no T in font nullfont!
Missing character: There is no h in font nullfont!
Missing character: There is no e in font nullfont!
Missing character: There is no n in font nullfont!
/Users/gcrescenzo/Documents/School/LaTeX Documents/latex-class-notes/Fall 2025/550 Measure Theory/Notes/measures.tex:338: Undefined control sequence.
l.338             Then $(X,\cM
                              ,\mu)$ is a measure space.
The control sequence at the end of the top line
of your error message was never \def'ed. If you have
misspelled it (e.g., `\hobx'), type `I' and the correct
spelling (e.g., `I\hbox'). Otherwise just continue,
and I'll forget about whatever was undefined.

Missing character: There is no i in font nullfont!
Missing character: There is no s in font nullfont!
Missing character: There is no a in font nullfont!
Missing character: There is no m in font nullfont!
Missing character: There is no e in font nullfont!
Missing character: There is no a in font nullfont!
Missing character: There is no s in font nullfont!
Missing character: There is no u in font nullfont!
Missing character: There is no r in font nullfont!
Missing character: There is no e in font nullfont!
Missing character: There is no s in font nullfont!
Missing character: There is no p in font nullfont!
Missing character: There is no a in font nullfont!
Missing character: There is no c in font nullfont!
Missing character: There is no e in font nullfont!
Missing character: There is no . in font nullfont!

Overfull \hbox (9.06943pt too wide) in paragraph at lines 329--339
\OML/cmm/m/it/10 X$
 []


Overfull \hbox (6.0729pt too wide) in paragraph at lines 329--339
\OML/cmm/m/it/10 ^^[$
 []


Overfull \hbox (21.581pt too wide) in paragraph at lines 329--339
\OML/cmm/m/it/10 ^^V \OT1/cmr/m/n/10 :\OMS/cmsy/m/n/10 !
 []


Overfull \hbox (25.00002pt too wide) in paragraph at lines 329--339
\OT1/cmr/m/n/10 [0\OML/cmm/m/it/10 ; \OMS/cmsy/m/n/10 1\OT1/cmr/m/n/10 ]$
 []


Overfull \hbox (32.31711pt too wide) in paragraph at lines 329--339
\OML/cmm/m/it/10 ^^V\OT1/cmr/m/n/10 (\OML/cmm/m/it/10 E\OT1/cmr/m/n/10 ) =
 []


Overfull \hbox (81.99586pt too wide) in paragraph at lines 329--339
[] \OML/cmm/m/it/10 ; E\OT1/cmr/m/n/10 2[][] 
 []


Overfull \hbox (96.63731pt too wide) in paragraph at lines 329--339
\OT1/cmr/m/n/10 1\OML/cmm/m/it/10 ; E\OT1/cmr/m/n/10 2[]\OML/cmm/m/it/10 :$
 []


Overfull \hbox (31.20598pt too wide) in paragraph at lines 329--339
\OT1/cmr/m/n/10 (\OML/cmm/m/it/10 X; ; ^^V\OT1/cmr/m/n/10 )$
 []


/Users/gcrescenzo/Documents/School/LaTeX Documents/latex-class-notes/Fall 2025/550 Measure Theory/Notes/measures.tex:340: LaTeX Error: \begin{document} ended by \end{example}.

See the LaTeX manual or LaTeX Companion for explanation.
Type  H <return>  for immediate help.
 ...                                              
                                                  
l.340     \end{example}
                       
Your command was ignored.
Type  I <command> <return>  to replace it with another command,
or  <return>  to continue without it.


/Users/gcrescenzo/Documents/School/LaTeX Documents/latex-class-notes/Fall 2025/550 Measure Theory/Notes/measures.tex:342: LaTeX Error: Environment proposition undefined.

See the LaTeX manual or LaTeX Companion for explanation.
Type  H <return>  for immediate help.
 ...                                              
                                                  
l.342     \begin{proposition}
                             
Your command was ignored.
Type  I <command> <return>  to replace it with another command,
or  <return>  to continue without it.

Missing character: There is no L in font nullfont!
Missing character: There is no e in font nullfont!
Missing character: There is no t in font nullfont!
/Users/gcrescenzo/Documents/School/LaTeX Documents/latex-class-notes/Fall 2025/550 Measure Theory/Notes/measures.tex:343: Undefined control sequence.
l.343         Let $(X,\cM
                         ,\mu)$ be a measure space.
The control sequence at the end of the top line
of your error message was never \def'ed. If you have
misspelled it (e.g., `\hobx'), type `I' and the correct
spelling (e.g., `I\hbox'). Otherwise just continue,
and I'll forget about whatever was undefined.

Missing character: There is no b in font nullfont!
Missing character: There is no e in font nullfont!
Missing character: There is no a in font nullfont!
Missing character: There is no m in font nullfont!
Missing character: There is no e in font nullfont!
Missing character: There is no a in font nullfont!
Missing character: There is no s in font nullfont!
Missing character: There is no u in font nullfont!
Missing character: There is no r in font nullfont!
Missing character: There is no e in font nullfont!
Missing character: There is no s in font nullfont!
Missing character: There is no p in font nullfont!
Missing character: There is no a in font nullfont!
Missing character: There is no c in font nullfont!
Missing character: There is no e in font nullfont!
Missing character: There is no . in font nullfont!

Overfull \hbox (20.0pt too wide) in paragraph at lines 343--344
[]
 []


Overfull \hbox (31.20598pt too wide) in paragraph at lines 343--344
\OT1/cmr/m/n/10 (\OML/cmm/m/it/10 X; ; ^^V\OT1/cmr/m/n/10 )$
 []

Missing character: There is no [ in font nullfont!
Missing character: There is no l in font nullfont!
Missing character: There is no a in font nullfont!
Missing character: There is no b in font nullfont!
Missing character: There is no e in font nullfont!
Missing character: There is no l in font nullfont!
Missing character: There is no = in font nullfont!
Missing character: There is no ( in font nullfont!
/Users/gcrescenzo/Documents/School/LaTeX Documents/latex-class-notes/Fall 2025/550 Measure Theory/Notes/measures.tex:344: Missing number, treated as zero.
<to be read again> 
                   \c@* 
l.344         \begin{enumerate}[label = (\arabic*
                                                 ),itemsep=1pt,topsep=3pt]
A number should have been here; I inserted `0'.
(If you can't figure out why I needed to see a number,
look up `weird error' in the index to The TeXbook.)

Missing character: There is no 0 in font nullfont!
Missing character: There is no ) in font nullfont!
Missing character: There is no , in font nullfont!
Missing character: There is no i in font nullfont!
Missing character: There is no t in font nullfont!
Missing character: There is no e in font nullfont!
Missing character: There is no m in font nullfont!
Missing character: There is no s in font nullfont!
Missing character: There is no e in font nullfont!
Missing character: There is no p in font nullfont!
Missing character: There is no = in font nullfont!
Missing character: There is no 1 in font nullfont!
Missing character: There is no p in font nullfont!
Missing character: There is no t in font nullfont!
Missing character: There is no , in font nullfont!
Missing character: There is no t in font nullfont!
Missing character: There is no o in font nullfont!
Missing character: There is no p in font nullfont!
Missing character: There is no s in font nullfont!
Missing character: There is no e in font nullfont!
Missing character: There is no p in font nullfont!
Missing character: There is no = in font nullfont!
Missing character: There is no 3 in font nullfont!
Missing character: There is no p in font nullfont!
Missing character: There is no t in font nullfont!
Missing character: There is no ] in font nullfont!

/Users/gcrescenzo/Documents/School/LaTeX Documents/latex-class-notes/Fall 2025/550 Measure Theory/Notes/measures.tex:345: LaTeX Error: Something's wrong--perhaps a missing \item.

See the LaTeX manual or LaTeX Companion for explanation.
Type  H <return>  for immediate help.
 ...                                              
                                                  
l.345             \item I
                         f $E,F \in \cM$ and $E \subset F$, then $\mu(E) \le...
Try typing  <return>  to proceed.
If that doesn't work, type  X <return>  to quit.

Missing character: There is no I in font nullfont!
Missing character: There is no f in font nullfont!
/Users/gcrescenzo/Documents/School/LaTeX Documents/latex-class-notes/Fall 2025/550 Measure Theory/Notes/measures.tex:345: Undefined control sequence.
l.345             \item If $E,F \in \cM
                                       $ and $E \subset F$, then $\mu(E) \le...
The control sequence at the end of the top line
of your error message was never \def'ed. If you have
misspelled it (e.g., `\hobx'), type `I' and the correct
spelling (e.g., `I\hbox'). Otherwise just continue,
and I'll forget about whatever was undefined.

Missing character: There is no a in font nullfont!
Missing character: There is no n in font nullfont!
Missing character: There is no d in font nullfont!
Missing character: There is no , in font nullfont!
Missing character: There is no t in font nullfont!
Missing character: There is no h in font nullfont!
Missing character: There is no e in font nullfont!
Missing character: There is no n in font nullfont!
Missing character: There is no ( in font nullfont!
Missing character: There is no M in font nullfont!
Missing character: There is no o in font nullfont!
Missing character: There is no n in font nullfont!
Missing character: There is no o in font nullfont!
Missing character: There is no t in font nullfont!
Missing character: There is no o in font nullfont!
Missing character: There is no n in font nullfont!
Missing character: There is no i in font nullfont!
Missing character: There is no c in font nullfont!
Missing character: There is no i in font nullfont!
Missing character: There is no t in font nullfont!
Missing character: There is no y in font nullfont!
Missing character: There is no ) in font nullfont!
Missing character: There is no . in font nullfont!

Overfull \hbox (29.66658pt too wide) in paragraph at lines 345--346
\OML/cmm/m/it/10 E; F \OMS/cmsy/m/n/10 2$
 []


Overfull \hbox (18.51382pt too wide) in paragraph at lines 345--346
\OML/cmm/m/it/10 E \OMS/cmsy/m/n/10 ^^Z
 []


Overfull \hbox (7.81946pt too wide) in paragraph at lines 345--346
\OML/cmm/m/it/10 F$
 []


Overfull \hbox (32.31711pt too wide) in paragraph at lines 345--346
\OML/cmm/m/it/10 ^^V\OT1/cmr/m/n/10 (\OML/cmm/m/it/10 E\OT1/cmr/m/n/10 ) \OMS/cmsy/m/n/10 ^^T
 []


Overfull \hbox (21.62274pt too wide) in paragraph at lines 345--346
\OML/cmm/m/it/10 ^^V\OT1/cmr/m/n/10 (\OML/cmm/m/it/10 F\OT1/cmr/m/n/10 )$ 
 []

Missing character: There is no L in font nullfont!
Missing character: There is no e in font nullfont!
Missing character: There is no t in font nullfont!
/Users/gcrescenzo/Documents/School/LaTeX Documents/latex-class-notes/Fall 2025/550 Measure Theory/Notes/measures.tex:346: Undefined control sequence.
l.346 ...m Let $\{E_i\}_{i = 1}^\infty \subset \cM
                                                  $. Then $\mu \left( \bigcu...
The control sequence at the end of the top line
of your error message was never \def'ed. If you have
misspelled it (e.g., `\hobx'), type `I' and the correct
spelling (e.g., `I\hbox'). Otherwise just continue,
and I'll forget about whatever was undefined.

Missing character: There is no . in font nullfont!
Missing character: There is no T in font nullfont!
Missing character: There is no h in font nullfont!
Missing character: There is no e in font nullfont!
Missing character: There is no n in font nullfont!
Missing character: There is no ( in font nullfont!
Missing character: There is no S in font nullfont!
Missing character: There is no u in font nullfont!
Missing character: There is no b in font nullfont!
Missing character: There is no a in font nullfont!
Missing character: There is no d in font nullfont!
Missing character: There is no d in font nullfont!
Missing character: There is no i in font nullfont!
Missing character: There is no t in font nullfont!
Missing character: There is no i in font nullfont!
Missing character: There is no v in font nullfont!
Missing character: There is no i in font nullfont!
Missing character: There is no t in font nullfont!
Missing character: There is no y in font nullfont!
Missing character: There is no ) in font nullfont!
Missing character: There is no . in font nullfont!

Overfull \hbox (44.7211pt too wide) in paragraph at lines 346--347
\OMS/cmsy/m/n/10 f\OML/cmm/m/it/10 E[]\OMS/cmsy/m/n/10 g[] ^^Z$
 []


Overfull \hbox (60.19096pt too wide) in paragraph at lines 346--347
\OML/cmm/m/it/10 ^^V [] \OMS/cmsy/m/n/10 ^^T
 []


Overfull \hbox (50.19106pt too wide) in paragraph at lines 346--347
[][] \OML/cmm/m/it/10 ^^V\OT1/cmr/m/n/10 (\OML/cmm/m/it/10 E[]\OT1/cmr/m/n/10 )$ 
 []

Missing character: There is no L in font nullfont!
Missing character: There is no e in font nullfont!
Missing character: There is no t in font nullfont!
/Users/gcrescenzo/Documents/School/LaTeX Documents/latex-class-notes/Fall 2025/550 Measure Theory/Notes/measures.tex:347: Undefined control sequence.
l.347 ...m Let $\{E_i\}_{i = 1}^\infty \subset \cM
                                                  $ with $E_1 \subset E_2 \s...
The control sequence at the end of the top line
of your error message was never \def'ed. If you have
misspelled it (e.g., `\hobx'), type `I' and the correct
spelling (e.g., `I\hbox'). Otherwise just continue,
and I'll forget about whatever was undefined.

Missing character: There is no w in font nullfont!
Missing character: There is no i in font nullfont!
Missing character: There is no t in font nullfont!
Missing character: There is no h in font nullfont!
Missing character: There is no . in font nullfont!
Missing character: There is no T in font nullfont!
Missing character: There is no h in font nullfont!
Missing character: There is no e in font nullfont!
Missing character: There is no n in font nullfont!
Missing character: There is no ( in font nullfont!
Missing character: There is no C in font nullfont!
Missing character: There is no o in font nullfont!
Missing character: There is no n in font nullfont!
Missing character: There is no t in font nullfont!
Missing character: There is no i in font nullfont!
Missing character: There is no n in font nullfont!
Missing character: There is no u in font nullfont!
Missing character: There is no i in font nullfont!
Missing character: There is no t in font nullfont!
Missing character: There is no y in font nullfont!
Missing character: There is no f in font nullfont!
Missing character: There is no r in font nullfont!
Missing character: There is no o in font nullfont!
Missing character: There is no m in font nullfont!
Missing character: There is no b in font nullfont!
Missing character: There is no e in font nullfont!
Missing character: There is no l in font nullfont!
Missing character: There is no o in font nullfont!
Missing character: There is no w in font nullfont!
Missing character: There is no ) in font nullfont!
Missing character: There is no . in font nullfont!

Overfull \hbox (44.7211pt too wide) in paragraph at lines 347--348
\OMS/cmsy/m/n/10 f\OML/cmm/m/it/10 E[]\OMS/cmsy/m/n/10 g[] ^^Z$
 []


Overfull \hbox (22.42358pt too wide) in paragraph at lines 347--348
\OML/cmm/m/it/10 E[] \OMS/cmsy/m/n/10 ^^Z
 []


Overfull \hbox (22.42358pt too wide) in paragraph at lines 347--348
\OML/cmm/m/it/10 E[] \OMS/cmsy/m/n/10 ^^Z
 []


Overfull \hbox (22.42358pt too wide) in paragraph at lines 347--348
\OML/cmm/m/it/10 E[] \OMS/cmsy/m/n/10 ^^Z
 []


Overfull \hbox (8.33336pt too wide) in paragraph at lines 347--348
\OML/cmm/m/it/10 :::$
 []


Overfull \hbox (60.19096pt too wide) in paragraph at lines 347--348
\OML/cmm/m/it/10 ^^V [] \OT1/cmr/m/n/10 =
 []


Overfull \hbox (59.34384pt too wide) in paragraph at lines 347--348
[][] \OML/cmm/m/it/10 ^^V\OT1/cmr/m/n/10 (\OML/cmm/m/it/10 E[]\OT1/cmr/m/n/10 )$
 []

Missing character: There is no L in font nullfont!
Missing character: There is no e in font nullfont!
Missing character: There is no t in font nullfont!
/Users/gcrescenzo/Documents/School/LaTeX Documents/latex-class-notes/Fall 2025/550 Measure Theory/Notes/measures.tex:348: Undefined control sequence.
l.348 ...m Let $\{E_i\}_{i = 1}^\infty \subset \cM
                                                  $ with $E_1 \supset E_2 \s...
The control sequence at the end of the top line
of your error message was never \def'ed. If you have
misspelled it (e.g., `\hobx'), type `I' and the correct
spelling (e.g., `I\hbox'). Otherwise just continue,
and I'll forget about whatever was undefined.

Missing character: There is no w in font nullfont!
Missing character: There is no i in font nullfont!
Missing character: There is no t in font nullfont!
Missing character: There is no h in font nullfont!
Missing character: There is no p in font nullfont!
Missing character: There is no r in font nullfont!
Missing character: There is no o in font nullfont!
Missing character: There is no v in font nullfont!
Missing character: There is no i in font nullfont!
Missing character: There is no d in font nullfont!
Missing character: There is no e in font nullfont!
Missing character: There is no d in font nullfont!
Missing character: There is no . in font nullfont!
Missing character: There is no T in font nullfont!
Missing character: There is no h in font nullfont!
Missing character: There is no e in font nullfont!
Missing character: There is no n in font nullfont!

Overfull \hbox (44.7211pt too wide) in paragraph at lines 348--349
\OMS/cmsy/m/n/10 f\OML/cmm/m/it/10 E[]\OMS/cmsy/m/n/10 g[] ^^Z$
 []


Overfull \hbox (22.42358pt too wide) in paragraph at lines 348--349
\OML/cmm/m/it/10 E[] \OMS/cmsy/m/n/10 ^^[
 []


Overfull \hbox (22.42358pt too wide) in paragraph at lines 348--349
\OML/cmm/m/it/10 E[] \OMS/cmsy/m/n/10 ^^[
 []


Overfull \hbox (22.42358pt too wide) in paragraph at lines 348--349
\OML/cmm/m/it/10 E[] \OMS/cmsy/m/n/10 ^^[
 []


Overfull \hbox (8.33336pt too wide) in paragraph at lines 348--349
\OML/cmm/m/it/10 :::$
 []


Overfull \hbox (36.22687pt too wide) in paragraph at lines 348--349
\OML/cmm/m/it/10 ^^V\OT1/cmr/m/n/10 (\OML/cmm/m/it/10 E[]\OT1/cmr/m/n/10 ) \OML/cmm/m/it/10 <
 []


Overfull \hbox (10.00002pt too wide) in paragraph at lines 348--349
\OMS/cmsy/m/n/10 1$
 []


Overfull \hbox (60.19096pt too wide) in paragraph at lines 348--349
\OML/cmm/m/it/10 ^^V [] \OT1/cmr/m/n/10 =
 []


Overfull \hbox (59.34384pt too wide) in paragraph at lines 348--349
[][] \OML/cmm/m/it/10 ^^V\OT1/cmr/m/n/10 (\OML/cmm/m/it/10 E[]\OT1/cmr/m/n/10 )$ 
 []


/Users/gcrescenzo/Documents/School/LaTeX Documents/latex-class-notes/Fall 2025/550 Measure Theory/Notes/measures.tex:350: LaTeX Error: \begin{document} ended by \end{proposition}.

See the LaTeX manual or LaTeX Companion for explanation.
Type  H <return>  for immediate help.
 ...                                              
                                                  
l.350     \end{proposition}
                           
Your command was ignored.
Type  I <command> <return>  to replace it with another command,
or  <return>  to continue without it.


/Users/gcrescenzo/Documents/School/LaTeX Documents/latex-class-notes/Fall 2025/550 Measure Theory/Notes/measures.tex:351: LaTeX Error: Environment proof undefined.

See the LaTeX manual or LaTeX Companion for explanation.
Type  H <return>  for immediate help.
 ...                                              
                                                  
l.351         \begin{proof}
                           
Your command was ignored.
Type  I <command> <return>  to replace it with another command,
or  <return>  to continue without it.

Missing character: There is no ( in font nullfont!
Missing character: There is no 1 in font nullfont!
Missing character: There is no ) in font nullfont!
Missing character: There is no W in font nullfont!
Missing character: There is no e in font nullfont!
Missing character: There is no c in font nullfont!
Missing character: There is no a in font nullfont!
Missing character: There is no n in font nullfont!
Missing character: There is no w in font nullfont!
Missing character: There is no r in font nullfont!
Missing character: There is no i in font nullfont!
Missing character: There is no t in font nullfont!
Missing character: There is no e in font nullfont!
Missing character: There is no , in font nullfont!
Missing character: There is no g in font nullfont!
Missing character: There is no i in font nullfont!
Missing character: There is no v in font nullfont!
Missing character: There is no i in font nullfont!
Missing character: There is no n in font nullfont!
Missing character: There is no g in font nullfont!
Missing character: There is no . in font nullfont!

Overfull \hbox (18.37497pt too wide) in paragraph at lines 352--353
    $\OML/cmm/m/it/10 F \OT1/cmr/m/n/10 =
 []


Overfull \hbox (14.625pt too wide) in paragraph at lines 352--353
\OML/cmm/m/it/10 E \OMS/cmsy/m/n/10 t
 []


Overfull \hbox (16.70837pt too wide) in paragraph at lines 352--353
\OT1/cmr/m/n/10 (\OML/cmm/m/it/10 F \OMS/cmsy/m/n/10 n
 []


Overfull \hbox (11.84721pt too wide) in paragraph at lines 352--353
\OML/cmm/m/it/10 E\OT1/cmr/m/n/10 )$
 []


Overfull \hbox (32.17825pt too wide) in paragraph at lines 352--353
\OML/cmm/m/it/10 ^^V\OT1/cmr/m/n/10 (\OML/cmm/m/it/10 F\OT1/cmr/m/n/10 ) =
 []


Overfull \hbox (24.53938pt too wide) in paragraph at lines 352--353
\OML/cmm/m/it/10 ^^V\OT1/cmr/m/n/10 (\OML/cmm/m/it/10 E \OMS/cmsy/m/n/10 t
 []


Overfull \hbox (16.70837pt too wide) in paragraph at lines 352--353
\OT1/cmr/m/n/10 (\OML/cmm/m/it/10 F \OMS/cmsy/m/n/10 n
 []


Overfull \hbox (26.29163pt too wide) in paragraph at lines 352--353
\OML/cmm/m/it/10 E\OT1/cmr/m/n/10 )) =
 []


Overfull \hbox (29.5394pt too wide) in paragraph at lines 352--353
\OML/cmm/m/it/10 ^^V\OT1/cmr/m/n/10 (\OML/cmm/m/it/10 E\OT1/cmr/m/n/10 ) +
 []


Overfull \hbox (22.73386pt too wide) in paragraph at lines 352--353
\OML/cmm/m/it/10 ^^V\OT1/cmr/m/n/10 (\OML/cmm/m/it/10 F \OMS/cmsy/m/n/10 n
 []


Overfull \hbox (22.40273pt too wide) in paragraph at lines 352--353
\OML/cmm/m/it/10 E\OT1/cmr/m/n/10 ) \OMS/cmsy/m/n/10 ^^U
 []


Overfull \hbox (21.7616pt too wide) in paragraph at lines 352--353
\OML/cmm/m/it/10 ^^V\OT1/cmr/m/n/10 (\OML/cmm/m/it/10 E\OT1/cmr/m/n/10 )$ 
 []

Missing character: There is no ( in font nullfont!
Missing character: There is no 2 in font nullfont!
Missing character: There is no ) in font nullfont!
Missing character: There is no G in font nullfont!
Missing character: There is no i in font nullfont!
Missing character: There is no v in font nullfont!
Missing character: There is no e in font nullfont!
Missing character: There is no n in font nullfont!
/Users/gcrescenzo/Documents/School/LaTeX Documents/latex-class-notes/Fall 2025/550 Measure Theory/Notes/measures.tex:354: Undefined control sequence.
l.354 ...Given $\{E_i\}_{i = 1}^\infty \subset \cM
                                                  $, define $F_i = E_i \setm...
The control sequence at the end of the top line
of your error message was never \def'ed. If you have
misspelled it (e.g., `\hobx'), type `I' and the correct
spelling (e.g., `I\hbox'). Otherwise just continue,
and I'll forget about whatever was undefined.

Missing character: There is no , in font nullfont!
Missing character: There is no d in font nullfont!
Missing character: There is no e in font nullfont!
Missing character: There is no f in font nullfont!
Missing character: There is no i in font nullfont!
Missing character: There is no n in font nullfont!
Missing character: There is no e in font nullfont!
Missing character: There is no f in font nullfont!
Missing character: There is no o in font nullfont!
Missing character: There is no r in font nullfont!
Missing character: There is no e in font nullfont!
Missing character: There is no a in font nullfont!
Missing character: There is no c in font nullfont!
Missing character: There is no h in font nullfont!
Missing character: There is no . in font nullfont!
Missing character: There is no T in font nullfont!
Missing character: There is no h in font nullfont!
Missing character: There is no e in font nullfont!
Missing character: There is no n in font nullfont!
Missing character: There is no i in font nullfont!
Missing character: There is no s in font nullfont!
Missing character: There is no a in font nullfont!
Missing character: There is no s in font nullfont!
Missing character: There is no e in font nullfont!
Missing character: There is no q in font nullfont!
Missing character: There is no u in font nullfont!
Missing character: There is no e in font nullfont!
Missing character: There is no n in font nullfont!
Missing character: There is no c in font nullfont!
Missing character: There is no e in font nullfont!
Missing character: There is no o in font nullfont!
Missing character: There is no f in font nullfont!
Missing character: There is no p in font nullfont!
Missing character: There is no a in font nullfont!
Missing character: There is no i in font nullfont!
Missing character: There is no r in font nullfont!
Missing character: There is no w in font nullfont!
Missing character: There is no i in font nullfont!
Missing character: There is no s in font nullfont!
Missing character: There is no e in font nullfont!
Missing character: There is no d in font nullfont!
Missing character: There is no i in font nullfont!
Missing character: There is no s in font nullfont!
Missing character: There is no j in font nullfont!
Missing character: There is no o in font nullfont!
Missing character: There is no i in font nullfont!
Missing character: There is no n in font nullfont!
Missing character: There is no t in font nullfont!
Missing character: There is no s in font nullfont!
Missing character: There is no u in font nullfont!
Missing character: There is no b in font nullfont!
Missing character: There is no s in font nullfont!
Missing character: There is no e in font nullfont!
Missing character: There is no t in font nullfont!
Missing character: There is no s in font nullfont!
Missing character: There is no o in font nullfont!
Missing character: There is no f in font nullfont!
Missing character: There is no . in font nullfont!
Missing character: There is no I in font nullfont!
Missing character: There is no n in font nullfont!
Missing character: There is no p in font nullfont!
Missing character: There is no a in font nullfont!
Missing character: There is no r in font nullfont!
Missing character: There is no t in font nullfont!
Missing character: There is no i in font nullfont!
Missing character: There is no c in font nullfont!
Missing character: There is no u in font nullfont!
Missing character: There is no l in font nullfont!
Missing character: There is no a in font nullfont!
Missing character: There is no r in font nullfont!
Missing character: There is no , in font nullfont!
Missing character: There is no w in font nullfont!
Missing character: There is no e in font nullfont!
Missing character: There is no h in font nullfont!
Missing character: There is no a in font nullfont!
Missing character: There is no v in font nullfont!
Missing character: There is no e in font nullfont!
Missing character: There is no f in font nullfont!
Missing character: There is no o in font nullfont!
Missing character: There is no r in font nullfont!
Missing character: There is no e in font nullfont!
Missing character: There is no a in font nullfont!
Missing character: There is no c in font nullfont!
Missing character: There is no h in font nullfont!
Missing character: There is no , in font nullfont!
Missing character: There is no a in font nullfont!
Missing character: There is no n in font nullfont!
Missing character: There is no d in font nullfont!
Missing character: There is no . in font nullfont!
Missing character: There is no T in font nullfont!
Missing character: There is no o in font nullfont!
Missing character: There is no g in font nullfont!
Missing character: There is no e in font nullfont!
Missing character: There is no t in font nullfont!
Missing character: There is no h in font nullfont!
Missing character: There is no e in font nullfont!
Missing character: There is no r in font nullfont!
Missing character: There is no : in font nullfont!

/Users/gcrescenzo/Documents/School/LaTeX Documents/latex-class-notes/Fall 2025/550 Measure Theory/Notes/measures.tex:355: LaTeX Error: Environment equation* undefined.

See the LaTeX manual or LaTeX Companion for explanation.
Type  H <return>  for immediate help.
 ...                                              
                                                  
l.355                 \begin{equation*}
                                       
Your command was ignored.
Type  I <command> <return>  to replace it with another command,
or  <return>  to continue without it.


/Users/gcrescenzo/Documents/School/LaTeX Documents/latex-class-notes/Fall 2025/550 Measure Theory/Notes/measures.tex:356: LaTeX Error: Environment split undefined.

See the LaTeX manual or LaTeX Companion for explanation.
Type  H <return>  for immediate help.
 ...                                              
                                                  
l.356                 \begin{split}
                                   
Your command was ignored.
Type  I <command> <return>  to replace it with another command,
or  <return>  to continue without it.

/Users/gcrescenzo/Documents/School/LaTeX Documents/latex-class-notes/Fall 2025/550 Measure Theory/Notes/measures.tex:357: Missing $ inserted.
<inserted text> 
                $
l.357                     \mu
                             \left(\bigcup_{i = 1}^\infty E_i\right)
I've inserted a begin-math/end-math symbol since I think
you left one out. Proceed, with fingers crossed.

/Users/gcrescenzo/Documents/School/LaTeX Documents/latex-class-notes/Fall 2025/550 Measure Theory/Notes/measures.tex:358: Misplaced alignment tab character &.
l.358                     &
                            = \mu \left(\bigcup_{i = 1}^\infty F_i\right) \\
I can't figure out why you would want to use a tab mark
here. If you just want an ampersand, the remedy is
simple: Just type `I\&' now. But if some right brace
up above has ended a previous alignment prematurely,
you're probably due for more error messages, and you
might try typing `S' now just to see what is salvageable.

/Users/gcrescenzo/Documents/School/LaTeX Documents/latex-class-notes/Fall 2025/550 Measure Theory/Notes/measures.tex:359: Misplaced alignment tab character &.
<recently read> &
                 
l.359                     &
                            = \sum_{i = 1}^\infty \mu(F_i) \\
I can't figure out why you would want to use a tab mark
here. If you just want an ampersand, the remedy is
simple: Just type `I\&' now. But if some right brace
up above has ended a previous alignment prematurely,
you're probably due for more error messages, and you
might try typing `S' now just to see what is salvageable.

/Users/gcrescenzo/Documents/School/LaTeX Documents/latex-class-notes/Fall 2025/550 Measure Theory/Notes/measures.tex:360: Misplaced alignment tab character &.
<recently read> &
                 
l.360                     &
                            \leq \sum_{i = 1}^\infty \mu(E_i).
I can't figure out why you would want to use a tab mark
here. If you just want an ampersand, the remedy is
simple: Just type `I\&' now. But if some right brace
up above has ended a previous alignment prematurely,
you're probably due for more error messages, and you
might try typing `S' now just to see what is salvageable.


/Users/gcrescenzo/Documents/School/LaTeX Documents/latex-class-notes/Fall 2025/550 Measure Theory/Notes/measures.tex:361: LaTeX Error: \begin{document} ended by \end{split}.

See the LaTeX manual or LaTeX Companion for explanation.
Type  H <return>  for immediate help.
 ...                                              
                                                  
l.361                 \end{split}
                                 
Your command was ignored.
Type  I <command> <return>  to replace it with another command,
or  <return>  to continue without it.

/Users/gcrescenzo/Documents/School/LaTeX Documents/latex-class-notes/Fall 2025/550 Measure Theory/Notes/measures.tex:361: Missing $ inserted.
<inserted text> 
                $
l.361                 \end{split}
                                 
I've inserted something that you may have forgotten.
(See the <inserted text> above.)
With luck, this will get me unwedged. But if you
really didn't forget anything, try typing `2' now; then
my insertion and my current dilemma will both disappear.


/Users/gcrescenzo/Documents/School/LaTeX Documents/latex-class-notes/Fall 2025/550 Measure Theory/Notes/measures.tex:362: LaTeX Error: \begin{document} ended by \end{equation*}.

See the LaTeX manual or LaTeX Companion for explanation.
Type  H <return>  for immediate help.
 ...                                              
                                                  
l.362                 \end{equation*}
                                     
Your command was ignored.
Type  I <command> <return>  to replace it with another command,
or  <return>  to continue without it.


Overfull \hbox (20.0pt too wide) in paragraph at lines 354--363
[]
 []


Overfull \hbox (44.7211pt too wide) in paragraph at lines 354--363
\OMS/cmsy/m/n/10 f\OML/cmm/m/it/10 E[]\OMS/cmsy/m/n/10 g[] ^^Z$
 []


Overfull \hbox (20.31535pt too wide) in paragraph at lines 354--363
\OML/cmm/m/it/10 F[] \OT1/cmr/m/n/10 =
 []


Overfull \hbox (15.71124pt too wide) in paragraph at lines 354--363
\OML/cmm/m/it/10 E[] \OMS/cmsy/m/n/10 n
 []


Overfull \hbox (37.3473pt too wide) in paragraph at lines 354--363
[][] \OML/cmm/m/it/10 E[]$
 []


Overfull \hbox (3.44513pt too wide) in paragraph at lines 354--363
\OML/cmm/m/it/10 i$
 []


Overfull \hbox (33.2142pt too wide) in paragraph at lines 354--363
\OMS/cmsy/m/n/10 f\OML/cmm/m/it/10 F[]\OMS/cmsy/m/n/10 g[]$
 []


Overfull \hbox (9.06943pt too wide) in paragraph at lines 354--363
\OML/cmm/m/it/10 X$
 []


Overfull \hbox (20.31535pt too wide) in paragraph at lines 354--363
\OML/cmm/m/it/10 F[] \OMS/cmsy/m/n/10 ^^Z
 []


Overfull \hbox (10.71123pt too wide) in paragraph at lines 354--363
\OML/cmm/m/it/10 E[]$
 []


Overfull \hbox (3.44513pt too wide) in paragraph at lines 354--363
\OML/cmm/m/it/10 i$
 []


Overfull \hbox (44.72105pt too wide) in paragraph at lines 354--363
[][] \OML/cmm/m/it/10 E[] \OT1/cmr/m/n/10 =
 []


Overfull \hbox (33.21416pt too wide) in paragraph at lines 354--363
[][] \OML/cmm/m/it/10 F[]$
 []


Overfull \hbox (60.19096pt too wide) in paragraph at lines 354--363
\OML/cmm/m/it/10 ^^V [] \OT1/cmr/m/n/10 =
 []


Overfull \hbox (50.3507pt too wide) in paragraph at lines 354--363
\OML/cmm/m/it/10 ^^V [] [] 
 []


Overfull \hbox (7.7778pt too wide) in paragraph at lines 354--363
\OT1/cmr/m/n/10 =
 []


Overfull \hbox (49.23967pt too wide) in paragraph at lines 354--363
[][] \OML/cmm/m/it/10 ^^V\OT1/cmr/m/n/10 (\OML/cmm/m/it/10 F[]\OT1/cmr/m/n/10 )[] 
 []


Overfull \hbox (7.7778pt too wide) in paragraph at lines 354--363
\OMS/cmsy/m/n/10 ^^T
 []


Overfull \hbox (52.96884pt too wide) in paragraph at lines 354--363
[][] \OML/cmm/m/it/10 ^^V\OT1/cmr/m/n/10 (\OML/cmm/m/it/10 E[]\OT1/cmr/m/n/10 )\OML/cmm/m/it/10 :$
 []

Missing character: There is no ( in font nullfont!
Missing character: There is no 3 in font nullfont!
Missing character: There is no ) in font nullfont!
Missing character: There is no D in font nullfont!
Missing character: There is no e in font nullfont!
Missing character: There is no f in font nullfont!
Missing character: There is no i in font nullfont!
Missing character: There is no n in font nullfont!
Missing character: There is no e in font nullfont!
Missing character: There is no . in font nullfont!
Missing character: There is no T in font nullfont!
Missing character: There is no h in font nullfont!
Missing character: There is no e in font nullfont!
Missing character: There is no n in font nullfont!
Missing character: There is no w in font nullfont!
Missing character: There is no i in font nullfont!
Missing character: There is no l in font nullfont!
Missing character: There is no l in font nullfont!
Missing character: There is no b in font nullfont!
Missing character: There is no e in font nullfont!
Missing character: There is no a in font nullfont!
Missing character: There is no s in font nullfont!
Missing character: There is no e in font nullfont!
Missing character: There is no q in font nullfont!
Missing character: There is no u in font nullfont!
Missing character: There is no e in font nullfont!
Missing character: There is no n in font nullfont!
Missing character: There is no c in font nullfont!
Missing character: There is no e in font nullfont!
Missing character: There is no o in font nullfont!
Missing character: There is no f in font nullfont!
Missing character: There is no p in font nullfont!
Missing character: There is no a in font nullfont!
Missing character: There is no i in font nullfont!
Missing character: There is no r in font nullfont!
Missing character: There is no w in font nullfont!
Missing character: There is no i in font nullfont!
Missing character: There is no s in font nullfont!
Missing character: There is no e in font nullfont!
Missing character: There is no d in font nullfont!
Missing character: There is no i in font nullfont!
Missing character: There is no s in font nullfont!
Missing character: There is no j in font nullfont!
Missing character: There is no o in font nullfont!
Missing character: There is no i in font nullfont!
Missing character: There is no n in font nullfont!
Missing character: There is no t in font nullfont!
Missing character: There is no s in font nullfont!
Missing character: There is no u in font nullfont!
Missing character: There is no b in font nullfont!
Missing character: There is no s in font nullfont!
Missing character: There is no e in font nullfont!
Missing character: There is no t in font nullfont!
Missing character: There is no s in font nullfont!
Missing character: There is no o in font nullfont!
Missing character: There is no f in font nullfont!
Missing character: There is no w in font nullfont!
Missing character: There is no i in font nullfont!
Missing character: There is no t in font nullfont!
Missing character: There is no h in font nullfont!
Missing character: There is no t in font nullfont!
Missing character: There is no h in font nullfont!
Missing character: There is no e in font nullfont!
Missing character: There is no p in font nullfont!
Missing character: There is no r in font nullfont!
Missing character: There is no o in font nullfont!
Missing character: There is no p in font nullfont!
Missing character: There is no e in font nullfont!
Missing character: There is no r in font nullfont!
Missing character: There is no t in font nullfont!
Missing character: There is no y in font nullfont!
Missing character: There is no t in font nullfont!
Missing character: There is no h in font nullfont!
Missing character: There is no a in font nullfont!
Missing character: There is no t in font nullfont!
Missing character: There is no . in font nullfont!
Missing character: There is no W in font nullfont!
Missing character: There is no i in font nullfont!
Missing character: There is no t in font nullfont!
Missing character: There is no h in font nullfont!
Missing character: There is no t in font nullfont!
Missing character: There is no h in font nullfont!
Missing character: There is no i in font nullfont!
Missing character: There is no s in font nullfont!
Missing character: There is no : in font nullfont!

/Users/gcrescenzo/Documents/School/LaTeX Documents/latex-class-notes/Fall 2025/550 Measure Theory/Notes/measures.tex:365: LaTeX Error: Environment equation* undefined.

See the LaTeX manual or LaTeX Companion for explanation.
Type  H <return>  for immediate help.
 ...                                              
                                                  
l.365                 \begin{equation*}
                                       
Your command was ignored.
Type  I <command> <return>  to replace it with another command,
or  <return>  to continue without it.


/Users/gcrescenzo/Documents/School/LaTeX Documents/latex-class-notes/Fall 2025/550 Measure Theory/Notes/measures.tex:366: LaTeX Error: Environment split undefined.

See the LaTeX manual or LaTeX Companion for explanation.
Type  H <return>  for immediate help.
 ...                                              
                                                  
l.366                 \begin{split}
                                   
Your command was ignored.
Type  I <command> <return>  to replace it with another command,
or  <return>  to continue without it.

/Users/gcrescenzo/Documents/School/LaTeX Documents/latex-class-notes/Fall 2025/550 Measure Theory/Notes/measures.tex:367: Missing $ inserted.
<inserted text> 
                $
l.367                     \mu
                             \left(\bigcup_{i = 1}^\infty E_i\right)
I've inserted a begin-math/end-math symbol since I think
you left one out. Proceed, with fingers crossed.

/Users/gcrescenzo/Documents/School/LaTeX Documents/latex-class-notes/Fall 2025/550 Measure Theory/Notes/measures.tex:368: Misplaced alignment tab character &.
l.368                     &
                            = \mu \left( \bigcup_{i = 1}^\infty E_i \setminu...
I can't figure out why you would want to use a tab mark
here. If you just want an ampersand, the remedy is
simple: Just type `I\&' now. But if some right brace
up above has ended a previous alignment prematurely,
you're probably due for more error messages, and you
might try typing `S' now just to see what is salvageable.

/Users/gcrescenzo/Documents/School/LaTeX Documents/latex-class-notes/Fall 2025/550 Measure Theory/Notes/measures.tex:369: Misplaced alignment tab character &.
<recently read> &
                 
l.369                     &
                            = \sum_{i = 1}^\infty \mu(E_i \setminus E_{i-1}).
I can't figure out why you would want to use a tab mark
here. If you just want an ampersand, the remedy is
simple: Just type `I\&' now. But if some right brace
up above has ended a previous alignment prematurely,
you're probably due for more error messages, and you
might try typing `S' now just to see what is salvageable.


/Users/gcrescenzo/Documents/School/LaTeX Documents/latex-class-notes/Fall 2025/550 Measure Theory/Notes/measures.tex:370: LaTeX Error: \begin{document} ended by \end{split}.

See the LaTeX manual or LaTeX Companion for explanation.
Type  H <return>  for immediate help.
 ...                                              
                                                  
l.370                 \end{split}
                                 
Your command was ignored.
Type  I <command> <return>  to replace it with another command,
or  <return>  to continue without it.

/Users/gcrescenzo/Documents/School/LaTeX Documents/latex-class-notes/Fall 2025/550 Measure Theory/Notes/measures.tex:370: Missing $ inserted.
<inserted text> 
                $
l.370                 \end{split}
                                 
I've inserted something that you may have forgotten.
(See the <inserted text> above.)
With luck, this will get me unwedged. But if you
really didn't forget anything, try typing `2' now; then
my insertion and my current dilemma will both disappear.


/Users/gcrescenzo/Documents/School/LaTeX Documents/latex-class-notes/Fall 2025/550 Measure Theory/Notes/measures.tex:371: LaTeX Error: \begin{document} ended by \end{equation*}.

See the LaTeX manual or LaTeX Companion for explanation.
Type  H <return>  for immediate help.
 ...                                              
                                                  
l.371                 \end{equation*}
                                     
Your command was ignored.
Type  I <command> <return>  to replace it with another command,
or  <return>  to continue without it.

Missing character: There is no N in font nullfont!
Missing character: There is no o in font nullfont!
Missing character: There is no t in font nullfont!
Missing character: There is no e in font nullfont!
Missing character: There is no t in font nullfont!
Missing character: There is no h in font nullfont!
Missing character: There is no a in font nullfont!
Missing character: There is no t in font nullfont!
Missing character: There is no . in font nullfont!
Missing character: There is no T in font nullfont!
Missing character: There is no h in font nullfont!
Missing character: There is no i in font nullfont!
Missing character: There is no s in font nullfont!
Missing character: There is no m in font nullfont!
Missing character: There is no e in font nullfont!
Missing character: There is no a in font nullfont!
Missing character: There is no n in font nullfont!
Missing character: There is no s in font nullfont!
Missing character: There is no , in font nullfont!
Missing character: There is no w in font nullfont!
Missing character: There is no h in font nullfont!
Missing character: There is no i in font nullfont!
Missing character: There is no c in font nullfont!
Missing character: There is no h in font nullfont!
Missing character: There is no i in font nullfont!
Missing character: There is no s in font nullfont!
Missing character: There is no e in font nullfont!
Missing character: There is no q in font nullfont!
Missing character: There is no u in font nullfont!
Missing character: There is no i in font nullfont!
Missing character: There is no v in font nullfont!
Missing character: There is no a in font nullfont!
Missing character: There is no l in font nullfont!
Missing character: There is no e in font nullfont!
Missing character: There is no n in font nullfont!
Missing character: There is no t in font nullfont!
Missing character: There is no t in font nullfont!
Missing character: There is no o in font nullfont!
Missing character: There is no . in font nullfont!
Missing character: There is no H in font nullfont!
Missing character: There is no e in font nullfont!
Missing character: There is no n in font nullfont!
Missing character: There is no c in font nullfont!
Missing character: There is no e in font nullfont!
Missing character: There is no : in font nullfont!

/Users/gcrescenzo/Documents/School/LaTeX Documents/latex-class-notes/Fall 2025/550 Measure Theory/Notes/measures.tex:373: LaTeX Error: Environment equation* undefined.

See the LaTeX manual or LaTeX Companion for explanation.
Type  H <return>  for immediate help.
 ...                                              
                                                  
l.373                 \begin{equation*}
                                       
Your command was ignored.
Type  I <command> <return>  to replace it with another command,
or  <return>  to continue without it.


/Users/gcrescenzo/Documents/School/LaTeX Documents/latex-class-notes/Fall 2025/550 Measure Theory/Notes/measures.tex:374: LaTeX Error: Environment split undefined.

See the LaTeX manual or LaTeX Companion for explanation.
Type  H <return>  for immediate help.
 ...                                              
                                                  
l.374                 \begin{split}
                                   
Your command was ignored.
Type  I <command> <return>  to replace it with another command,
or  <return>  to continue without it.

/Users/gcrescenzo/Documents/School/LaTeX Documents/latex-class-notes/Fall 2025/550 Measure Theory/Notes/measures.tex:375: Missing $ inserted.
<inserted text> 
                $
l.375                     \mu
                             \left(\bigcup_{i = 1}^\infty E_i\right)
I've inserted a begin-math/end-math symbol since I think
you left one out. Proceed, with fingers crossed.

/Users/gcrescenzo/Documents/School/LaTeX Documents/latex-class-notes/Fall 2025/550 Measure Theory/Notes/measures.tex:376: Misplaced alignment tab character &.
l.376                     &
                            =\sum_{i = 1}^\infty \mu(E_i \setminus E_{i-1}) \\
I can't figure out why you would want to use a tab mark
here. If you just want an ampersand, the remedy is
simple: Just type `I\&' now. But if some right brace
up above has ended a previous alignment prematurely,
you're probably due for more error messages, and you
might try typing `S' now just to see what is salvageable.

/Users/gcrescenzo/Documents/School/LaTeX Documents/latex-class-notes/Fall 2025/550 Measure Theory/Notes/measures.tex:377: Misplaced alignment tab character &.
<recently read> &
                 
l.377                     &
                            = \lim_{i \rightarrow \infty} \sum_{n = 1}^i \mu...
I can't figure out why you would want to use a tab mark
here. If you just want an ampersand, the remedy is
simple: Just type `I\&' now. But if some right brace
up above has ended a previous alignment prematurely,
you're probably due for more error messages, and you
might try typing `S' now just to see what is salvageable.

/Users/gcrescenzo/Documents/School/LaTeX Documents/latex-class-notes/Fall 2025/550 Measure Theory/Notes/measures.tex:378: Misplaced alignment tab character &.
<recently read> &
                 
l.378                     &
                            = \lim_{i \rightarrow \infty} \sum_{n = 1}^i \mu...
I can't figure out why you would want to use a tab mark
here. If you just want an ampersand, the remedy is
simple: Just type `I\&' now. But if some right brace
up above has ended a previous alignment prematurely,
you're probably due for more error messages, and you
might try typing `S' now just to see what is salvageable.

/Users/gcrescenzo/Documents/School/LaTeX Documents/latex-class-notes/Fall 2025/550 Measure Theory/Notes/measures.tex:379: Misplaced alignment tab character &.
<recently read> &
                 
l.379                     &
                            = \lim_{i \rightarrow \infty} \mu(E_i).
I can't figure out why you would want to use a tab mark
here. If you just want an ampersand, the remedy is
simple: Just type `I\&' now. But if some right brace
up above has ended a previous alignment prematurely,
you're probably due for more error messages, and you
might try typing `S' now just to see what is salvageable.


/Users/gcrescenzo/Documents/School/LaTeX Documents/latex-class-notes/Fall 2025/550 Measure Theory/Notes/measures.tex:380: LaTeX Error: \begin{document} ended by \end{split}.

See the LaTeX manual or LaTeX Companion for explanation.
Type  H <return>  for immediate help.
 ...                                              
                                                  
l.380                 \end{split}
                                 
Your command was ignored.
Type  I <command> <return>  to replace it with another command,
or  <return>  to continue without it.

/Users/gcrescenzo/Documents/School/LaTeX Documents/latex-class-notes/Fall 2025/550 Measure Theory/Notes/measures.tex:380: Missing $ inserted.
<inserted text> 
                $
l.380                 \end{split}
                                 
I've inserted something that you may have forgotten.
(See the <inserted text> above.)
With luck, this will get me unwedged. But if you
really didn't forget anything, try typing `2' now; then
my insertion and my current dilemma will both disappear.


/Users/gcrescenzo/Documents/School/LaTeX Documents/latex-class-notes/Fall 2025/550 Measure Theory/Notes/measures.tex:381: LaTeX Error: \begin{document} ended by \end{equation*}.

See the LaTeX manual or LaTeX Companion for explanation.
Type  H <return>  for immediate help.
 ...                                              
                                                  
l.381                 \end{equation*}
                                     
Your command was ignored.
Type  I <command> <return>  to replace it with another command,
or  <return>  to continue without it.


Overfull \hbox (20.0pt too wide) in paragraph at lines 364--382
[]
 []


Overfull \hbox (22.42358pt too wide) in paragraph at lines 364--382
\OML/cmm/m/it/10 E[] \OT1/cmr/m/n/10 =
 []


Overfull \hbox (5.00002pt too wide) in paragraph at lines 364--382
\OMS/cmsy/m/n/10 ;$
 []


Overfull \hbox (20.71126pt too wide) in paragraph at lines 364--382
\OMS/cmsy/m/n/10 f\OML/cmm/m/it/10 E[] \OMS/cmsy/m/n/10 n
 []


Overfull \hbox (39.40172pt too wide) in paragraph at lines 364--382
\OML/cmm/m/it/10 E[]\OMS/cmsy/m/n/10 g[]$
 []


Overfull \hbox (9.06943pt too wide) in paragraph at lines 364--382
\OML/cmm/m/it/10 X$
 []


Overfull \hbox (44.72105pt too wide) in paragraph at lines 364--382
[][] \OML/cmm/m/it/10 E[] \OT1/cmr/m/n/10 =
 []


Overfull \hbox (39.16556pt too wide) in paragraph at lines 364--382
[][] \OML/cmm/m/it/10 E[] \OMS/cmsy/m/n/10 n
 []


Overfull \hbox (20.94737pt too wide) in paragraph at lines 364--382
\OML/cmm/m/it/10 E[]$
 []


Overfull \hbox (60.19096pt too wide) in paragraph at lines 364--382
\OML/cmm/m/it/10 ^^V [] \OT1/cmr/m/n/10 =
 []


Overfull \hbox (81.6938pt too wide) in paragraph at lines 364--382
\OML/cmm/m/it/10 ^^V [] [] 
 []


Overfull \hbox (7.7778pt too wide) in paragraph at lines 364--382
\OT1/cmr/m/n/10 =
 []


Overfull \hbox (51.30217pt too wide) in paragraph at lines 364--382
[][] \OML/cmm/m/it/10 ^^V\OT1/cmr/m/n/10 (\OML/cmm/m/it/10 E[] \OMS/cmsy/m/n/10 n
 []


Overfull \hbox (27.61406pt too wide) in paragraph at lines 364--382
\OML/cmm/m/it/10 E[]\OT1/cmr/m/n/10 )\OML/cmm/m/it/10 :$
 []


Overfull \hbox (21.26674pt too wide) in paragraph at lines 364--382
\OML/cmm/m/it/10 E[] \OT1/cmr/m/n/10 =
 []


Overfull \hbox (27.61406pt too wide) in paragraph at lines 364--382
\OML/cmm/m/it/10 E[] \OMS/cmsy/m/n/10 t
 []


Overfull \hbox (19.60014pt too wide) in paragraph at lines 364--382
\OT1/cmr/m/n/10 (\OML/cmm/m/it/10 E[] \OMS/cmsy/m/n/10 n
 []


Overfull \hbox (24.83627pt too wide) in paragraph at lines 364--382
\OML/cmm/m/it/10 E[]\OT1/cmr/m/n/10 )$
 []


Overfull \hbox (35.07002pt too wide) in paragraph at lines 364--382
\OML/cmm/m/it/10 ^^V\OT1/cmr/m/n/10 (\OML/cmm/m/it/10 E[]\OT1/cmr/m/n/10 ) =
 []


Overfull \hbox (42.52846pt too wide) in paragraph at lines 364--382
\OML/cmm/m/it/10 ^^V\OT1/cmr/m/n/10 (\OML/cmm/m/it/10 E[]\OT1/cmr/m/n/10 ) +
 []


Overfull \hbox (25.62563pt too wide) in paragraph at lines 364--382
\OML/cmm/m/it/10 ^^V\OT1/cmr/m/n/10 (\OML/cmm/m/it/10 E[] \OMS/cmsy/m/n/10 n
 []


Overfull \hbox (24.83627pt too wide) in paragraph at lines 364--382
\OML/cmm/m/it/10 E[]\OT1/cmr/m/n/10 )$
 []


Overfull \hbox (25.62563pt too wide) in paragraph at lines 364--382
\OML/cmm/m/it/10 ^^V\OT1/cmr/m/n/10 (\OML/cmm/m/it/10 E[] \OMS/cmsy/m/n/10 n
 []


Overfull \hbox (35.39178pt too wide) in paragraph at lines 364--382
\OML/cmm/m/it/10 E[]\OT1/cmr/m/n/10 ) =
 []


Overfull \hbox (32.29231pt too wide) in paragraph at lines 364--382
\OML/cmm/m/it/10 ^^V\OT1/cmr/m/n/10 (\OML/cmm/m/it/10 E[]\OT1/cmr/m/n/10 ) \OMS/cmsy/m/n/10 ^^@
 []


Overfull \hbox (34.75066pt too wide) in paragraph at lines 364--382
\OML/cmm/m/it/10 ^^V\OT1/cmr/m/n/10 (\OML/cmm/m/it/10 E[]\OT1/cmr/m/n/10 )$
 []


Overfull \hbox (60.19096pt too wide) in paragraph at lines 364--382
\OML/cmm/m/it/10 ^^V [] \OT1/cmr/m/n/10 =
 []


Overfull \hbox (51.30217pt too wide) in paragraph at lines 364--382
[][] \OML/cmm/m/it/10 ^^V\OT1/cmr/m/n/10 (\OML/cmm/m/it/10 E[] \OMS/cmsy/m/n/10 n
 []


Overfull \hbox (24.83627pt too wide) in paragraph at lines 364--382
\OML/cmm/m/it/10 E[]\OT1/cmr/m/n/10 )[] 
 []


Overfull \hbox (7.7778pt too wide) in paragraph at lines 364--382
\OT1/cmr/m/n/10 =
 []


Overfull \hbox (88.24554pt too wide) in paragraph at lines 364--382
[][] [][] \OML/cmm/m/it/10 ^^V\OT1/cmr/m/n/10 (\OML/cmm/m/it/10 E[] \OMS/cmsy/m/n/10 n
 []


Overfull \hbox (24.83627pt too wide) in paragraph at lines 364--382
\OML/cmm/m/it/10 E[]\OT1/cmr/m/n/10 )[] 
 []


Overfull \hbox (7.7778pt too wide) in paragraph at lines 364--382
\OT1/cmr/m/n/10 =
 []


Overfull \hbox (94.91223pt too wide) in paragraph at lines 364--382
[][] [][] \OML/cmm/m/it/10 ^^V\OT1/cmr/m/n/10 (\OML/cmm/m/it/10 E[]\OT1/cmr/m/n/10 ) \OMS/cmsy/m/n/10 ^^@
 []


Overfull \hbox (34.75066pt too wide) in paragraph at lines 364--382
\OML/cmm/m/it/10 ^^V\OT1/cmr/m/n/10 (\OML/cmm/m/it/10 E[]\OT1/cmr/m/n/10 )[] 
 []


Overfull \hbox (7.7778pt too wide) in paragraph at lines 364--382
\OT1/cmr/m/n/10 =
 []


Overfull \hbox (62.12163pt too wide) in paragraph at lines 364--382
[][] \OML/cmm/m/it/10 ^^V\OT1/cmr/m/n/10 (\OML/cmm/m/it/10 E[]\OT1/cmr/m/n/10 )\OML/cmm/m/it/10 :$
 []

Missing character: There is no ( in font nullfont!
Missing character: There is no 4 in font nullfont!
Missing character: There is no ) in font nullfont!
Missing character: There is no D in font nullfont!
Missing character: There is no e in font nullfont!
Missing character: There is no f in font nullfont!
Missing character: There is no i in font nullfont!
Missing character: There is no n in font nullfont!
Missing character: There is no e in font nullfont!
Missing character: There is no . in font nullfont!
Missing character: There is no T in font nullfont!
Missing character: There is no h in font nullfont!
Missing character: There is no e in font nullfont!
Missing character: There is no n in font nullfont!
Missing character: There is no w in font nullfont!
Missing character: There is no i in font nullfont!
Missing character: There is no l in font nullfont!
Missing character: There is no l in font nullfont!
Missing character: There is no b in font nullfont!
Missing character: There is no e in font nullfont!
Missing character: There is no a in font nullfont!
Missing character: There is no s in font nullfont!
Missing character: There is no e in font nullfont!
Missing character: There is no q in font nullfont!
Missing character: There is no u in font nullfont!
Missing character: There is no e in font nullfont!
Missing character: There is no n in font nullfont!
Missing character: There is no c in font nullfont!
Missing character: There is no e in font nullfont!
Missing character: There is no o in font nullfont!
Missing character: There is no f in font nullfont!
Missing character: There is no i in font nullfont!
Missing character: There is no n in font nullfont!
Missing character: There is no c in font nullfont!
Missing character: There is no r in font nullfont!
Missing character: There is no e in font nullfont!
Missing character: There is no a in font nullfont!
Missing character: There is no s in font nullfont!
Missing character: There is no i in font nullfont!
Missing character: There is no n in font nullfont!
Missing character: There is no g in font nullfont!
Missing character: There is no u in font nullfont!
Missing character: There is no n in font nullfont!
Missing character: There is no i in font nullfont!
Missing character: There is no o in font nullfont!
Missing character: There is no n in font nullfont!
Missing character: There is no s in font nullfont!
Missing character: There is no o in font nullfont!
Missing character: There is no f in font nullfont!
Missing character: There is no s in font nullfont!
Missing character: There is no u in font nullfont!
Missing character: There is no b in font nullfont!
Missing character: There is no s in font nullfont!
Missing character: There is no e in font nullfont!
Missing character: There is no t in font nullfont!
Missing character: There is no s in font nullfont!
Missing character: There is no o in font nullfont!
Missing character: There is no f in font nullfont!
Missing character: There is no . in font nullfont!
Missing character: There is no I in font nullfont!
Missing character: There is no n in font nullfont!
Missing character: There is no p in font nullfont!
Missing character: There is no a in font nullfont!
Missing character: There is no r in font nullfont!
Missing character: There is no t in font nullfont!
Missing character: There is no i in font nullfont!
Missing character: There is no c in font nullfont!
Missing character: There is no u in font nullfont!
Missing character: There is no l in font nullfont!
Missing character: There is no a in font nullfont!
Missing character: There is no r in font nullfont!
Missing character: There is no , in font nullfont!
Missing character: There is no w in font nullfont!
Missing character: There is no e in font nullfont!
Missing character: There is no h in font nullfont!
Missing character: There is no a in font nullfont!
Missing character: There is no v in font nullfont!
Missing character: There is no e in font nullfont!
Missing character: There is no t in font nullfont!
Missing character: There is no h in font nullfont!
Missing character: There is no a in font nullfont!
Missing character: There is no t in font nullfont!
Missing character: There is no . in font nullfont!
Missing character: There is no T in font nullfont!
Missing character: There is no h in font nullfont!
Missing character: There is no i in font nullfont!
Missing character: There is no s in font nullfont!
Missing character: There is no m in font nullfont!
Missing character: There is no e in font nullfont!
Missing character: There is no a in font nullfont!
Missing character: There is no n in font nullfont!
Missing character: There is no s in font nullfont!
Missing character: There is no : in font nullfont!

/Users/gcrescenzo/Documents/School/LaTeX Documents/latex-class-notes/Fall 2025/550 Measure Theory/Notes/measures.tex:384: LaTeX Error: Environment equation* undefined.

See the LaTeX manual or LaTeX Companion for explanation.
Type  H <return>  for immediate help.
 ...                                              
                                                  
l.384                 \begin{equation*}
                                       
Your command was ignored.
Type  I <command> <return>  to replace it with another command,
or  <return>  to continue without it.


/Users/gcrescenzo/Documents/School/LaTeX Documents/latex-class-notes/Fall 2025/550 Measure Theory/Notes/measures.tex:385: LaTeX Error: Environment split undefined.

See the LaTeX manual or LaTeX Companion for explanation.
Type  H <return>  for immediate help.
 ...                                              
                                                  
l.385                 \begin{split}
                                   
Your command was ignored.
Type  I <command> <return>  to replace it with another command,
or  <return>  to continue without it.

Missing character: There is no E in font nullfont!
/Users/gcrescenzo/Documents/School/LaTeX Documents/latex-class-notes/Fall 2025/550 Measure Theory/Notes/measures.tex:386: Missing $ inserted.
<inserted text> 
                $
l.386                     E_
                            1
I've inserted a begin-math/end-math symbol since I think
you left one out. Proceed, with fingers crossed.

/Users/gcrescenzo/Documents/School/LaTeX Documents/latex-class-notes/Fall 2025/550 Measure Theory/Notes/measures.tex:387: Misplaced alignment tab character &.
l.387                     &
                            = \left( E_1 \setminus \bigcap_{i = 1}^\infty E_...
I can't figure out why you would want to use a tab mark
here. If you just want an ampersand, the remedy is
simple: Just type `I\&' now. But if some right brace
up above has ended a previous alignment prematurely,
you're probably due for more error messages, and you
might try typing `S' now just to see what is salvageable.

/Users/gcrescenzo/Documents/School/LaTeX Documents/latex-class-notes/Fall 2025/550 Measure Theory/Notes/measures.tex:388: Misplaced alignment tab character &.
<recently read> &
                 
l.388                     &
                            = \left( \bigcup_{i = 1}^\infty F_i \right) \sqc...
I can't figure out why you would want to use a tab mark
here. If you just want an ampersand, the remedy is
simple: Just type `I\&' now. But if some right brace
up above has ended a previous alignment prematurely,
you're probably due for more error messages, and you
might try typing `S' now just to see what is salvageable.


/Users/gcrescenzo/Documents/School/LaTeX Documents/latex-class-notes/Fall 2025/550 Measure Theory/Notes/measures.tex:389: LaTeX Error: \begin{document} ended by \end{split}.

See the LaTeX manual or LaTeX Companion for explanation.
Type  H <return>  for immediate help.
 ...                                              
                                                  
l.389                 \end{split}
                                 
Your command was ignored.
Type  I <command> <return>  to replace it with another command,
or  <return>  to continue without it.

/Users/gcrescenzo/Documents/School/LaTeX Documents/latex-class-notes/Fall 2025/550 Measure Theory/Notes/measures.tex:389: Missing $ inserted.
<inserted text> 
                $
l.389                 \end{split}
                                 
I've inserted something that you may have forgotten.
(See the <inserted text> above.)
With luck, this will get me unwedged. But if you
really didn't forget anything, try typing `2' now; then
my insertion and my current dilemma will both disappear.


/Users/gcrescenzo/Documents/School/LaTeX Documents/latex-class-notes/Fall 2025/550 Measure Theory/Notes/measures.tex:390: LaTeX Error: \begin{document} ended by \end{equation*}.

See the LaTeX manual or LaTeX Companion for explanation.
Type  H <return>  for immediate help.
 ...                                              
                                                  
l.390                 \end{equation*}
                                     
Your command was ignored.
Type  I <command> <return>  to replace it with another command,
or  <return>  to continue without it.

Missing character: There is no H in font nullfont!
Missing character: There is no e in font nullfont!
Missing character: There is no n in font nullfont!
Missing character: There is no c in font nullfont!
Missing character: There is no e in font nullfont!
Missing character: There is no b in font nullfont!
Missing character: There is no y in font nullfont!
Missing character: There is no ( in font nullfont!
Missing character: There is no 3 in font nullfont!
Missing character: There is no ) in font nullfont!
Missing character: There is no : in font nullfont!

/Users/gcrescenzo/Documents/School/LaTeX Documents/latex-class-notes/Fall 2025/550 Measure Theory/Notes/measures.tex:392: LaTeX Error: Environment equation* undefined.

See the LaTeX manual or LaTeX Companion for explanation.
Type  H <return>  for immediate help.
 ...                                              
                                                  
l.392                 \begin{equation*}
                                       
Your command was ignored.
Type  I <command> <return>  to replace it with another command,
or  <return>  to continue without it.


/Users/gcrescenzo/Documents/School/LaTeX Documents/latex-class-notes/Fall 2025/550 Measure Theory/Notes/measures.tex:393: LaTeX Error: Environment split undefined.

See the LaTeX manual or LaTeX Companion for explanation.
Type  H <return>  for immediate help.
 ...                                              
                                                  
l.393                 \begin{split}
                                   
Your command was ignored.
Type  I <command> <return>  to replace it with another command,
or  <return>  to continue without it.

/Users/gcrescenzo/Documents/School/LaTeX Documents/latex-class-notes/Fall 2025/550 Measure Theory/Notes/measures.tex:394: Missing $ inserted.
<inserted text> 
                $
l.394                     \mu
                              \left( \bigcap_{i = 1}^\infty E_i \right)
I've inserted a begin-math/end-math symbol since I think
you left one out. Proceed, with fingers crossed.

/Users/gcrescenzo/Documents/School/LaTeX Documents/latex-class-notes/Fall 2025/550 Measure Theory/Notes/measures.tex:395: Misplaced alignment tab character &.
l.395                     &
                            = \mu(E_1) - \mu \left( \bigcup_{i = 1}^\infty F...
I can't figure out why you would want to use a tab mark
here. If you just want an ampersand, the remedy is
simple: Just type `I\&' now. But if some right brace
up above has ended a previous alignment prematurely,
you're probably due for more error messages, and you
might try typing `S' now just to see what is salvageable.

/Users/gcrescenzo/Documents/School/LaTeX Documents/latex-class-notes/Fall 2025/550 Measure Theory/Notes/measures.tex:396: Misplaced alignment tab character &.
<recently read> &
                 
l.396                     &
                            = \mu(E_1) - \lim_{i \rightarrow \infty} \mu(F_i).
I can't figure out why you would want to use a tab mark
here. If you just want an ampersand, the remedy is
simple: Just type `I\&' now. But if some right brace
up above has ended a previous alignment prematurely,
you're probably due for more error messages, and you
might try typing `S' now just to see what is salvageable.


/Users/gcrescenzo/Documents/School/LaTeX Documents/latex-class-notes/Fall 2025/550 Measure Theory/Notes/measures.tex:397: LaTeX Error: \begin{document} ended by \end{split}.

See the LaTeX manual or LaTeX Companion for explanation.
Type  H <return>  for immediate help.
 ...                                              
                                                  
l.397                 \end{split}
                                 
Your command was ignored.
Type  I <command> <return>  to replace it with another command,
or  <return>  to continue without it.

/Users/gcrescenzo/Documents/School/LaTeX Documents/latex-class-notes/Fall 2025/550 Measure Theory/Notes/measures.tex:397: Missing $ inserted.
<inserted text> 
                $
l.397                 \end{split}
                                 
I've inserted something that you may have forgotten.
(See the <inserted text> above.)
With luck, this will get me unwedged. But if you
really didn't forget anything, try typing `2' now; then
my insertion and my current dilemma will both disappear.


/Users/gcrescenzo/Documents/School/LaTeX Documents/latex-class-notes/Fall 2025/550 Measure Theory/Notes/measures.tex:398: LaTeX Error: \begin{document} ended by \end{equation*}.

See the LaTeX manual or LaTeX Companion for explanation.
Type  H <return>  for immediate help.
 ...                                              
                                                  
l.398                 \end{equation*}
                                     
Your command was ignored.
Type  I <command> <return>  to replace it with another command,
or  <return>  to continue without it.

Missing character: There is no B in font nullfont!
Missing character: There is no u in font nullfont!
Missing character: There is no t in font nullfont!
Missing character: There is no , in font nullfont!
Missing character: There is no s in font nullfont!
Missing character: There is no o in font nullfont!
Missing character: There is no . in font nullfont!
Missing character: There is no T in font nullfont!
Missing character: There is no h in font nullfont!
Missing character: There is no i in font nullfont!
Missing character: There is no s in font nullfont!
Missing character: There is no g in font nullfont!
Missing character: There is no i in font nullfont!
Missing character: There is no v in font nullfont!
Missing character: There is no e in font nullfont!
Missing character: There is no s in font nullfont!
Missing character: There is no , in font nullfont!
Missing character: There is no h in font nullfont!
Missing character: There is no e in font nullfont!
Missing character: There is no n in font nullfont!
Missing character: There is no c in font nullfont!
Missing character: There is no e in font nullfont!
Missing character: There is no : in font nullfont!

/Users/gcrescenzo/Documents/School/LaTeX Documents/latex-class-notes/Fall 2025/550 Measure Theory/Notes/measures.tex:400: LaTeX Error: Environment equation* undefined.

See the LaTeX manual or LaTeX Companion for explanation.
Type  H <return>  for immediate help.
 ...                                              
                                                  
l.400                 \begin{equation*}
                                       
Your command was ignored.
Type  I <command> <return>  to replace it with another command,
or  <return>  to continue without it.


/Users/gcrescenzo/Documents/School/LaTeX Documents/latex-class-notes/Fall 2025/550 Measure Theory/Notes/measures.tex:401: LaTeX Error: Environment split undefined.

See the LaTeX manual or LaTeX Companion for explanation.
Type  H <return>  for immediate help.
 ...                                              
                                                  
l.401                 \begin{split}
                                   
Your command was ignored.
Type  I <command> <return>  to replace it with another command,
or  <return>  to continue without it.

/Users/gcrescenzo/Documents/School/LaTeX Documents/latex-class-notes/Fall 2025/550 Measure Theory/Notes/measures.tex:402: Missing $ inserted.
<inserted text> 
                $
l.402                     \mu
                              \left( \bigcap_{i = 1}^\infty E_i \right)
I've inserted a begin-math/end-math symbol since I think
you left one out. Proceed, with fingers crossed.

/Users/gcrescenzo/Documents/School/LaTeX Documents/latex-class-notes/Fall 2025/550 Measure Theory/Notes/measures.tex:403: Misplaced alignment tab character &.
l.403                     &
                            =\mu(E_1) - \lim_{i \rightarrow \infty} \mu(F_i) \\
I can't figure out why you would want to use a tab mark
here. If you just want an ampersand, the remedy is
simple: Just type `I\&' now. But if some right brace
up above has ended a previous alignment prematurely,
you're probably due for more error messages, and you
might try typing `S' now just to see what is salvageable.

/Users/gcrescenzo/Documents/School/LaTeX Documents/latex-class-notes/Fall 2025/550 Measure Theory/Notes/measures.tex:404: Misplaced alignment tab character &.
<recently read> &
                 
l.404                     &
                            = \mu(E_1) - \lim_{i \rightarrow \infty} \left( ...
I can't figure out why you would want to use a tab mark
here. If you just want an ampersand, the remedy is
simple: Just type `I\&' now. But if some right brace
up above has ended a previous alignment prematurely,
you're probably due for more error messages, and you
might try typing `S' now just to see what is salvageable.

/Users/gcrescenzo/Documents/School/LaTeX Documents/latex-class-notes/Fall 2025/550 Measure Theory/Notes/measures.tex:405: Misplaced alignment tab character &.
<recently read> &
                 
l.405                     &
                            = \lim_{i \rightarrow \infty} \mu(E_i). \qedhere
I can't figure out why you would want to use a tab mark
here. If you just want an ampersand, the remedy is
simple: Just type `I\&' now. But if some right brace
up above has ended a previous alignment prematurely,
you're probably due for more error messages, and you
might try typing `S' now just to see what is salvageable.

/Users/gcrescenzo/Documents/School/LaTeX Documents/latex-class-notes/Fall 2025/550 Measure Theory/Notes/measures.tex:405: Undefined control sequence.
l.405 ...{i \rightarrow \infty} \mu(E_i). \qedhere
                                                  
The control sequence at the end of the top line
of your error message was never \def'ed. If you have
misspelled it (e.g., `\hobx'), type `I' and the correct
spelling (e.g., `I\hbox'). Otherwise just continue,
and I'll forget about whatever was undefined.


/Users/gcrescenzo/Documents/School/LaTeX Documents/latex-class-notes/Fall 2025/550 Measure Theory/Notes/measures.tex:406: LaTeX Error: \begin{document} ended by \end{split}.

See the LaTeX manual or LaTeX Companion for explanation.
Type  H <return>  for immediate help.
 ...                                              
                                                  
l.406                 \end{split}
                                 
Your command was ignored.
Type  I <command> <return>  to replace it with another command,
or  <return>  to continue without it.

/Users/gcrescenzo/Documents/School/LaTeX Documents/latex-class-notes/Fall 2025/550 Measure Theory/Notes/measures.tex:406: Missing $ inserted.
<inserted text> 
                $
l.406                 \end{split}
                                 
I've inserted something that you may have forgotten.
(See the <inserted text> above.)
With luck, this will get me unwedged. But if you
really didn't forget anything, try typing `2' now; then
my insertion and my current dilemma will both disappear.


/Users/gcrescenzo/Documents/School/LaTeX Documents/latex-class-notes/Fall 2025/550 Measure Theory/Notes/measures.tex:407: LaTeX Error: \begin{document} ended by \end{equation*}.

See the LaTeX manual or LaTeX Companion for explanation.
Type  H <return>  for immediate help.
 ...                                              
                                                  
l.407                 \end{equation*}
                                     
Your command was ignored.
Type  I <command> <return>  to replace it with another command,
or  <return>  to continue without it.


/Users/gcrescenzo/Documents/School/LaTeX Documents/latex-class-notes/Fall 2025/550 Measure Theory/Notes/measures.tex:408: LaTeX Error: \begin{document} ended by \end{proof}.

See the LaTeX manual or LaTeX Companion for explanation.
Type  H <return>  for immediate help.
 ...                                              
                                                  
l.408         \end{proof}
                         
Your command was ignored.
Type  I <command> <return>  to replace it with another command,
or  <return>  to continue without it.


Overfull \hbox (20.0pt too wide) in paragraph at lines 383--409
[]
 []


Overfull \hbox (20.31535pt too wide) in paragraph at lines 383--409
\OML/cmm/m/it/10 F[] \OT1/cmr/m/n/10 =
 []


Overfull \hbox (16.86809pt too wide) in paragraph at lines 383--409
\OML/cmm/m/it/10 E[] \OMS/cmsy/m/n/10 n
 []


Overfull \hbox (10.71123pt too wide) in paragraph at lines 383--409
\OML/cmm/m/it/10 E[]$
 []


Overfull \hbox (33.2142pt too wide) in paragraph at lines 383--409
\OMS/cmsy/m/n/10 f\OML/cmm/m/it/10 F[]\OMS/cmsy/m/n/10 g[]$
 []


Overfull \hbox (9.06943pt too wide) in paragraph at lines 383--409
\OML/cmm/m/it/10 X$
 []


Overfull \hbox (43.76967pt too wide) in paragraph at lines 383--409
[][] \OML/cmm/m/it/10 F[] \OT1/cmr/m/n/10 =
 []


Overfull \hbox (16.86809pt too wide) in paragraph at lines 383--409
\OML/cmm/m/it/10 E[] \OMS/cmsy/m/n/10 n
 []


Overfull \hbox (34.16554pt too wide) in paragraph at lines 383--409
[][] \OML/cmm/m/it/10 E[]$
 []


Overfull \hbox (15.04164pt too wide) in paragraph at lines 383--409
[] \OT1/cmr/m/n/10 =
 []


Overfull \hbox (69.92245pt too wide) in paragraph at lines 383--409
[] \OMS/cmsy/m/n/10 t
 []


Overfull \hbox (43.60997pt too wide) in paragraph at lines 383--409
[] [] 
 []


Overfull \hbox (7.7778pt too wide) in paragraph at lines 383--409
\OT1/cmr/m/n/10 =
 []


Overfull \hbox (47.65865pt too wide) in paragraph at lines 383--409
[] \OMS/cmsy/m/n/10 t
 []


Overfull \hbox (46.38776pt too wide) in paragraph at lines 383--409
[] \OML/cmm/m/it/10 :$
 []


Overfull \hbox (60.19096pt too wide) in paragraph at lines 383--409
\OML/cmm/m/it/10 ^^V [] \OT1/cmr/m/n/10 =
 []


Overfull \hbox (33.44916pt too wide) in paragraph at lines 383--409
\OML/cmm/m/it/10 ^^V\OT1/cmr/m/n/10 (\OML/cmm/m/it/10 E[]\OT1/cmr/m/n/10 ) \OMS/cmsy/m/n/10 ^^@
 []


Overfull \hbox (50.3507pt too wide) in paragraph at lines 383--409
\OML/cmm/m/it/10 ^^V [] [] 
 []


Overfull \hbox (7.7778pt too wide) in paragraph at lines 383--409
\OT1/cmr/m/n/10 =
 []


Overfull \hbox (33.44916pt too wide) in paragraph at lines 383--409
\OML/cmm/m/it/10 ^^V\OT1/cmr/m/n/10 (\OML/cmm/m/it/10 E[]\OT1/cmr/m/n/10 ) \OMS/cmsy/m/n/10 ^^@
 []


Overfull \hbox (61.17024pt too wide) in paragraph at lines 383--409
[][] \OML/cmm/m/it/10 ^^V\OT1/cmr/m/n/10 (\OML/cmm/m/it/10 F[]\OT1/cmr/m/n/10 )\OML/cmm/m/it/10 :$
 []


Overfull \hbox (20.31535pt too wide) in paragraph at lines 383--409
\OML/cmm/m/it/10 F[] \OT1/cmr/m/n/10 =
 []


Overfull \hbox (16.86809pt too wide) in paragraph at lines 383--409
\OML/cmm/m/it/10 E[] \OMS/cmsy/m/n/10 n
 []


Overfull \hbox (10.71123pt too wide) in paragraph at lines 383--409
\OML/cmm/m/it/10 E[]$
 []


Overfull \hbox (22.42358pt too wide) in paragraph at lines 383--409
\OML/cmm/m/it/10 E[] \OT1/cmr/m/n/10 =
 []


Overfull \hbox (16.42653pt too wide) in paragraph at lines 383--409
\OML/cmm/m/it/10 F[] \OMS/cmsy/m/n/10 t
 []


Overfull \hbox (10.71123pt too wide) in paragraph at lines 383--409
\OML/cmm/m/it/10 E[]$
 []


Overfull \hbox (36.22687pt too wide) in paragraph at lines 383--409
\OML/cmm/m/it/10 ^^V\OT1/cmr/m/n/10 (\OML/cmm/m/it/10 E[]\OT1/cmr/m/n/10 ) =
 []


Overfull \hbox (31.34093pt too wide) in paragraph at lines 383--409
\OML/cmm/m/it/10 ^^V\OT1/cmr/m/n/10 (\OML/cmm/m/it/10 F[]\OT1/cmr/m/n/10 ) +
 []


Overfull \hbox (24.51451pt too wide) in paragraph at lines 383--409
\OML/cmm/m/it/10 ^^V\OT1/cmr/m/n/10 (\OML/cmm/m/it/10 E[]\OT1/cmr/m/n/10 )$
 []


Overfull \hbox (60.19096pt too wide) in paragraph at lines 383--409
\OML/cmm/m/it/10 ^^V [] \OT1/cmr/m/n/10 =
 []


Overfull \hbox (33.44916pt too wide) in paragraph at lines 383--409
\OML/cmm/m/it/10 ^^V\OT1/cmr/m/n/10 (\OML/cmm/m/it/10 E[]\OT1/cmr/m/n/10 ) \OMS/cmsy/m/n/10 ^^@
 []


Overfull \hbox (58.39246pt too wide) in paragraph at lines 383--409
[][] \OML/cmm/m/it/10 ^^V\OT1/cmr/m/n/10 (\OML/cmm/m/it/10 F[]\OT1/cmr/m/n/10 )[] 
 []


Overfull \hbox (7.7778pt too wide) in paragraph at lines 383--409
\OT1/cmr/m/n/10 =
 []


Overfull \hbox (33.44916pt too wide) in paragraph at lines 383--409
\OML/cmm/m/it/10 ^^V\OT1/cmr/m/n/10 (\OML/cmm/m/it/10 E[]\OT1/cmr/m/n/10 ) \OMS/cmsy/m/n/10 ^^@
 []


Overfull \hbox (106.68176pt too wide) in paragraph at lines 383--409
[][] [] [] 
 []


Overfull \hbox (7.7778pt too wide) in paragraph at lines 383--409
\OT1/cmr/m/n/10 =
 []


Overfull \hbox (62.12163pt too wide) in paragraph at lines 383--409
[][] \OML/cmm/m/it/10 ^^V\OT1/cmr/m/n/10 (\OML/cmm/m/it/10 E[]\OT1/cmr/m/n/10 )\OML/cmm/m/it/10 :$
 []


/Users/gcrescenzo/Documents/School/LaTeX Documents/latex-class-notes/Fall 2025/550 Measure Theory/Notes/measures.tex:410: LaTeX Error: Environment definition undefined.

See the LaTeX manual or LaTeX Companion for explanation.
Type  H <return>  for immediate help.
 ...                                              
                                                  
l.410     \begin{definition}
                            
Your command was ignored.
Type  I <command> <return>  to replace it with another command,
or  <return>  to continue without it.

Missing character: There is no L in font nullfont!
Missing character: There is no e in font nullfont!
Missing character: There is no t in font nullfont!
/Users/gcrescenzo/Documents/School/LaTeX Documents/latex-class-notes/Fall 2025/550 Measure Theory/Notes/measures.tex:411: Undefined control sequence.
l.411         Let $(X,\cM
                         ,\mu)$ be a measure space.
The control sequence at the end of the top line
of your error message was never \def'ed. If you have
misspelled it (e.g., `\hobx'), type `I' and the correct
spelling (e.g., `I\hbox'). Otherwise just continue,
and I'll forget about whatever was undefined.

Missing character: There is no b in font nullfont!
Missing character: There is no e in font nullfont!
Missing character: There is no a in font nullfont!
Missing character: There is no m in font nullfont!
Missing character: There is no e in font nullfont!
Missing character: There is no a in font nullfont!
Missing character: There is no s in font nullfont!
Missing character: There is no u in font nullfont!
Missing character: There is no r in font nullfont!
Missing character: There is no e in font nullfont!
Missing character: There is no s in font nullfont!
Missing character: There is no p in font nullfont!
Missing character: There is no a in font nullfont!
Missing character: There is no c in font nullfont!
Missing character: There is no e in font nullfont!
Missing character: There is no . in font nullfont!

Overfull \hbox (20.0pt too wide) in paragraph at lines 411--412
[]
 []


Overfull \hbox (31.20598pt too wide) in paragraph at lines 411--412
\OT1/cmr/m/n/10 (\OML/cmm/m/it/10 X; ; ^^V\OT1/cmr/m/n/10 )$
 []

Missing character: There is no [ in font nullfont!
Missing character: There is no l in font nullfont!
Missing character: There is no a in font nullfont!
Missing character: There is no b in font nullfont!
Missing character: There is no e in font nullfont!
Missing character: There is no l in font nullfont!
Missing character: There is no = in font nullfont!
Missing character: There is no ( in font nullfont!
/Users/gcrescenzo/Documents/School/LaTeX Documents/latex-class-notes/Fall 2025/550 Measure Theory/Notes/measures.tex:412: Missing number, treated as zero.
<to be read again> 
                   \c@* 
l.412         \begin{enumerate}[label = (\arabic*
                                                 ),itemsep=1pt,topsep=3pt]
A number should have been here; I inserted `0'.
(If you can't figure out why I needed to see a number,
look up `weird error' in the index to The TeXbook.)

Missing character: There is no 0 in font nullfont!
Missing character: There is no ) in font nullfont!
Missing character: There is no , in font nullfont!
Missing character: There is no i in font nullfont!
Missing character: There is no t in font nullfont!
Missing character: There is no e in font nullfont!
Missing character: There is no m in font nullfont!
Missing character: There is no s in font nullfont!
Missing character: There is no e in font nullfont!
Missing character: There is no p in font nullfont!
Missing character: There is no = in font nullfont!
Missing character: There is no 1 in font nullfont!
Missing character: There is no p in font nullfont!
Missing character: There is no t in font nullfont!
Missing character: There is no , in font nullfont!
Missing character: There is no t in font nullfont!
Missing character: There is no o in font nullfont!
Missing character: There is no p in font nullfont!
Missing character: There is no s in font nullfont!
Missing character: There is no e in font nullfont!
Missing character: There is no p in font nullfont!
Missing character: There is no = in font nullfont!
Missing character: There is no 3 in font nullfont!
Missing character: There is no p in font nullfont!
Missing character: There is no t in font nullfont!
Missing character: There is no ] in font nullfont!

/Users/gcrescenzo/Documents/School/LaTeX Documents/latex-class-notes/Fall 2025/550 Measure Theory/Notes/measures.tex:413: LaTeX Error: Something's wrong--perhaps a missing \item.

See the LaTeX manual or LaTeX Companion for explanation.
Type  H <return>  for immediate help.
 ...                                              
                                                  
l.413             \item I
                         f $E \in \cM$ is a measurable set such that $\mu(E)...
Try typing  <return>  to proceed.
If that doesn't work, type  X <return>  to quit.

Missing character: There is no I in font nullfont!
Missing character: There is no f in font nullfont!
/Users/gcrescenzo/Documents/School/LaTeX Documents/latex-class-notes/Fall 2025/550 Measure Theory/Notes/measures.tex:413: Undefined control sequence.
l.413             \item If $E \in \cM
                                     $ is a measurable set such that $\mu(E)...
The control sequence at the end of the top line
of your error message was never \def'ed. If you have
misspelled it (e.g., `\hobx'), type `I' and the correct
spelling (e.g., `I\hbox'). Otherwise just continue,
and I'll forget about whatever was undefined.

Missing character: There is no i in font nullfont!
Missing character: There is no s in font nullfont!
Missing character: There is no a in font nullfont!
Missing character: There is no m in font nullfont!
Missing character: There is no e in font nullfont!
Missing character: There is no a in font nullfont!
Missing character: There is no s in font nullfont!
Missing character: There is no u in font nullfont!
Missing character: There is no r in font nullfont!
Missing character: There is no a in font nullfont!
Missing character: There is no b in font nullfont!
Missing character: There is no l in font nullfont!
Missing character: There is no e in font nullfont!
Missing character: There is no s in font nullfont!
Missing character: There is no e in font nullfont!
Missing character: There is no t in font nullfont!
Missing character: There is no s in font nullfont!
Missing character: There is no u in font nullfont!
Missing character: There is no c in font nullfont!
Missing character: There is no h in font nullfont!
Missing character: There is no t in font nullfont!
Missing character: There is no h in font nullfont!
Missing character: There is no a in font nullfont!
Missing character: There is no t in font nullfont!
Missing character: There is no , in font nullfont!
Missing character: There is no t in font nullfont!
Missing character: There is no h in font nullfont!
Missing character: There is no e in font nullfont!
Missing character: There is no n in font nullfont!
Missing character: There is no i in font nullfont!
Missing character: There is no s in font nullfont!
Missing character: There is no c in font nullfont!
Missing character: There is no a in font nullfont!
Missing character: There is no l in font nullfont!
Missing character: There is no l in font nullfont!
Missing character: There is no e in font nullfont!
Missing character: There is no d in font nullfont!
Missing character: There is no a in font nullfont!
Missing character: There is no . in font nullfont!

Overfull \hbox (17.40271pt too wide) in paragraph at lines 413--414
\OML/cmm/m/it/10 E \OMS/cmsy/m/n/10 2$
 []


Overfull \hbox (32.31711pt too wide) in paragraph at lines 413--414
\OML/cmm/m/it/10 ^^V\OT1/cmr/m/n/10 (\OML/cmm/m/it/10 E\OT1/cmr/m/n/10 ) =
 []


Overfull \hbox (5.00002pt too wide) in paragraph at lines 413--414
\OT1/cmr/m/n/10 0$
 []


Overfull \hbox (7.95831pt too wide) in paragraph at lines 413--414
\OML/cmm/m/it/10 E$
 []


Overfull \hbox (20.18877pt too wide) in paragraph at lines 413--414
\OT1/cmr/m/it/10 null-
 []


Overfull \hbox (12.01102pt too wide) in paragraph at lines 413--414
\OT1/cmr/m/it/10 set 
 []

Missing character: There is no I in font nullfont!
Missing character: There is no f in font nullfont!
Missing character: There is no a in font nullfont!
Missing character: There is no p in font nullfont!
Missing character: There is no r in font nullfont!
Missing character: There is no o in font nullfont!
Missing character: There is no p in font nullfont!
Missing character: There is no e in font nullfont!
Missing character: There is no r in font nullfont!
Missing character: There is no t in font nullfont!
Missing character: There is no y in font nullfont!
Missing character: There is no h in font nullfont!
Missing character: There is no o in font nullfont!
Missing character: There is no l in font nullfont!
Missing character: There is no d in font nullfont!
Missing character: There is no s in font nullfont!
Missing character: There is no o in font nullfont!
Missing character: There is no n in font nullfont!
Missing character: There is no a in font nullfont!
Missing character: There is no l in font nullfont!
Missing character: There is no l in font nullfont!
Missing character: There is no o in font nullfont!
Missing character: There is no f in font nullfont!
Missing character: There is no e in font nullfont!
Missing character: There is no x in font nullfont!
Missing character: There is no c in font nullfont!
Missing character: There is no e in font nullfont!
Missing character: There is no p in font nullfont!
Missing character: There is no t in font nullfont!
Missing character: There is no o in font nullfont!
Missing character: There is no n in font nullfont!
Missing character: There is no a in font nullfont!
Missing character: There is no n in font nullfont!
Missing character: There is no u in font nullfont!
Missing character: There is no l in font nullfont!
Missing character: There is no l in font nullfont!
Missing character: There is no - in font nullfont!
Missing character: There is no s in font nullfont!
Missing character: There is no e in font nullfont!
Missing character: There is no t in font nullfont!
Missing character: There is no , in font nullfont!
Missing character: There is no t in font nullfont!
Missing character: There is no h in font nullfont!
Missing character: There is no e in font nullfont!
Missing character: There is no n in font nullfont!
Missing character: There is no i in font nullfont!
Missing character: There is no t in font nullfont!
Missing character: There is no h in font nullfont!
Missing character: There is no o in font nullfont!
Missing character: There is no l in font nullfont!
Missing character: There is no d in font nullfont!
Missing character: There is no s in font nullfont!
Missing character: There is no ( in font nullfont!
Missing character: There is no a in font nullfont!
Missing character: There is no b in font nullfont!
Missing character: There is no b in font nullfont!
Missing character: There is no r in font nullfont!
Missing character: There is no e in font nullfont!
Missing character: There is no v in font nullfont!
Missing character: There is no i in font nullfont!
Missing character: There is no a in font nullfont!
Missing character: There is no t in font nullfont!
Missing character: There is no e in font nullfont!
Missing character: There is no d in font nullfont!
Missing character: There is no ) in font nullfont!
Missing character: There is no . in font nullfont!

Overfull \hbox (9.06943pt too wide) in paragraph at lines 414--415
\OML/cmm/m/it/10 X$
 []


Overfull \hbox (11.24437pt too wide) in paragraph at lines 414--415
\OT1/cmr/m/it/10 al-
 []


Overfull \hbox (20.69987pt too wide) in paragraph at lines 414--415
\OT1/cmr/m/it/10 most
 []


Overfull \hbox (12.77766pt too wide) in paragraph at lines 414--415
\OT1/cmr/m/it/10 ev-
 []


Overfull \hbox (17.24985pt too wide) in paragraph at lines 414--415
\OT1/cmr/m/it/10 ery-
 []


Overfull \hbox (24.66092pt too wide) in paragraph at lines 414--415
\OT1/cmr/m/it/10 where
 []


Overfull \hbox (15.84435pt too wide) in paragraph at lines 414--415
\OT1/cmr/m/it/10 a.e. 
 []

Missing character: There is no I in font nullfont!
Missing character: There is no f in font nullfont!
/Users/gcrescenzo/Documents/School/LaTeX Documents/latex-class-notes/Fall 2025/550 Measure Theory/Notes/measures.tex:415: Undefined control sequence.
<recently read> \cM 
                    
l.415             \item If $\cM
                               $ has the property that every subset of a nul...
The control sequence at the end of the top line
of your error message was never \def'ed. If you have
misspelled it (e.g., `\hobx'), type `I' and the correct
spelling (e.g., `I\hbox'). Otherwise just continue,
and I'll forget about whatever was undefined.

Missing character: There is no h in font nullfont!
Missing character: There is no a in font nullfont!
Missing character: There is no s in font nullfont!
Missing character: There is no t in font nullfont!
Missing character: There is no h in font nullfont!
Missing character: There is no e in font nullfont!
Missing character: There is no p in font nullfont!
Missing character: There is no r in font nullfont!
Missing character: There is no o in font nullfont!
Missing character: There is no p in font nullfont!
Missing character: There is no e in font nullfont!
Missing character: There is no r in font nullfont!
Missing character: There is no t in font nullfont!
Missing character: There is no y in font nullfont!
Missing character: There is no t in font nullfont!
Missing character: There is no h in font nullfont!
Missing character: There is no a in font nullfont!
Missing character: There is no t in font nullfont!
Missing character: There is no e in font nullfont!
Missing character: There is no v in font nullfont!
Missing character: There is no e in font nullfont!
Missing character: There is no r in font nullfont!
Missing character: There is no y in font nullfont!
Missing character: There is no s in font nullfont!
Missing character: There is no u in font nullfont!
Missing character: There is no b in font nullfont!
Missing character: There is no s in font nullfont!
Missing character: There is no e in font nullfont!
Missing character: There is no t in font nullfont!
Missing character: There is no o in font nullfont!
Missing character: There is no f in font nullfont!
Missing character: There is no a in font nullfont!
Missing character: There is no n in font nullfont!
Missing character: There is no u in font nullfont!
Missing character: There is no l in font nullfont!
Missing character: There is no l in font nullfont!
Missing character: There is no - in font nullfont!
Missing character: There is no s in font nullfont!
Missing character: There is no e in font nullfont!
Missing character: There is no t in font nullfont!
Missing character: There is no i in font nullfont!
Missing character: There is no s in font nullfont!
Missing character: There is no m in font nullfont!
Missing character: There is no e in font nullfont!
Missing character: There is no a in font nullfont!
Missing character: There is no s in font nullfont!
Missing character: There is no u in font nullfont!
Missing character: There is no r in font nullfont!
Missing character: There is no a in font nullfont!
Missing character: There is no b in font nullfont!
Missing character: There is no l in font nullfont!
Missing character: There is no e in font nullfont!
Missing character: There is no , in font nullfont!
Missing character: There is no t in font nullfont!
Missing character: There is no h in font nullfont!
Missing character: There is no e in font nullfont!
Missing character: There is no n in font nullfont!
/Users/gcrescenzo/Documents/School/LaTeX Documents/latex-class-notes/Fall 2025/550 Measure Theory/Notes/measures.tex:415: Undefined control sequence.
<recently read> \cM 
                    
l.415 ...et of a null-set is measurable, then $\cM
                                                  $ is said to be \textit{co...
The control sequence at the end of the top line
of your error message was never \def'ed. If you have
misspelled it (e.g., `\hobx'), type `I' and the correct
spelling (e.g., `I\hbox'). Otherwise just continue,
and I'll forget about whatever was undefined.

Missing character: There is no i in font nullfont!
Missing character: There is no s in font nullfont!
Missing character: There is no s in font nullfont!
Missing character: There is no a in font nullfont!
Missing character: There is no i in font nullfont!
Missing character: There is no d in font nullfont!
Missing character: There is no t in font nullfont!
Missing character: There is no o in font nullfont!
Missing character: There is no b in font nullfont!
Missing character: There is no e in font nullfont!
Missing character: There is no . in font nullfont!

Overfull \hbox (20.9554pt too wide) in paragraph at lines 415--416
\OT1/cmr/m/it/10 com-
 []


Overfull \hbox (20.18874pt too wide) in paragraph at lines 415--416
\OT1/cmr/m/it/10 plete 
 []


/Users/gcrescenzo/Documents/School/LaTeX Documents/latex-class-notes/Fall 2025/550 Measure Theory/Notes/measures.tex:417: LaTeX Error: \begin{document} ended by \end{definition}.

See the LaTeX manual or LaTeX Companion for explanation.
Type  H <return>  for immediate help.
 ...                                              
                                                  
l.417     \end{definition}
                          
Your command was ignored.
Type  I <command> <return>  to replace it with another command,
or  <return>  to continue without it.


/Users/gcrescenzo/Documents/School/LaTeX Documents/latex-class-notes/Fall 2025/550 Measure Theory/Notes/measures.tex:419: LaTeX Error: Environment theorem undefined.

See the LaTeX manual or LaTeX Companion for explanation.
Type  H <return>  for immediate help.
 ...                                              
                                                  
l.419     \begin{theorem}
                         
Your command was ignored.
Type  I <command> <return>  to replace it with another command,
or  <return>  to continue without it.

Missing character: There is no L in font nullfont!
Missing character: There is no e in font nullfont!
Missing character: There is no t in font nullfont!
/Users/gcrescenzo/Documents/School/LaTeX Documents/latex-class-notes/Fall 2025/550 Measure Theory/Notes/measures.tex:420: Undefined control sequence.
l.420         Let $(X,\cM
                         ,\mu)$ be a measure space. Let $\cN := \{E \subset ...
The control sequence at the end of the top line
of your error message was never \def'ed. If you have
misspelled it (e.g., `\hobx'), type `I' and the correct
spelling (e.g., `I\hbox'). Otherwise just continue,
and I'll forget about whatever was undefined.

Missing character: There is no b in font nullfont!
Missing character: There is no e in font nullfont!
Missing character: There is no a in font nullfont!
Missing character: There is no m in font nullfont!
Missing character: There is no e in font nullfont!
Missing character: There is no a in font nullfont!
Missing character: There is no s in font nullfont!
Missing character: There is no u in font nullfont!
Missing character: There is no r in font nullfont!
Missing character: There is no e in font nullfont!
Missing character: There is no s in font nullfont!
Missing character: There is no p in font nullfont!
Missing character: There is no a in font nullfont!
Missing character: There is no c in font nullfont!
Missing character: There is no e in font nullfont!
Missing character: There is no . in font nullfont!
Missing character: There is no L in font nullfont!
Missing character: There is no e in font nullfont!
Missing character: There is no t in font nullfont!
/Users/gcrescenzo/Documents/School/LaTeX Documents/latex-class-notes/Fall 2025/550 Measure Theory/Notes/measures.tex:420: Undefined control sequence.
<recently read> \cN 
                    
l.420 ...(X,\cM,\mu)$ be a measure space. Let $\cN
                                                   := \{E \subset \cM \mid \...
The control sequence at the end of the top line
of your error message was never \def'ed. If you have
misspelled it (e.g., `\hobx'), type `I' and the correct
spelling (e.g., `I\hbox'). Otherwise just continue,
and I'll forget about whatever was undefined.

/Users/gcrescenzo/Documents/School/LaTeX Documents/latex-class-notes/Fall 2025/550 Measure Theory/Notes/measures.tex:420: Undefined control sequence.
l.420 ...easure space. Let $\cN := \{E \subset \cM
                                                   \mid \mu(E) = 0\}$. Then ...
The control sequence at the end of the top line
of your error message was never \def'ed. If you have
misspelled it (e.g., `\hobx'), type `I' and the correct
spelling (e.g., `I\hbox'). Otherwise just continue,
and I'll forget about whatever was undefined.

Missing character: There is no . in font nullfont!
Missing character: There is no T in font nullfont!
Missing character: There is no h in font nullfont!
Missing character: There is no e in font nullfont!
Missing character: There is no n in font nullfont!
Missing character: There is no t in font nullfont!
Missing character: There is no h in font nullfont!
Missing character: There is no e in font nullfont!
Missing character: There is no s in font nullfont!
Missing character: There is no e in font nullfont!
Missing character: There is no t in font nullfont!
/Users/gcrescenzo/Documents/School/LaTeX Documents/latex-class-notes/Fall 2025/550 Measure Theory/Notes/measures.tex:420: Undefined control sequence.
l.420 ...mu(E) = 0\}$. Then the set $\overline{\cM
                                                  } := \{E \cup F \mid E \in...
The control sequence at the end of the top line
of your error message was never \def'ed. If you have
misspelled it (e.g., `\hobx'), type `I' and the correct
spelling (e.g., `I\hbox'). Otherwise just continue,
and I'll forget about whatever was undefined.

/Users/gcrescenzo/Documents/School/LaTeX Documents/latex-class-notes/Fall 2025/550 Measure Theory/Notes/measures.tex:420: Undefined control sequence.
l.420 ...verline{\cM} := \{E \cup F \mid E \in \cM
                                                  , \h4 F \subset N \h2\text...
The control sequence at the end of the top line
of your error message was never \def'ed. If you have
misspelled it (e.g., `\hobx'), type `I' and the correct
spelling (e.g., `I\hbox'). Otherwise just continue,
and I'll forget about whatever was undefined.

/Users/gcrescenzo/Documents/School/LaTeX Documents/latex-class-notes/Fall 2025/550 Measure Theory/Notes/measures.tex:420: Undefined control sequence.
l.420 ...ine{\cM} := \{E \cup F \mid E \in \cM, \h
                                                  4 F \subset N \h2\text{for...
The control sequence at the end of the top line
of your error message was never \def'ed. If you have
misspelled it (e.g., `\hobx'), type `I' and the correct
spelling (e.g., `I\hbox'). Otherwise just continue,
and I'll forget about whatever was undefined.

/Users/gcrescenzo/Documents/School/LaTeX Documents/latex-class-notes/Fall 2025/550 Measure Theory/Notes/measures.tex:420: Undefined control sequence.
l.420 ...\cup F \mid E \in \cM, \h4 F \subset N \h
                                                  2\text{for some $N \in \cN...
The control sequence at the end of the top line
of your error message was never \def'ed. If you have
misspelled it (e.g., `\hobx'), type `I' and the correct
spelling (e.g., `I\hbox'). Otherwise just continue,
and I'll forget about whatever was undefined.

/Users/gcrescenzo/Documents/School/LaTeX Documents/latex-class-notes/Fall 2025/550 Measure Theory/Notes/measures.tex:420: Undefined control sequence.
l.420 ... \mid E \in \cM, \h4 F \subset N \h2\text
                                                  {for some $N \in \cN$}\}$ ...
The control sequence at the end of the top line
of your error message was never \def'ed. If you have
misspelled it (e.g., `\hobx'), type `I' and the correct
spelling (e.g., `I\hbox'). Otherwise just continue,
and I'll forget about whatever was undefined.

/Users/gcrescenzo/Documents/School/LaTeX Documents/latex-class-notes/Fall 2025/550 Measure Theory/Notes/measures.tex:420: Missing } inserted.
<inserted text> 
                }
l.420 ... \cM, \h4 F \subset N \h2\text{for some $
                                                  N \in \cN$}\}$ is a $\sigm...
I've inserted something that you may have forgotten.
(See the <inserted text> above.)
With luck, this will get me unwedged. But if you
really didn't forget anything, try typing `2' now; then
my insertion and my current dilemma will both disappear.

Missing character: There is no N in font nullfont!
/Users/gcrescenzo/Documents/School/LaTeX Documents/latex-class-notes/Fall 2025/550 Measure Theory/Notes/measures.tex:420: Missing $ inserted.
<inserted text> 
                $
l.420 ... \h4 F \subset N \h2\text{for some $N \in
                                                   \cN$}\}$ is a $\sigma$-al...
I've inserted a begin-math/end-math symbol since I think
you left one out. Proceed, with fingers crossed.

/Users/gcrescenzo/Documents/School/LaTeX Documents/latex-class-notes/Fall 2025/550 Measure Theory/Notes/measures.tex:420: Undefined control sequence.
l.420 ... F \subset N \h2\text{for some $N \in \cN
                                                  $}\}$ is a $\sigma$-algebr...
The control sequence at the end of the top line
of your error message was never \def'ed. If you have
misspelled it (e.g., `\hobx'), type `I' and the correct
spelling (e.g., `I\hbox'). Otherwise just continue,
and I'll forget about whatever was undefined.

/Users/gcrescenzo/Documents/School/LaTeX Documents/latex-class-notes/Fall 2025/550 Measure Theory/Notes/measures.tex:420: Extra }, or forgotten \endgroup.
l.420 ... \subset N \h2\text{for some $N \in \cN$}
                                                  \}$ is a $\sigma$-algebra....
I've deleted a group-closing symbol because it seems to be
spurious, as in `$x}$'. But perhaps the } is legitimate and
you forgot something else, as in `\hbox{$x}'. In such cases
the way to recover is to insert both the forgotten and the
deleted material, e.g., by typing `I$}'.

/Users/gcrescenzo/Documents/School/LaTeX Documents/latex-class-notes/Fall 2025/550 Measure Theory/Notes/measures.tex:420: Missing $ inserted.
<inserted text> 
                $
l.420 ...ext{for some $N \in \cN$}\}$ is a $\sigma
                                                  $-algebra. Moreover, there...
I've inserted a begin-math/end-math symbol since I think
you left one out. Proceed, with fingers crossed.

Missing character: There is no - in font nullfont!
Missing character: There is no a in font nullfont!
Missing character: There is no l in font nullfont!
Missing character: There is no g in font nullfont!
Missing character: There is no e in font nullfont!
Missing character: There is no b in font nullfont!
Missing character: There is no r in font nullfont!
Missing character: There is no a in font nullfont!
Missing character: There is no . in font nullfont!
Missing character: There is no M in font nullfont!
Missing character: There is no o in font nullfont!
Missing character: There is no r in font nullfont!
Missing character: There is no e in font nullfont!
Missing character: There is no o in font nullfont!
Missing character: There is no v in font nullfont!
Missing character: There is no e in font nullfont!
Missing character: There is no r in font nullfont!
Missing character: There is no , in font nullfont!
Missing character: There is no t in font nullfont!
Missing character: There is no h in font nullfont!
Missing character: There is no e in font nullfont!
Missing character: There is no r in font nullfont!
Missing character: There is no e in font nullfont!
Missing character: There is no e in font nullfont!
Missing character: There is no x in font nullfont!
Missing character: There is no i in font nullfont!
Missing character: There is no s in font nullfont!
Missing character: There is no t in font nullfont!
Missing character: There is no s in font nullfont!
Missing character: There is no a in font nullfont!
Missing character: There is no u in font nullfont!
Missing character: There is no n in font nullfont!
Missing character: There is no i in font nullfont!
Missing character: There is no q in font nullfont!
Missing character: There is no u in font nullfont!
Missing character: There is no e in font nullfont!
Missing character: There is no f in font nullfont!
Missing character: There is no u in font nullfont!
Missing character: There is no n in font nullfont!
Missing character: There is no c in font nullfont!
Missing character: There is no t in font nullfont!
Missing character: There is no i in font nullfont!
Missing character: There is no o in font nullfont!
Missing character: There is no n in font nullfont!
/Users/gcrescenzo/Documents/School/LaTeX Documents/latex-class-notes/Fall 2025/550 Measure Theory/Notes/measures.tex:420: Undefined control sequence.
l.420 ...ue function $\overline{\mu}:\overline{\cM
                                                  } \rightarrow [0,\infty]$ ...
The control sequence at the end of the top line
of your error message was never \def'ed. If you have
misspelled it (e.g., `\hobx'), type `I' and the correct
spelling (e.g., `I\hbox'). Otherwise just continue,
and I'll forget about whatever was undefined.

Missing character: There is no w in font nullfont!
Missing character: There is no h in font nullfont!
Missing character: There is no i in font nullfont!
Missing character: There is no c in font nullfont!
Missing character: There is no h in font nullfont!
Missing character: There is no e in font nullfont!
Missing character: There is no x in font nullfont!
Missing character: There is no t in font nullfont!
Missing character: There is no e in font nullfont!
Missing character: There is no n in font nullfont!
Missing character: There is no d in font nullfont!
Missing character: There is no s in font nullfont!
Missing character: There is no . in font nullfont!

/Users/gcrescenzo/Documents/School/LaTeX Documents/latex-class-notes/Fall 2025/550 Measure Theory/Notes/measures.tex:421: LaTeX Error: \begin{document} ended by \end{theorem}.

See the LaTeX manual or LaTeX Companion for explanation.
Type  H <return>  for immediate help.
 ...                                              
                                                  
l.421     \end{theorem}
                       
Your command was ignored.
Type  I <command> <return>  to replace it with another command,
or  <return>  to continue without it.


/Users/gcrescenzo/Documents/School/LaTeX Documents/latex-class-notes/Fall 2025/550 Measure Theory/Notes/measures.tex:422: LaTeX Error: Environment proof undefined.

See the LaTeX manual or LaTeX Companion for explanation.
Type  H <return>  for immediate help.
 ...                                              
                                                  
l.422         \begin{proof}
                           
Your command was ignored.
Type  I <command> <return>  to replace it with another command,
or  <return>  to continue without it.


Overfull \hbox (20.0pt too wide) in paragraph at lines 420--423
[]
 []


Overfull \hbox (31.20598pt too wide) in paragraph at lines 420--423
\OT1/cmr/m/n/10 (\OML/cmm/m/it/10 X; ; ^^V\OT1/cmr/m/n/10 )$
 []


Overfull \hbox (10.55559pt too wide) in paragraph at lines 420--423
\OT1/cmr/m/n/10 :=
 []


Overfull \hbox (26.29163pt too wide) in paragraph at lines 420--423
\OMS/cmsy/m/n/10 f\OML/cmm/m/it/10 E \OMS/cmsy/m/n/10 ^^Zj
 []


Overfull \hbox (32.31711pt too wide) in paragraph at lines 420--423
\OML/cmm/m/it/10 ^^V\OT1/cmr/m/n/10 (\OML/cmm/m/it/10 E\OT1/cmr/m/n/10 ) =
 []


Overfull \hbox (10.00003pt too wide) in paragraph at lines 420--423
\OT1/cmr/m/n/10 0\OMS/cmsy/m/n/10 g$
 []


Overfull \hbox (13.3333pt too wide) in paragraph at lines 420--423
[] \OT1/cmr/m/n/10 :=
 []


Overfull \hbox (19.62502pt too wide) in paragraph at lines 420--423
\OMS/cmsy/m/n/10 f\OML/cmm/m/it/10 E \OMS/cmsy/m/n/10 [
 []


Overfull \hbox (13.37495pt too wide) in paragraph at lines 420--423
\OML/cmm/m/it/10 F \OMS/cmsy/m/n/10 j
 []


Overfull \hbox (17.40271pt too wide) in paragraph at lines 420--423
\OML/cmm/m/it/10 E \OMS/cmsy/m/n/10 2
 []


Overfull \hbox (27.8194pt too wide) in paragraph at lines 420--423
\OML/cmm/m/it/10 ; \OT1/cmr/m/n/10 4\OML/cmm/m/it/10 F \OMS/cmsy/m/n/10 ^^Z
 []


Overfull \hbox (52.70497pt too wide) in paragraph at lines 420--423
\OML/cmm/m/it/10 N\OT1/cmr/m/n/10 2[]$
 []


Overfull \hbox (31.15813pt too wide) in paragraph at lines 420--423
\OMS/cmsy/m/n/10 2$g$\OML/cmm/m/it/10 isa$$^^[$
 []


Overfull \hbox (11.58098pt too wide) in paragraph at lines 420--423
[] \OT1/cmr/m/n/10 :
 []


Overfull \hbox (12.77773pt too wide) in paragraph at lines 420--423
[] \OMS/cmsy/m/n/10 !
 []


Overfull \hbox (25.00002pt too wide) in paragraph at lines 420--423
\OT1/cmr/m/n/10 [0\OML/cmm/m/it/10 ; \OMS/cmsy/m/n/10 1\OT1/cmr/m/n/10 ]$
 []


Overfull \hbox (6.02548pt too wide) in paragraph at lines 420--423
\OML/cmm/m/it/10 ^^V$
 []

Missing character: There is no C in font nullfont!
Missing character: There is no o in font nullfont!
Missing character: There is no n in font nullfont!
Missing character: There is no s in font nullfont!
Missing character: There is no i in font nullfont!
Missing character: There is no d in font nullfont!
Missing character: There is no e in font nullfont!
Missing character: There is no r in font nullfont!
Missing character: There is no t in font nullfont!
Missing character: There is no h in font nullfont!
Missing character: There is no e in font nullfont!
Missing character: There is no f in font nullfont!
Missing character: There is no a in font nullfont!
Missing character: There is no m in font nullfont!
Missing character: There is no i in font nullfont!
Missing character: There is no l in font nullfont!
Missing character: There is no y in font nullfont!
/Users/gcrescenzo/Documents/School/LaTeX Documents/latex-class-notes/Fall 2025/550 Measure Theory/Notes/measures.tex:424: Undefined control sequence.
l.424 ..._i\}_{i = 1}^\infty \subset \overline{\cM
                                                  }$, where for each $i$, th...
The control sequence at the end of the top line
of your error message was never \def'ed. If you have
misspelled it (e.g., `\hobx'), type `I' and the correct
spelling (e.g., `I\hbox'). Otherwise just continue,
and I'll forget about whatever was undefined.

Missing character: There is no , in font nullfont!
Missing character: There is no w in font nullfont!
Missing character: There is no h in font nullfont!
Missing character: There is no e in font nullfont!
Missing character: There is no r in font nullfont!
Missing character: There is no e in font nullfont!
Missing character: There is no f in font nullfont!
Missing character: There is no o in font nullfont!
Missing character: There is no r in font nullfont!
Missing character: There is no e in font nullfont!
Missing character: There is no a in font nullfont!
Missing character: There is no c in font nullfont!
Missing character: There is no h in font nullfont!
Missing character: There is no , in font nullfont!
Missing character: There is no t in font nullfont!
Missing character: There is no h in font nullfont!
Missing character: There is no e in font nullfont!
Missing character: There is no r in font nullfont!
Missing character: There is no e in font nullfont!
Missing character: There is no e in font nullfont!
Missing character: There is no x in font nullfont!
Missing character: There is no i in font nullfont!
Missing character: There is no s in font nullfont!
Missing character: There is no t in font nullfont!
Missing character: There is no s in font nullfont!
/Users/gcrescenzo/Documents/School/LaTeX Documents/latex-class-notes/Fall 2025/550 Measure Theory/Notes/measures.tex:424: Undefined control sequence.
l.424 ...e for each $i$, there exists $N_i \in \cN
                                                  $ such that $F_i \subset N...
The control sequence at the end of the top line
of your error message was never \def'ed. If you have
misspelled it (e.g., `\hobx'), type `I' and the correct
spelling (e.g., `I\hbox'). Otherwise just continue,
and I'll forget about whatever was undefined.

Missing character: There is no s in font nullfont!
Missing character: There is no u in font nullfont!
Missing character: There is no c in font nullfont!
Missing character: There is no h in font nullfont!
Missing character: There is no t in font nullfont!
Missing character: There is no h in font nullfont!
Missing character: There is no a in font nullfont!
Missing character: There is no t in font nullfont!
Missing character: There is no . in font nullfont!
Missing character: There is no T in font nullfont!
Missing character: There is no h in font nullfont!
Missing character: There is no e in font nullfont!
Missing character: There is no n in font nullfont!
Missing character: There is no : in font nullfont!

/Users/gcrescenzo/Documents/School/LaTeX Documents/latex-class-notes/Fall 2025/550 Measure Theory/Notes/measures.tex:425: LaTeX Error: Environment equation* undefined.

See the LaTeX manual or LaTeX Companion for explanation.
Type  H <return>  for immediate help.
 ...                                              
                                                  
l.425                 \begin{equation*}
                                       
Your command was ignored.
Type  I <command> <return>  to replace it with another command,
or  <return>  to continue without it.


/Users/gcrescenzo/Documents/School/LaTeX Documents/latex-class-notes/Fall 2025/550 Measure Theory/Notes/measures.tex:426: LaTeX Error: Environment split undefined.

See the LaTeX manual or LaTeX Companion for explanation.
Type  H <return>  for immediate help.
 ...                                              
                                                  
l.426                 \begin{split}
                                   
Your command was ignored.
Type  I <command> <return>  to replace it with another command,
or  <return>  to continue without it.

/Users/gcrescenzo/Documents/School/LaTeX Documents/latex-class-notes/Fall 2025/550 Measure Theory/Notes/measures.tex:427: Missing $ inserted.
<inserted text> 
                $
l.427                     \bigcup
                                 _{i = 1}^\infty E_i \cup F_i
I've inserted a begin-math/end-math symbol since I think
you left one out. Proceed, with fingers crossed.

/Users/gcrescenzo/Documents/School/LaTeX Documents/latex-class-notes/Fall 2025/550 Measure Theory/Notes/measures.tex:428: Misplaced alignment tab character &.
l.428                     &
                            = \left(\bigcup_{i = 1}^\infty E_i\right) \cup \...
I can't figure out why you would want to use a tab mark
here. If you just want an ampersand, the remedy is
simple: Just type `I\&' now. But if some right brace
up above has ended a previous alignment prematurely,
you're probably due for more error messages, and you
might try typing `S' now just to see what is salvageable.


/Users/gcrescenzo/Documents/School/LaTeX Documents/latex-class-notes/Fall 2025/550 Measure Theory/Notes/measures.tex:429: LaTeX Error: \begin{document} ended by \end{split}.

See the LaTeX manual or LaTeX Companion for explanation.
Type  H <return>  for immediate help.
 ...                                              
                                                  
l.429                 \end{split}
                                 
Your command was ignored.
Type  I <command> <return>  to replace it with another command,
or  <return>  to continue without it.

/Users/gcrescenzo/Documents/School/LaTeX Documents/latex-class-notes/Fall 2025/550 Measure Theory/Notes/measures.tex:429: Missing $ inserted.
<inserted text> 
                $
l.429                 \end{split}
                                 
I've inserted something that you may have forgotten.
(See the <inserted text> above.)
With luck, this will get me unwedged. But if you
really didn't forget anything, try typing `2' now; then
my insertion and my current dilemma will both disappear.


/Users/gcrescenzo/Documents/School/LaTeX Documents/latex-class-notes/Fall 2025/550 Measure Theory/Notes/measures.tex:430: LaTeX Error: \begin{document} ended by \end{equation*}.

See the LaTeX manual or LaTeX Companion for explanation.
Type  H <return>  for immediate help.
 ...                                              
                                                  
l.430                 \end{equation*}
                                     
Your command was ignored.
Type  I <command> <return>  to replace it with another command,
or  <return>  to continue without it.

Missing character: There is no S in font nullfont!
Missing character: There is no i in font nullfont!
Missing character: There is no n in font nullfont!
Missing character: There is no c in font nullfont!
Missing character: There is no e in font nullfont!
/Users/gcrescenzo/Documents/School/LaTeX Documents/latex-class-notes/Fall 2025/550 Measure Theory/Notes/measures.tex:431: Undefined control sequence.
<recently read> \cM 
                    
l.431             Since $\cM
                            $ is a $\sigma$-algebra, we have $\bigcup_{i = 1...
The control sequence at the end of the top line
of your error message was never \def'ed. If you have
misspelled it (e.g., `\hobx'), type `I' and the correct
spelling (e.g., `I\hbox'). Otherwise just continue,
and I'll forget about whatever was undefined.

Missing character: There is no i in font nullfont!
Missing character: There is no s in font nullfont!
Missing character: There is no a in font nullfont!
Missing character: There is no - in font nullfont!
Missing character: There is no a in font nullfont!
Missing character: There is no l in font nullfont!
Missing character: There is no g in font nullfont!
Missing character: There is no e in font nullfont!
Missing character: There is no b in font nullfont!
Missing character: There is no r in font nullfont!
Missing character: There is no a in font nullfont!
Missing character: There is no , in font nullfont!
Missing character: There is no w in font nullfont!
Missing character: There is no e in font nullfont!
Missing character: There is no h in font nullfont!
Missing character: There is no a in font nullfont!
Missing character: There is no v in font nullfont!
Missing character: There is no e in font nullfont!
/Users/gcrescenzo/Documents/School/LaTeX Documents/latex-class-notes/Fall 2025/550 Measure Theory/Notes/measures.tex:431: Undefined control sequence.
l.431 ... have $\bigcup_{i = 1}^\infty E_i \in \cM
                                                  $. Moreover, $\bigcup_{i =...
The control sequence at the end of the top line
of your error message was never \def'ed. If you have
misspelled it (e.g., `\hobx'), type `I' and the correct
spelling (e.g., `I\hbox'). Otherwise just continue,
and I'll forget about whatever was undefined.

Missing character: There is no . in font nullfont!
Missing character: There is no M in font nullfont!
Missing character: There is no o in font nullfont!
Missing character: There is no r in font nullfont!
Missing character: There is no e in font nullfont!
Missing character: There is no o in font nullfont!
Missing character: There is no v in font nullfont!
Missing character: There is no e in font nullfont!
Missing character: There is no r in font nullfont!
Missing character: There is no , in font nullfont!
Missing character: There is no . in font nullfont!
Missing character: There is no B in font nullfont!
Missing character: There is no y in font nullfont!
Missing character: There is no s in font nullfont!
Missing character: There is no u in font nullfont!
Missing character: There is no b in font nullfont!
Missing character: There is no a in font nullfont!
Missing character: There is no d in font nullfont!
Missing character: There is no d in font nullfont!
Missing character: There is no i in font nullfont!
Missing character: There is no t in font nullfont!
Missing character: There is no i in font nullfont!
Missing character: There is no v in font nullfont!
Missing character: There is no i in font nullfont!
Missing character: There is no t in font nullfont!
Missing character: There is no y in font nullfont!
Missing character: There is no , in font nullfont!
Missing character: There is no w in font nullfont!
Missing character: There is no e in font nullfont!
Missing character: There is no h in font nullfont!
Missing character: There is no a in font nullfont!
Missing character: There is no v in font nullfont!
Missing character: There is no e in font nullfont!
Missing character: There is no . in font nullfont!
Missing character: There is no H in font nullfont!
Missing character: There is no e in font nullfont!
Missing character: There is no n in font nullfont!
Missing character: There is no c in font nullfont!
Missing character: There is no e in font nullfont!
/Users/gcrescenzo/Documents/School/LaTeX Documents/latex-class-notes/Fall 2025/550 Measure Theory/Notes/measures.tex:431: Undefined control sequence.
l.431 ...Hence $\bigcup_{i = 1}^\infty N_i \in \cN
                                                  $. Together, this shows th...
The control sequence at the end of the top line
of your error message was never \def'ed. If you have
misspelled it (e.g., `\hobx'), type `I' and the correct
spelling (e.g., `I\hbox'). Otherwise just continue,
and I'll forget about whatever was undefined.

Missing character: There is no . in font nullfont!
Missing character: There is no T in font nullfont!
Missing character: There is no o in font nullfont!
Missing character: There is no g in font nullfont!
Missing character: There is no e in font nullfont!
Missing character: There is no t in font nullfont!
Missing character: There is no h in font nullfont!
Missing character: There is no e in font nullfont!
Missing character: There is no r in font nullfont!
Missing character: There is no , in font nullfont!
Missing character: There is no t in font nullfont!
Missing character: There is no h in font nullfont!
Missing character: There is no i in font nullfont!
Missing character: There is no s in font nullfont!
Missing character: There is no s in font nullfont!
Missing character: There is no h in font nullfont!
Missing character: There is no o in font nullfont!
Missing character: There is no w in font nullfont!
Missing character: There is no s in font nullfont!
Missing character: There is no t in font nullfont!
Missing character: There is no h in font nullfont!
Missing character: There is no a in font nullfont!
Missing character: There is no t in font nullfont!
/Users/gcrescenzo/Documents/School/LaTeX Documents/latex-class-notes/Fall 2025/550 Measure Theory/Notes/measures.tex:431: Undefined control sequence.
l.431 ... 1}^\infty E_i \cup F_i \in \overline{\cM
                                                  }$.
The control sequence at the end of the top line
of your error message was never \def'ed. If you have
misspelled it (e.g., `\hobx'), type `I' and the correct
spelling (e.g., `I\hbox'). Otherwise just continue,
and I'll forget about whatever was undefined.

Missing character: There is no . in font nullfont!

Overfull \hbox (20.0pt too wide) in paragraph at lines 424--432
[]
 []


Overfull \hbox (22.37793pt too wide) in paragraph at lines 424--432
\OMS/cmsy/m/n/10 f\OML/cmm/m/it/10 E[] \OMS/cmsy/m/n/10 [
 []


Overfull \hbox (38.7697pt too wide) in paragraph at lines 424--432
\OML/cmm/m/it/10 F[]\OMS/cmsy/m/n/10 g[] ^^Z
 []


Overfull \hbox (3.44513pt too wide) in paragraph at lines 424--432
\OML/cmm/m/it/10 i$
 []


Overfull \hbox (20.8084pt too wide) in paragraph at lines 424--432
\OML/cmm/m/it/10 N[] \OMS/cmsy/m/n/10 2$
 []


Overfull \hbox (20.31535pt too wide) in paragraph at lines 424--432
\OML/cmm/m/it/10 F[] \OMS/cmsy/m/n/10 ^^Z
 []


Overfull \hbox (11.364pt too wide) in paragraph at lines 424--432
\OML/cmm/m/it/10 N[]$
 []


Overfull \hbox (40.83223pt too wide) in paragraph at lines 424--432
[][] \OML/cmm/m/it/10 E[] \OMS/cmsy/m/n/10 [
 []


Overfull \hbox (20.31535pt too wide) in paragraph at lines 424--432
\OML/cmm/m/it/10 F[] \OT1/cmr/m/n/10 =
 []


Overfull \hbox (48.61003pt too wide) in paragraph at lines 424--432
[] \OMS/cmsy/m/n/10 [
 []


Overfull \hbox (45.43637pt too wide) in paragraph at lines 424--432
[] \OT1/cmr/m/n/10 ;$
 []


Overfull \hbox (6.0729pt too wide) in paragraph at lines 424--432
\OML/cmm/m/it/10 ^^[$
 []


Overfull \hbox (43.60994pt too wide) in paragraph at lines 424--432
[][] \OML/cmm/m/it/10 E[] \OMS/cmsy/m/n/10 2$
 []


Overfull \hbox (43.76967pt too wide) in paragraph at lines 424--432
[][] \OML/cmm/m/it/10 F[] \OMS/cmsy/m/n/10 ^^Z
 []


Overfull \hbox (34.81831pt too wide) in paragraph at lines 424--432
[][] \OML/cmm/m/it/10 N[]$
 []


Overfull \hbox (60.84373pt too wide) in paragraph at lines 424--432
\OML/cmm/m/it/10 ^^V [] \OMS/cmsy/m/n/10 ^^T
 []


Overfull \hbox (61.39934pt too wide) in paragraph at lines 424--432
[][] \OML/cmm/m/it/10 ^^V\OT1/cmr/m/n/10 (\OML/cmm/m/it/10 N[]\OT1/cmr/m/n/10 ) =
 []


Overfull \hbox (5.00002pt too wide) in paragraph at lines 424--432
\OT1/cmr/m/n/10 0$
 []


Overfull \hbox (44.26271pt too wide) in paragraph at lines 424--432
[][] \OML/cmm/m/it/10 N[] \OMS/cmsy/m/n/10 2$
 []


Overfull \hbox (40.83223pt too wide) in paragraph at lines 424--432
[][] \OML/cmm/m/it/10 E[] \OMS/cmsy/m/n/10 [
 []


Overfull \hbox (19.20424pt too wide) in paragraph at lines 424--432
\OML/cmm/m/it/10 F[] \OMS/cmsy/m/n/10 2
 []

Missing character: There is no N in font nullfont!
Missing character: There is no o in font nullfont!
Missing character: There is no w in font nullfont!
Missing character: There is no l in font nullfont!
Missing character: There is no e in font nullfont!
Missing character: There is no t in font nullfont!
/Users/gcrescenzo/Documents/School/LaTeX Documents/latex-class-notes/Fall 2025/550 Measure Theory/Notes/measures.tex:433: Undefined control sequence.
l.433 ...      Now let $E \cup F \in \overline{\cM
                                                  }$. Then:
The control sequence at the end of the top line
of your error message was never \def'ed. If you have
misspelled it (e.g., `\hobx'), type `I' and the correct
spelling (e.g., `I\hbox'). Otherwise just continue,
and I'll forget about whatever was undefined.

Missing character: There is no . in font nullfont!
Missing character: There is no T in font nullfont!
Missing character: There is no h in font nullfont!
Missing character: There is no e in font nullfont!
Missing character: There is no n in font nullfont!
Missing character: There is no : in font nullfont!

/Users/gcrescenzo/Documents/School/LaTeX Documents/latex-class-notes/Fall 2025/550 Measure Theory/Notes/measures.tex:434: LaTeX Error: Environment equation* undefined.

See the LaTeX manual or LaTeX Companion for explanation.
Type  H <return>  for immediate help.
 ...                                              
                                                  
l.434                 \begin{equation*}
                                       
Your command was ignored.
Type  I <command> <return>  to replace it with another command,
or  <return>  to continue without it.


/Users/gcrescenzo/Documents/School/LaTeX Documents/latex-class-notes/Fall 2025/550 Measure Theory/Notes/measures.tex:435: LaTeX Error: Environment split undefined.

See the LaTeX manual or LaTeX Companion for explanation.
Type  H <return>  for immediate help.
 ...                                              
                                                  
l.435                 \begin{split}
                                   
Your command was ignored.
Type  I <command> <return>  to replace it with another command,
or  <return>  to continue without it.

Missing character: There is no ( in font nullfont!
Missing character: There is no E in font nullfont!
/Users/gcrescenzo/Documents/School/LaTeX Documents/latex-class-notes/Fall 2025/550 Measure Theory/Notes/measures.tex:436: Missing $ inserted.
<inserted text> 
                $
l.436                     (E \cup
                                  F)^c
I've inserted a begin-math/end-math symbol since I think
you left one out. Proceed, with fingers crossed.

/Users/gcrescenzo/Documents/School/LaTeX Documents/latex-class-notes/Fall 2025/550 Measure Theory/Notes/measures.tex:437: Misplaced alignment tab character &.
l.437                     &
                            = \Bigl( (E \cup N) \cap (N^c \cup F)\Bigr)^c \\
I can't figure out why you would want to use a tab mark
here. If you just want an ampersand, the remedy is
simple: Just type `I\&' now. But if some right brace
up above has ended a previous alignment prematurely,
you're probably due for more error messages, and you
might try typing `S' now just to see what is salvageable.

/Users/gcrescenzo/Documents/School/LaTeX Documents/latex-class-notes/Fall 2025/550 Measure Theory/Notes/measures.tex:438: Misplaced alignment tab character &.
<recently read> &
                 
l.438                     &
                            = (E \cup N)^c \cup (N^c \cup F)^c \\
I can't figure out why you would want to use a tab mark
here. If you just want an ampersand, the remedy is
simple: Just type `I\&' now. But if some right brace
up above has ended a previous alignment prematurely,
you're probably due for more error messages, and you
might try typing `S' now just to see what is salvageable.

/Users/gcrescenzo/Documents/School/LaTeX Documents/latex-class-notes/Fall 2025/550 Measure Theory/Notes/measures.tex:439: Misplaced alignment tab character &.
<recently read> &
                 
l.439                     &
                            =  (E^c \cap N^c) \cup (C \cap F^c) \\
I can't figure out why you would want to use a tab mark
here. If you just want an ampersand, the remedy is
simple: Just type `I\&' now. But if some right brace
up above has ended a previous alignment prematurely,
you're probably due for more error messages, and you
might try typing `S' now just to see what is salvageable.

/Users/gcrescenzo/Documents/School/LaTeX Documents/latex-class-notes/Fall 2025/550 Measure Theory/Notes/measures.tex:440: Misplaced alignment tab character &.
<recently read> &
                 
l.440                     &
                            = (E^c \cap N^c) \cup (N \setminus F).
I can't figure out why you would want to use a tab mark
here. If you just want an ampersand, the remedy is
simple: Just type `I\&' now. But if some right brace
up above has ended a previous alignment prematurely,
you're probably due for more error messages, and you
might try typing `S' now just to see what is salvageable.


/Users/gcrescenzo/Documents/School/LaTeX Documents/latex-class-notes/Fall 2025/550 Measure Theory/Notes/measures.tex:441: LaTeX Error: \begin{document} ended by \end{split}.

See the LaTeX manual or LaTeX Companion for explanation.
Type  H <return>  for immediate help.
 ...                                              
                                                  
l.441                 \end{split}
                                 
Your command was ignored.
Type  I <command> <return>  to replace it with another command,
or  <return>  to continue without it.

/Users/gcrescenzo/Documents/School/LaTeX Documents/latex-class-notes/Fall 2025/550 Measure Theory/Notes/measures.tex:441: Missing $ inserted.
<inserted text> 
                $
l.441                 \end{split}
                                 
I've inserted something that you may have forgotten.
(See the <inserted text> above.)
With luck, this will get me unwedged. But if you
really didn't forget anything, try typing `2' now; then
my insertion and my current dilemma will both disappear.


/Users/gcrescenzo/Documents/School/LaTeX Documents/latex-class-notes/Fall 2025/550 Measure Theory/Notes/measures.tex:442: LaTeX Error: \begin{document} ended by \end{equation*}.

See the LaTeX manual or LaTeX Companion for explanation.
Type  H <return>  for immediate help.
 ...                                              
                                                  
l.442                 \end{equation*}
                                     
Your command was ignored.
Type  I <command> <return>  to replace it with another command,
or  <return>  to continue without it.

Missing character: There is no S in font nullfont!
Missing character: There is no i in font nullfont!
Missing character: There is no n in font nullfont!
Missing character: There is no c in font nullfont!
Missing character: There is no e in font nullfont!
/Users/gcrescenzo/Documents/School/LaTeX Documents/latex-class-notes/Fall 2025/550 Measure Theory/Notes/measures.tex:443: Undefined control sequence.
l.443             Since $E^c,N^c \in \cM
                                        $, and since $\cM$ is closed under c...
The control sequence at the end of the top line
of your error message was never \def'ed. If you have
misspelled it (e.g., `\hobx'), type `I' and the correct
spelling (e.g., `I\hbox'). Otherwise just continue,
and I'll forget about whatever was undefined.

Missing character: There is no , in font nullfont!
Missing character: There is no a in font nullfont!
Missing character: There is no n in font nullfont!
Missing character: There is no d in font nullfont!
Missing character: There is no s in font nullfont!
Missing character: There is no i in font nullfont!
Missing character: There is no n in font nullfont!
Missing character: There is no c in font nullfont!
Missing character: There is no e in font nullfont!
/Users/gcrescenzo/Documents/School/LaTeX Documents/latex-class-notes/Fall 2025/550 Measure Theory/Notes/measures.tex:443: Undefined control sequence.
<recently read> \cM 
                    
l.443 ...  Since $E^c,N^c \in \cM$, and since $\cM
                                                  $ is closed under countabl...
The control sequence at the end of the top line
of your error message was never \def'ed. If you have
misspelled it (e.g., `\hobx'), type `I' and the correct
spelling (e.g., `I\hbox'). Otherwise just continue,
and I'll forget about whatever was undefined.

Missing character: There is no i in font nullfont!
Missing character: There is no s in font nullfont!
Missing character: There is no c in font nullfont!
Missing character: There is no l in font nullfont!
Missing character: There is no o in font nullfont!
Missing character: There is no s in font nullfont!
Missing character: There is no e in font nullfont!
Missing character: There is no d in font nullfont!
Missing character: There is no u in font nullfont!
Missing character: There is no n in font nullfont!
Missing character: There is no d in font nullfont!
Missing character: There is no e in font nullfont!
Missing character: There is no r in font nullfont!
Missing character: There is no c in font nullfont!
Missing character: There is no o in font nullfont!
Missing character: There is no u in font nullfont!
Missing character: There is no n in font nullfont!
Missing character: There is no t in font nullfont!
Missing character: There is no a in font nullfont!
Missing character: There is no b in font nullfont!
Missing character: There is no l in font nullfont!
Missing character: There is no e in font nullfont!
Missing character: There is no i in font nullfont!
Missing character: There is no n in font nullfont!
Missing character: There is no t in font nullfont!
Missing character: There is no e in font nullfont!
Missing character: There is no r in font nullfont!
Missing character: There is no s in font nullfont!
Missing character: There is no e in font nullfont!
Missing character: There is no c in font nullfont!
Missing character: There is no t in font nullfont!
Missing character: There is no i in font nullfont!
Missing character: There is no o in font nullfont!
Missing character: There is no n in font nullfont!
Missing character: There is no s in font nullfont!
Missing character: There is no , in font nullfont!
Missing character: There is no w in font nullfont!
Missing character: There is no e in font nullfont!
Missing character: There is no h in font nullfont!
Missing character: There is no a in font nullfont!
Missing character: There is no v in font nullfont!
Missing character: There is no e in font nullfont!
/Users/gcrescenzo/Documents/School/LaTeX Documents/latex-class-notes/Fall 2025/550 Measure Theory/Notes/measures.tex:443: Undefined control sequence.
l.443 ...ersections, we have $E^c \cap N^c \in \cM
                                                  $. Since $N \in \cN$, sure...
The control sequence at the end of the top line
of your error message was never \def'ed. If you have
misspelled it (e.g., `\hobx'), type `I' and the correct
spelling (e.g., `I\hbox'). Otherwise just continue,
and I'll forget about whatever was undefined.

Missing character: There is no . in font nullfont!
Missing character: There is no S in font nullfont!
Missing character: There is no i in font nullfont!
Missing character: There is no n in font nullfont!
Missing character: There is no c in font nullfont!
Missing character: There is no e in font nullfont!
/Users/gcrescenzo/Documents/School/LaTeX Documents/latex-class-notes/Fall 2025/550 Measure Theory/Notes/measures.tex:443: Undefined control sequence.
l.443 ... $E^c \cap N^c \in \cM$. Since $N \in \cN
                                                  $, surely $N \setminus F \...
The control sequence at the end of the top line
of your error message was never \def'ed. If you have
misspelled it (e.g., `\hobx'), type `I' and the correct
spelling (e.g., `I\hbox'). Otherwise just continue,
and I'll forget about whatever was undefined.

Missing character: There is no , in font nullfont!
Missing character: There is no s in font nullfont!
Missing character: There is no u in font nullfont!
Missing character: There is no r in font nullfont!
Missing character: There is no e in font nullfont!
Missing character: There is no l in font nullfont!
Missing character: There is no y in font nullfont!
/Users/gcrescenzo/Documents/School/LaTeX Documents/latex-class-notes/Fall 2025/550 Measure Theory/Notes/measures.tex:443: Undefined control sequence.
l.443 ...N \in \cN$, surely $N \setminus F \in \cN
                                                  $, whence $(E \cup F)^c \i...
The control sequence at the end of the top line
of your error message was never \def'ed. If you have
misspelled it (e.g., `\hobx'), type `I' and the correct
spelling (e.g., `I\hbox'). Otherwise just continue,
and I'll forget about whatever was undefined.

Missing character: There is no , in font nullfont!
Missing character: There is no w in font nullfont!
Missing character: There is no h in font nullfont!
Missing character: There is no e in font nullfont!
Missing character: There is no n in font nullfont!
Missing character: There is no c in font nullfont!
Missing character: There is no e in font nullfont!
/Users/gcrescenzo/Documents/School/LaTeX Documents/latex-class-notes/Fall 2025/550 Measure Theory/Notes/measures.tex:443: Undefined control sequence.
l.443 ...$, whence $(E \cup F)^c \in \overline{\cM
                                                  }$. Thus $\overline{\cM}$ ...
The control sequence at the end of the top line
of your error message was never \def'ed. If you have
misspelled it (e.g., `\hobx'), type `I' and the correct
spelling (e.g., `I\hbox'). Otherwise just continue,
and I'll forget about whatever was undefined.

Missing character: There is no . in font nullfont!
Missing character: There is no T in font nullfont!
Missing character: There is no h in font nullfont!
Missing character: There is no u in font nullfont!
Missing character: There is no s in font nullfont!
/Users/gcrescenzo/Documents/School/LaTeX Documents/latex-class-notes/Fall 2025/550 Measure Theory/Notes/measures.tex:443: Undefined control sequence.
l.443 ... \in \overline{\cM}$. Thus $\overline{\cM
                                                  }$ is a $\sigma$-algebra.
The control sequence at the end of the top line
of your error message was never \def'ed. If you have
misspelled it (e.g., `\hobx'), type `I' and the correct
spelling (e.g., `I\hbox'). Otherwise just continue,
and I'll forget about whatever was undefined.

Missing character: There is no i in font nullfont!
Missing character: There is no s in font nullfont!
Missing character: There is no a in font nullfont!
Missing character: There is no - in font nullfont!
Missing character: There is no a in font nullfont!
Missing character: There is no l in font nullfont!
Missing character: There is no g in font nullfont!
Missing character: There is no e in font nullfont!
Missing character: There is no b in font nullfont!
Missing character: There is no r in font nullfont!
Missing character: There is no a in font nullfont!
Missing character: There is no . in font nullfont!

Overfull \hbox (20.0pt too wide) in paragraph at lines 433--444
[]
 []


Overfull \hbox (14.625pt too wide) in paragraph at lines 433--444
\OML/cmm/m/it/10 E \OMS/cmsy/m/n/10 [
 []


Overfull \hbox (17.26385pt too wide) in paragraph at lines 433--444
\OML/cmm/m/it/10 F \OMS/cmsy/m/n/10 2
 []


Overfull \hbox (33.0043pt too wide) in paragraph at lines 433--444
\OMS/cmsy/m/n/10 [\OML/cmm/m/it/10 F\OT1/cmr/m/n/10 )[] =
 []


Overfull \hbox (24.48613pt too wide) in paragraph at lines 433--444
[]\OT1/cmr/m/n/10 (\OML/cmm/m/it/10 E \OMS/cmsy/m/n/10 [
 []


Overfull \hbox (19.68056pt too wide) in paragraph at lines 433--444
\OML/cmm/m/it/10 N\OT1/cmr/m/n/10 ) \OMS/cmsy/m/n/10 \
 []


Overfull \hbox (23.7543pt too wide) in paragraph at lines 433--444
\OT1/cmr/m/n/10 (\OML/cmm/m/it/10 N[] \OMS/cmsy/m/n/10 [
 []


Overfull \hbox (21.75433pt too wide) in paragraph at lines 433--444
\OML/cmm/m/it/10 F\OT1/cmr/m/n/10 )[][][] 
 []


Overfull \hbox (7.7778pt too wide) in paragraph at lines 433--444
\OT1/cmr/m/n/10 =
 []


Overfull \hbox (18.5139pt too wide) in paragraph at lines 433--444
\OT1/cmr/m/n/10 (\OML/cmm/m/it/10 E \OMS/cmsy/m/n/10 [
 []


Overfull \hbox (23.7543pt too wide) in paragraph at lines 433--444
\OML/cmm/m/it/10 N\OT1/cmr/m/n/10 )[] \OMS/cmsy/m/n/10 [
 []


Overfull \hbox (23.7543pt too wide) in paragraph at lines 433--444
\OT1/cmr/m/n/10 (\OML/cmm/m/it/10 N[] \OMS/cmsy/m/n/10 [
 []


Overfull \hbox (15.7821pt too wide) in paragraph at lines 433--444
\OML/cmm/m/it/10 F\OT1/cmr/m/n/10 )[][] 
 []


Overfull \hbox (7.7778pt too wide) in paragraph at lines 433--444
\OT1/cmr/m/n/10 =
 []


Overfull \hbox (22.58765pt too wide) in paragraph at lines 433--444
\OT1/cmr/m/n/10 (\OML/cmm/m/it/10 E[] \OMS/cmsy/m/n/10 \
 []


Overfull \hbox (23.7543pt too wide) in paragraph at lines 433--444
\OML/cmm/m/it/10 N[]\OT1/cmr/m/n/10 ) \OMS/cmsy/m/n/10 [
 []


Overfull \hbox (18.41808pt too wide) in paragraph at lines 433--444
\OT1/cmr/m/n/10 (\OML/cmm/m/it/10 C \OMS/cmsy/m/n/10 \
 []


Overfull \hbox (15.7821pt too wide) in paragraph at lines 433--444
\OML/cmm/m/it/10 F[]\OT1/cmr/m/n/10 )[] 
 []


Overfull \hbox (7.7778pt too wide) in paragraph at lines 433--444
\OT1/cmr/m/n/10 =
 []


Overfull \hbox (22.58765pt too wide) in paragraph at lines 433--444
\OT1/cmr/m/n/10 (\OML/cmm/m/it/10 E[] \OMS/cmsy/m/n/10 \
 []


Overfull \hbox (23.7543pt too wide) in paragraph at lines 433--444
\OML/cmm/m/it/10 N[]\OT1/cmr/m/n/10 ) \OMS/cmsy/m/n/10 [
 []


Overfull \hbox (18.01389pt too wide) in paragraph at lines 433--444
\OT1/cmr/m/n/10 (\OML/cmm/m/it/10 N \OMS/cmsy/m/n/10 n
 []


Overfull \hbox (14.48615pt too wide) in paragraph at lines 433--444
\OML/cmm/m/it/10 F\OT1/cmr/m/n/10 )\OML/cmm/m/it/10 :$
 []


Overfull \hbox (39.11958pt too wide) in paragraph at lines 433--444
\OML/cmm/m/it/10 E[]; N[] \OMS/cmsy/m/n/10 2$
 []


Overfull \hbox (18.69875pt too wide) in paragraph at lines 433--444
\OML/cmm/m/it/10 E[] \OMS/cmsy/m/n/10 \
 []


Overfull \hbox (22.64311pt too wide) in paragraph at lines 433--444
\OML/cmm/m/it/10 N[] \OMS/cmsy/m/n/10 2$
 []


Overfull \hbox (18.56937pt too wide) in paragraph at lines 433--444
\OML/cmm/m/it/10 N \OMS/cmsy/m/n/10 2$
 []


Overfull \hbox (14.12498pt too wide) in paragraph at lines 433--444
\OML/cmm/m/it/10 N \OMS/cmsy/m/n/10 n
 []


Overfull \hbox (17.26385pt too wide) in paragraph at lines 433--444
\OML/cmm/m/it/10 F \OMS/cmsy/m/n/10 2$
 []


Overfull \hbox (18.5139pt too wide) in paragraph at lines 433--444
\OT1/cmr/m/n/10 (\OML/cmm/m/it/10 E \OMS/cmsy/m/n/10 [
 []


Overfull \hbox (25.2265pt too wide) in paragraph at lines 433--444
\OML/cmm/m/it/10 F\OT1/cmr/m/n/10 )[] \OMS/cmsy/m/n/10 2
 []


Overfull \hbox (6.0729pt too wide) in paragraph at lines 433--444
\OML/cmm/m/it/10 ^^[$ 
 []

Missing character: There is no D in font nullfont!
Missing character: There is no e in font nullfont!
Missing character: There is no f in font nullfont!
Missing character: There is no i in font nullfont!
Missing character: There is no n in font nullfont!
Missing character: There is no e in font nullfont!
/Users/gcrescenzo/Documents/School/LaTeX Documents/latex-class-notes/Fall 2025/550 Measure Theory/Notes/measures.tex:445: Undefined control sequence.
l.445 ...     Define $\overline{\mu}:\overline{\cM
                                                  } \rightarrow [0,\infty]$ ...
The control sequence at the end of the top line
of your error message was never \def'ed. If you have
misspelled it (e.g., `\hobx'), type `I' and the correct
spelling (e.g., `I\hbox'). Otherwise just continue,
and I'll forget about whatever was undefined.

Missing character: There is no b in font nullfont!
Missing character: There is no y in font nullfont!
Missing character: There is no . in font nullfont!
Missing character: There is no W in font nullfont!
Missing character: There is no e in font nullfont!
Missing character: There is no m in font nullfont!
Missing character: There is no u in font nullfont!
Missing character: There is no s in font nullfont!
Missing character: There is no t in font nullfont!
Missing character: There is no f in font nullfont!
Missing character: There is no i in font nullfont!
Missing character: There is no r in font nullfont!
Missing character: There is no s in font nullfont!
Missing character: There is no t in font nullfont!
Missing character: There is no s in font nullfont!
Missing character: There is no h in font nullfont!
Missing character: There is no o in font nullfont!
Missing character: There is no w in font nullfont!
Missing character: There is no t in font nullfont!
Missing character: There is no h in font nullfont!
Missing character: There is no a in font nullfont!
Missing character: There is no t in font nullfont!
Missing character: There is no t in font nullfont!
Missing character: There is no h in font nullfont!
Missing character: There is no i in font nullfont!
Missing character: There is no s in font nullfont!
Missing character: There is no m in font nullfont!
Missing character: There is no a in font nullfont!
Missing character: There is no p in font nullfont!
Missing character: There is no i in font nullfont!
Missing character: There is no s in font nullfont!
Missing character: There is no w in font nullfont!
Missing character: There is no e in font nullfont!
Missing character: There is no l in font nullfont!
Missing character: There is no l in font nullfont!
Missing character: There is no - in font nullfont!
Missing character: There is no d in font nullfont!
Missing character: There is no e in font nullfont!
Missing character: There is no f in font nullfont!
Missing character: There is no i in font nullfont!
Missing character: There is no n in font nullfont!
Missing character: There is no e in font nullfont!
Missing character: There is no d in font nullfont!
Missing character: There is no . in font nullfont!
Missing character: There is no S in font nullfont!
Missing character: There is no u in font nullfont!
Missing character: There is no p in font nullfont!
Missing character: There is no p in font nullfont!
Missing character: There is no o in font nullfont!
Missing character: There is no s in font nullfont!
Missing character: There is no e in font nullfont!
Missing character: There is no , in font nullfont!
Missing character: There is no w in font nullfont!
Missing character: There is no h in font nullfont!
Missing character: There is no e in font nullfont!
Missing character: There is no r in font nullfont!
Missing character: There is no e in font nullfont!
/Users/gcrescenzo/Documents/School/LaTeX Documents/latex-class-notes/Fall 2025/550 Measure Theory/Notes/measures.tex:445: Undefined control sequence.
l.445 ...\cup F_2$, where $F_i \subset N_i \in \cN
                                                  $ for $i=1,2$. Then $E_1 \...
The control sequence at the end of the top line
of your error message was never \def'ed. If you have
misspelled it (e.g., `\hobx'), type `I' and the correct
spelling (e.g., `I\hbox'). Otherwise just continue,
and I'll forget about whatever was undefined.

Missing character: There is no f in font nullfont!
Missing character: There is no o in font nullfont!
Missing character: There is no r in font nullfont!
Missing character: There is no . in font nullfont!
Missing character: There is no T in font nullfont!
Missing character: There is no h in font nullfont!
Missing character: There is no e in font nullfont!
Missing character: There is no n in font nullfont!
Missing character: There is no , in font nullfont!
Missing character: There is no h in font nullfont!
Missing character: There is no e in font nullfont!
Missing character: There is no n in font nullfont!
Missing character: There is no c in font nullfont!
Missing character: There is no e in font nullfont!
Missing character: There is no . in font nullfont!
Missing character: There is no T in font nullfont!
Missing character: There is no h in font nullfont!
Missing character: There is no i in font nullfont!
Missing character: There is no s in font nullfont!
Missing character: There is no m in font nullfont!
Missing character: There is no e in font nullfont!
Missing character: There is no a in font nullfont!
Missing character: There is no n in font nullfont!
Missing character: There is no s in font nullfont!
Missing character: There is no . in font nullfont!
Missing character: There is no B in font nullfont!
Missing character: There is no u in font nullfont!
Missing character: There is no t in font nullfont!
Missing character: There is no a in font nullfont!
Missing character: There is no n in font nullfont!
Missing character: There is no i in font nullfont!
Missing character: There is no d in font nullfont!
Missing character: There is no e in font nullfont!
Missing character: There is no n in font nullfont!
Missing character: There is no t in font nullfont!
Missing character: There is no i in font nullfont!
Missing character: There is no c in font nullfont!
Missing character: There is no a in font nullfont!
Missing character: There is no l in font nullfont!
Missing character: There is no a in font nullfont!
Missing character: There is no r in font nullfont!
Missing character: There is no g in font nullfont!
Missing character: There is no u in font nullfont!
Missing character: There is no m in font nullfont!
Missing character: There is no e in font nullfont!
Missing character: There is no n in font nullfont!
Missing character: There is no t in font nullfont!
Missing character: There is no g in font nullfont!
Missing character: There is no i in font nullfont!
Missing character: There is no v in font nullfont!
Missing character: There is no e in font nullfont!
Missing character: There is no s in font nullfont!
Missing character: There is no , in font nullfont!
Missing character: There is no h in font nullfont!
Missing character: There is no e in font nullfont!
Missing character: There is no n in font nullfont!
Missing character: There is no c in font nullfont!
Missing character: There is no e in font nullfont!
Missing character: There is no . in font nullfont!
Missing character: There is no T in font nullfont!
Missing character: There is no o in font nullfont!
Missing character: There is no g in font nullfont!
Missing character: There is no e in font nullfont!
Missing character: There is no t in font nullfont!
Missing character: There is no h in font nullfont!
Missing character: There is no e in font nullfont!
Missing character: There is no r in font nullfont!
Missing character: There is no , in font nullfont!
Missing character: There is no , in font nullfont!
Missing character: There is no a in font nullfont!
Missing character: There is no l in font nullfont!
Missing character: There is no l in font nullfont!
Missing character: There is no o in font nullfont!
Missing character: There is no w in font nullfont!
Missing character: There is no i in font nullfont!
Missing character: There is no n in font nullfont!
Missing character: There is no g in font nullfont!
Missing character: There is no u in font nullfont!
Missing character: There is no s in font nullfont!
Missing character: There is no t in font nullfont!
Missing character: There is no o in font nullfont!
Missing character: There is no s in font nullfont!
Missing character: There is no h in font nullfont!
Missing character: There is no o in font nullfont!
Missing character: There is no w in font nullfont!
Missing character: There is no t in font nullfont!
Missing character: There is no h in font nullfont!
Missing character: There is no a in font nullfont!
Missing character: There is no t in font nullfont!
Missing character: There is no : in font nullfont!

/Users/gcrescenzo/Documents/School/LaTeX Documents/latex-class-notes/Fall 2025/550 Measure Theory/Notes/measures.tex:446: LaTeX Error: Environment equation* undefined.

See the LaTeX manual or LaTeX Companion for explanation.
Type  H <return>  for immediate help.
 ...                                              
                                                  
l.446                 \begin{equation*}
                                       
Your command was ignored.
Type  I <command> <return>  to replace it with another command,
or  <return>  to continue without it.


/Users/gcrescenzo/Documents/School/LaTeX Documents/latex-class-notes/Fall 2025/550 Measure Theory/Notes/measures.tex:447: LaTeX Error: Environment split undefined.

See the LaTeX manual or LaTeX Companion for explanation.
Type  H <return>  for immediate help.
 ...                                              
                                                  
l.447                 \begin{split}
                                   
Your command was ignored.
Type  I <command> <return>  to replace it with another command,
or  <return>  to continue without it.

/Users/gcrescenzo/Documents/School/LaTeX Documents/latex-class-notes/Fall 2025/550 Measure Theory/Notes/measures.tex:448: Missing $ inserted.
<inserted text> 
                $
l.448                     \overline
                                   {\mu}(E_1 \cup F_1)
I've inserted a begin-math/end-math symbol since I think
you left one out. Proceed, with fingers crossed.

/Users/gcrescenzo/Documents/School/LaTeX Documents/latex-class-notes/Fall 2025/550 Measure Theory/Notes/measures.tex:449: Misplaced alignment tab character &.
l.449                     &
                            = \mu(E_1) \\
I can't figure out why you would want to use a tab mark
here. If you just want an ampersand, the remedy is
simple: Just type `I\&' now. But if some right brace
up above has ended a previous alignment prematurely,
you're probably due for more error messages, and you
might try typing `S' now just to see what is salvageable.

/Users/gcrescenzo/Documents/School/LaTeX Documents/latex-class-notes/Fall 2025/550 Measure Theory/Notes/measures.tex:450: Misplaced alignment tab character &.
<recently read> &
                 
l.450                     &
                            = \mu(E_2) \\
I can't figure out why you would want to use a tab mark
here. If you just want an ampersand, the remedy is
simple: Just type `I\&' now. But if some right brace
up above has ended a previous alignment prematurely,
you're probably due for more error messages, and you
might try typing `S' now just to see what is salvageable.

/Users/gcrescenzo/Documents/School/LaTeX Documents/latex-class-notes/Fall 2025/550 Measure Theory/Notes/measures.tex:451: Misplaced alignment tab character &.
<recently read> &
                 
l.451                     &
                            = \overline{\mu}(E_2 \cup F_2).
I can't figure out why you would want to use a tab mark
here. If you just want an ampersand, the remedy is
simple: Just type `I\&' now. But if some right brace
up above has ended a previous alignment prematurely,
you're probably due for more error messages, and you
might try typing `S' now just to see what is salvageable.


/Users/gcrescenzo/Documents/School/LaTeX Documents/latex-class-notes/Fall 2025/550 Measure Theory/Notes/measures.tex:452: LaTeX Error: \begin{document} ended by \end{split}.

See the LaTeX manual or LaTeX Companion for explanation.
Type  H <return>  for immediate help.
 ...                                              
                                                  
l.452                 \end{split}
                                 
Your command was ignored.
Type  I <command> <return>  to replace it with another command,
or  <return>  to continue without it.

/Users/gcrescenzo/Documents/School/LaTeX Documents/latex-class-notes/Fall 2025/550 Measure Theory/Notes/measures.tex:452: Missing $ inserted.
<inserted text> 
                $
l.452                 \end{split}
                                 
I've inserted something that you may have forgotten.
(See the <inserted text> above.)
With luck, this will get me unwedged. But if you
really didn't forget anything, try typing `2' now; then
my insertion and my current dilemma will both disappear.


/Users/gcrescenzo/Documents/School/LaTeX Documents/latex-class-notes/Fall 2025/550 Measure Theory/Notes/measures.tex:453: LaTeX Error: \begin{document} ended by \end{equation*}.

See the LaTeX manual or LaTeX Companion for explanation.
Type  H <return>  for immediate help.
 ...                                              
                                                  
l.453                 \end{equation*}
                                     
Your command was ignored.
Type  I <command> <return>  to replace it with another command,
or  <return>  to continue without it.

Missing character: There is no T in font nullfont!
Missing character: There is no h in font nullfont!
Missing character: There is no u in font nullfont!
Missing character: There is no s in font nullfont!
Missing character: There is no i in font nullfont!
Missing character: There is no s in font nullfont!
Missing character: There is no w in font nullfont!
Missing character: There is no e in font nullfont!
Missing character: There is no l in font nullfont!
Missing character: There is no l in font nullfont!
Missing character: There is no - in font nullfont!
Missing character: There is no d in font nullfont!
Missing character: There is no e in font nullfont!
Missing character: There is no f in font nullfont!
Missing character: There is no i in font nullfont!
Missing character: There is no n in font nullfont!
Missing character: There is no e in font nullfont!
Missing character: There is no d in font nullfont!
Missing character: There is no . in font nullfont!
Missing character: There is no N in font nullfont!
Missing character: There is no o in font nullfont!
Missing character: There is no t in font nullfont!
Missing character: There is no e in font nullfont!
Missing character: There is no t in font nullfont!
Missing character: There is no h in font nullfont!
Missing character: There is no a in font nullfont!
Missing character: There is no t in font nullfont!
/Users/gcrescenzo/Documents/School/LaTeX Documents/latex-class-notes/Fall 2025/550 Measure Theory/Notes/measures.tex:454: Undefined control sequence.
l.454 ...ell-defined. Note that $\emptyset \in \cM
                                                  $ and $\emptyset \in \cN$,...
The control sequence at the end of the top line
of your error message was never \def'ed. If you have
misspelled it (e.g., `\hobx'), type `I' and the correct
spelling (e.g., `I\hbox'). Otherwise just continue,
and I'll forget about whatever was undefined.

Missing character: There is no a in font nullfont!
Missing character: There is no n in font nullfont!
Missing character: There is no d in font nullfont!
/Users/gcrescenzo/Documents/School/LaTeX Documents/latex-class-notes/Fall 2025/550 Measure Theory/Notes/measures.tex:454: Undefined control sequence.
l.454 ...\emptyset \in \cM$ and $\emptyset \in \cN
                                                  $, hence $\overline{\mu}(\...
The control sequence at the end of the top line
of your error message was never \def'ed. If you have
misspelled it (e.g., `\hobx'), type `I' and the correct
spelling (e.g., `I\hbox'). Otherwise just continue,
and I'll forget about whatever was undefined.

Missing character: There is no , in font nullfont!
Missing character: There is no h in font nullfont!
Missing character: There is no e in font nullfont!
Missing character: There is no n in font nullfont!
Missing character: There is no c in font nullfont!
Missing character: There is no e in font nullfont!
Missing character: There is no . in font nullfont!
Missing character: There is no N in font nullfont!
Missing character: There is no o in font nullfont!
Missing character: There is no w in font nullfont!
Missing character: There is no i in font nullfont!
Missing character: There is no f in font nullfont!
/Users/gcrescenzo/Documents/School/LaTeX Documents/latex-class-notes/Fall 2025/550 Measure Theory/Notes/measures.tex:454: Undefined control sequence.
l.454 ..._i\}_{i = 1}^\infty \subset \overline{\cM
                                                  }$ are pairwise disjoint, ...
The control sequence at the end of the top line
of your error message was never \def'ed. If you have
misspelled it (e.g., `\hobx'), type `I' and the correct
spelling (e.g., `I\hbox'). Otherwise just continue,
and I'll forget about whatever was undefined.

Missing character: There is no a in font nullfont!
Missing character: There is no r in font nullfont!
Missing character: There is no e in font nullfont!
Missing character: There is no p in font nullfont!
Missing character: There is no a in font nullfont!
Missing character: There is no i in font nullfont!
Missing character: There is no r in font nullfont!
Missing character: There is no w in font nullfont!
Missing character: There is no i in font nullfont!
Missing character: There is no s in font nullfont!
Missing character: There is no e in font nullfont!
Missing character: There is no d in font nullfont!
Missing character: There is no i in font nullfont!
Missing character: There is no s in font nullfont!
Missing character: There is no j in font nullfont!
Missing character: There is no o in font nullfont!
Missing character: There is no i in font nullfont!
Missing character: There is no n in font nullfont!
Missing character: There is no t in font nullfont!
Missing character: There is no , in font nullfont!
Missing character: There is no t in font nullfont!
Missing character: There is no h in font nullfont!
Missing character: There is no e in font nullfont!
Missing character: There is no n in font nullfont!
Missing character: There is no i in font nullfont!
Missing character: There is no t in font nullfont!
Missing character: There is no m in font nullfont!
Missing character: There is no u in font nullfont!
Missing character: There is no s in font nullfont!
Missing character: There is no t in font nullfont!
Missing character: There is no b in font nullfont!
Missing character: There is no e in font nullfont!
Missing character: There is no t in font nullfont!
Missing character: There is no h in font nullfont!
Missing character: There is no e in font nullfont!
Missing character: There is no c in font nullfont!
Missing character: There is no a in font nullfont!
Missing character: There is no s in font nullfont!
Missing character: There is no e in font nullfont!
Missing character: There is no t in font nullfont!
Missing character: There is no h in font nullfont!
Missing character: There is no a in font nullfont!
Missing character: There is no t in font nullfont!
Missing character: There is no a in font nullfont!
Missing character: There is no r in font nullfont!
Missing character: There is no e in font nullfont!
Missing character: There is no p in font nullfont!
Missing character: There is no a in font nullfont!
Missing character: There is no i in font nullfont!
Missing character: There is no r in font nullfont!
Missing character: There is no w in font nullfont!
Missing character: There is no i in font nullfont!
Missing character: There is no s in font nullfont!
Missing character: There is no e in font nullfont!
Missing character: There is no d in font nullfont!
Missing character: There is no i in font nullfont!
Missing character: There is no s in font nullfont!
Missing character: There is no j in font nullfont!
Missing character: There is no o in font nullfont!
Missing character: There is no i in font nullfont!
Missing character: There is no n in font nullfont!
Missing character: There is no t in font nullfont!
Missing character: There is no . in font nullfont!
Missing character: There is no T in font nullfont!
Missing character: There is no h in font nullfont!
Missing character: There is no i in font nullfont!
Missing character: There is no s in font nullfont!
Missing character: There is no g in font nullfont!
Missing character: There is no i in font nullfont!
Missing character: There is no v in font nullfont!
Missing character: There is no e in font nullfont!
Missing character: There is no s in font nullfont!
Missing character: There is no : in font nullfont!

/Users/gcrescenzo/Documents/School/LaTeX Documents/latex-class-notes/Fall 2025/550 Measure Theory/Notes/measures.tex:455: LaTeX Error: Environment equation* undefined.

See the LaTeX manual or LaTeX Companion for explanation.
Type  H <return>  for immediate help.
 ...                                              
                                                  
l.455                 \begin{equation*}
                                       
Your command was ignored.
Type  I <command> <return>  to replace it with another command,
or  <return>  to continue without it.


/Users/gcrescenzo/Documents/School/LaTeX Documents/latex-class-notes/Fall 2025/550 Measure Theory/Notes/measures.tex:456: LaTeX Error: Environment split undefined.

See the LaTeX manual or LaTeX Companion for explanation.
Type  H <return>  for immediate help.
 ...                                              
                                                  
l.456                 \begin{split}
                                   
Your command was ignored.
Type  I <command> <return>  to replace it with another command,
or  <return>  to continue without it.

/Users/gcrescenzo/Documents/School/LaTeX Documents/latex-class-notes/Fall 2025/550 Measure Theory/Notes/measures.tex:457: Missing $ inserted.
<inserted text> 
                $
l.457                     \overline
                                   {\mu}\left(\bigcup_{i = 1}^\infty E_i \cu...
I've inserted a begin-math/end-math symbol since I think
you left one out. Proceed, with fingers crossed.

/Users/gcrescenzo/Documents/School/LaTeX Documents/latex-class-notes/Fall 2025/550 Measure Theory/Notes/measures.tex:458: Misplaced alignment tab character &.
l.458                     &
                            = \overline{\mu} \left( \bigcup_{i = 1}^\infty E...
I can't figure out why you would want to use a tab mark
here. If you just want an ampersand, the remedy is
simple: Just type `I\&' now. But if some right brace
up above has ended a previous alignment prematurely,
you're probably due for more error messages, and you
might try typing `S' now just to see what is salvageable.


/Users/gcrescenzo/Documents/School/LaTeX Documents/latex-class-notes/Fall 2025/550 Measure Theory/Notes/measures.tex:459: LaTeX Error: \begin{document} ended by \end{split}.

See the LaTeX manual or LaTeX Companion for explanation.
Type  H <return>  for immediate help.
 ...                                              
                                                  
l.459                 \end{split}
                                 
Your command was ignored.
Type  I <command> <return>  to replace it with another command,
or  <return>  to continue without it.

/Users/gcrescenzo/Documents/School/LaTeX Documents/latex-class-notes/Fall 2025/550 Measure Theory/Notes/measures.tex:459: Missing $ inserted.
<inserted text> 
                $
l.459                 \end{split}
                                 
I've inserted something that you may have forgotten.
(See the <inserted text> above.)
With luck, this will get me unwedged. But if you
really didn't forget anything, try typing `2' now; then
my insertion and my current dilemma will both disappear.


/Users/gcrescenzo/Documents/School/LaTeX Documents/latex-class-notes/Fall 2025/550 Measure Theory/Notes/measures.tex:460: LaTeX Error: \begin{document} ended by \end{equation*}.

See the LaTeX manual or LaTeX Companion for explanation.
Type  H <return>  for immediate help.
 ...                                              
                                                  
l.460                 \end{equation*}
                                     
Your command was ignored.
Type  I <command> <return>  to replace it with another command,
or  <return>  to continue without it.

Missing character: There is no N in font nullfont!
Missing character: There is no o in font nullfont!
Missing character: There is no t in font nullfont!
Missing character: There is no e in font nullfont!
Missing character: There is no t in font nullfont!
Missing character: There is no h in font nullfont!
Missing character: There is no a in font nullfont!
Missing character: There is no t in font nullfont!
/Users/gcrescenzo/Documents/School/LaTeX Documents/latex-class-notes/Fall 2025/550 Measure Theory/Notes/measures.tex:461: Undefined control sequence.
l.461 ... that $\bigcup_{i = 1}^\infty E_i \in \cM
                                                  $, and $\bigcup_{i = 1}^\i...
The control sequence at the end of the top line
of your error message was never \def'ed. If you have
misspelled it (e.g., `\hobx'), type `I' and the correct
spelling (e.g., `I\hbox'). Otherwise just continue,
and I'll forget about whatever was undefined.

Missing character: There is no , in font nullfont!
Missing character: There is no a in font nullfont!
Missing character: There is no n in font nullfont!
Missing character: There is no d in font nullfont!
/Users/gcrescenzo/Documents/School/LaTeX Documents/latex-class-notes/Fall 2025/550 Measure Theory/Notes/measures.tex:461: Undefined control sequence.
l.461 ...subset \bigcup_{i = 1}^\infty N_i \in \cN
                                                  $, hence:
The control sequence at the end of the top line
of your error message was never \def'ed. If you have
misspelled it (e.g., `\hobx'), type `I' and the correct
spelling (e.g., `I\hbox'). Otherwise just continue,
and I'll forget about whatever was undefined.

Missing character: There is no , in font nullfont!
Missing character: There is no h in font nullfont!
Missing character: There is no e in font nullfont!
Missing character: There is no n in font nullfont!
Missing character: There is no c in font nullfont!
Missing character: There is no e in font nullfont!
Missing character: There is no : in font nullfont!

/Users/gcrescenzo/Documents/School/LaTeX Documents/latex-class-notes/Fall 2025/550 Measure Theory/Notes/measures.tex:462: LaTeX Error: Environment equation* undefined.

See the LaTeX manual or LaTeX Companion for explanation.
Type  H <return>  for immediate help.
 ...                                              
                                                  
l.462                 \begin{equation*}
                                       
Your command was ignored.
Type  I <command> <return>  to replace it with another command,
or  <return>  to continue without it.


/Users/gcrescenzo/Documents/School/LaTeX Documents/latex-class-notes/Fall 2025/550 Measure Theory/Notes/measures.tex:463: LaTeX Error: Environment split undefined.

See the LaTeX manual or LaTeX Companion for explanation.
Type  H <return>  for immediate help.
 ...                                              
                                                  
l.463                 \begin{split}
                                   
Your command was ignored.
Type  I <command> <return>  to replace it with another command,
or  <return>  to continue without it.

/Users/gcrescenzo/Documents/School/LaTeX Documents/latex-class-notes/Fall 2025/550 Measure Theory/Notes/measures.tex:464: Missing $ inserted.
<inserted text> 
                $
l.464                     \overline
                                   {\mu}\left(\bigcup_{i = 1}^\infty E_i \cu...
I've inserted a begin-math/end-math symbol since I think
you left one out. Proceed, with fingers crossed.

/Users/gcrescenzo/Documents/School/LaTeX Documents/latex-class-notes/Fall 2025/550 Measure Theory/Notes/measures.tex:465: Misplaced alignment tab character &.
l.465                     &
                            = \overline{\mu} \left( \bigcup_{i = 1}^\infty E...
I can't figure out why you would want to use a tab mark
here. If you just want an ampersand, the remedy is
simple: Just type `I\&' now. But if some right brace
up above has ended a previous alignment prematurely,
you're probably due for more error messages, and you
might try typing `S' now just to see what is salvageable.

/Users/gcrescenzo/Documents/School/LaTeX Documents/latex-class-notes/Fall 2025/550 Measure Theory/Notes/measures.tex:466: Misplaced alignment tab character &.
<recently read> &
                 
l.466                     &
                            = \mu\left(\bigcup_{i = 1}^\infty E_i\right) \\
I can't figure out why you would want to use a tab mark
here. If you just want an ampersand, the remedy is
simple: Just type `I\&' now. But if some right brace
up above has ended a previous alignment prematurely,
you're probably due for more error messages, and you
might try typing `S' now just to see what is salvageable.

/Users/gcrescenzo/Documents/School/LaTeX Documents/latex-class-notes/Fall 2025/550 Measure Theory/Notes/measures.tex:467: Misplaced alignment tab character &.
<recently read> &
                 
l.467                     &
                            \leq \sum_{i = 1}^\infty \mu(E_i) \\
I can't figure out why you would want to use a tab mark
here. If you just want an ampersand, the remedy is
simple: Just type `I\&' now. But if some right brace
up above has ended a previous alignment prematurely,
you're probably due for more error messages, and you
might try typing `S' now just to see what is salvageable.

/Users/gcrescenzo/Documents/School/LaTeX Documents/latex-class-notes/Fall 2025/550 Measure Theory/Notes/measures.tex:468: Misplaced alignment tab character &.
<recently read> &
                 
l.468                     &
                            = \sum_{i = 1}^\infty \overline{\mu}(E_i \cup F_i).
I can't figure out why you would want to use a tab mark
here. If you just want an ampersand, the remedy is
simple: Just type `I\&' now. But if some right brace
up above has ended a previous alignment prematurely,
you're probably due for more error messages, and you
might try typing `S' now just to see what is salvageable.


/Users/gcrescenzo/Documents/School/LaTeX Documents/latex-class-notes/Fall 2025/550 Measure Theory/Notes/measures.tex:469: LaTeX Error: \begin{document} ended by \end{split}.

See the LaTeX manual or LaTeX Companion for explanation.
Type  H <return>  for immediate help.
 ...                                              
                                                  
l.469                 \end{split}
                                 
Your command was ignored.
Type  I <command> <return>  to replace it with another command,
or  <return>  to continue without it.

/Users/gcrescenzo/Documents/School/LaTeX Documents/latex-class-notes/Fall 2025/550 Measure Theory/Notes/measures.tex:469: Missing $ inserted.
<inserted text> 
                $
l.469                 \end{split}
                                 
I've inserted something that you may have forgotten.
(See the <inserted text> above.)
With luck, this will get me unwedged. But if you
really didn't forget anything, try typing `2' now; then
my insertion and my current dilemma will both disappear.


/Users/gcrescenzo/Documents/School/LaTeX Documents/latex-class-notes/Fall 2025/550 Measure Theory/Notes/measures.tex:470: LaTeX Error: \begin{document} ended by \end{equation*}.

See the LaTeX manual or LaTeX Companion for explanation.
Type  H <return>  for immediate help.
 ...                                              
                                                  
l.470                 \end{equation*}
                                     
Your command was ignored.
Type  I <command> <return>  to replace it with another command,
or  <return>  to continue without it.

Missing character: There is no T in font nullfont!
Missing character: There is no h in font nullfont!
Missing character: There is no u in font nullfont!
Missing character: There is no s in font nullfont!
Missing character: There is no i in font nullfont!
Missing character: There is no s in font nullfont!
Missing character: There is no a in font nullfont!
Missing character: There is no m in font nullfont!
Missing character: There is no e in font nullfont!
Missing character: There is no a in font nullfont!
Missing character: There is no s in font nullfont!
Missing character: There is no u in font nullfont!
Missing character: There is no r in font nullfont!
Missing character: There is no e in font nullfont!
Missing character: There is no . in font nullfont!
Missing character: There is no M in font nullfont!
Missing character: There is no o in font nullfont!
Missing character: There is no r in font nullfont!
Missing character: There is no e in font nullfont!
Missing character: There is no o in font nullfont!
Missing character: There is no v in font nullfont!
Missing character: There is no e in font nullfont!
Missing character: There is no r in font nullfont!
Missing character: There is no , in font nullfont!
Missing character: There is no i in font nullfont!
Missing character: There is no t in font nullfont!
Missing character: There is no i in font nullfont!
Missing character: There is no s in font nullfont!
Missing character: There is no a in font nullfont!
Missing character: There is no n in font nullfont!
Missing character: There is no e in font nullfont!
Missing character: There is no x in font nullfont!
Missing character: There is no t in font nullfont!
Missing character: There is no e in font nullfont!
Missing character: There is no n in font nullfont!
Missing character: There is no s in font nullfont!
Missing character: There is no i in font nullfont!
Missing character: There is no o in font nullfont!
Missing character: There is no n in font nullfont!
Missing character: There is no o in font nullfont!
Missing character: There is no f in font nullfont!
Missing character: There is no s in font nullfont!
Missing character: There is no i in font nullfont!
Missing character: There is no n in font nullfont!
Missing character: There is no c in font nullfont!
Missing character: There is no e in font nullfont!
Missing character: There is no f in font nullfont!
Missing character: There is no o in font nullfont!
Missing character: There is no r in font nullfont!
Missing character: There is no a in font nullfont!
Missing character: There is no n in font nullfont!
Missing character: There is no y in font nullfont!
/Users/gcrescenzo/Documents/School/LaTeX Documents/latex-class-notes/Fall 2025/550 Measure Theory/Notes/measures.tex:471: Undefined control sequence.
l.471 ...tension of $\mu$ since for any $E \in \cM
                                                  $, $\overline{\mu}(E) = \o...
The control sequence at the end of the top line
of your error message was never \def'ed. If you have
misspelled it (e.g., `\hobx'), type `I' and the correct
spelling (e.g., `I\hbox'). Otherwise just continue,
and I'll forget about whatever was undefined.

Missing character: There is no , in font nullfont!
Missing character: There is no . in font nullfont!
Missing character: There is no I in font nullfont!
Missing character: There is no t in font nullfont!
Missing character: There is no r in font nullfont!
Missing character: There is no e in font nullfont!
Missing character: There is no m in font nullfont!
Missing character: There is no a in font nullfont!
Missing character: There is no i in font nullfont!
Missing character: There is no n in font nullfont!
Missing character: There is no s in font nullfont!
Missing character: There is no t in font nullfont!
Missing character: There is no o in font nullfont!
Missing character: There is no s in font nullfont!
Missing character: There is no h in font nullfont!
Missing character: There is no o in font nullfont!
Missing character: There is no w in font nullfont!
Missing character: There is no t in font nullfont!
Missing character: There is no h in font nullfont!
Missing character: There is no a in font nullfont!
Missing character: There is no t in font nullfont!
Missing character: There is no t in font nullfont!
Missing character: There is no h in font nullfont!
Missing character: There is no i in font nullfont!
Missing character: There is no s in font nullfont!
Missing character: There is no e in font nullfont!
Missing character: There is no x in font nullfont!
Missing character: There is no t in font nullfont!
Missing character: There is no e in font nullfont!
Missing character: There is no n in font nullfont!
Missing character: There is no s in font nullfont!
Missing character: There is no i in font nullfont!
Missing character: There is no o in font nullfont!
Missing character: There is no n in font nullfont!
Missing character: There is no i in font nullfont!
Missing character: There is no s in font nullfont!
Missing character: There is no u in font nullfont!
Missing character: There is no n in font nullfont!
Missing character: There is no i in font nullfont!
Missing character: There is no q in font nullfont!
Missing character: There is no u in font nullfont!
Missing character: There is no e in font nullfont!
Missing character: There is no . in font nullfont!
Missing character: There is no S in font nullfont!
Missing character: There is no u in font nullfont!
Missing character: There is no p in font nullfont!
Missing character: There is no p in font nullfont!
Missing character: There is no o in font nullfont!
Missing character: There is no s in font nullfont!
Missing character: There is no e in font nullfont!
Missing character: There is no i in font nullfont!
Missing character: There is no s in font nullfont!
Missing character: There is no a in font nullfont!
Missing character: There is no l in font nullfont!
Missing character: There is no s in font nullfont!
Missing character: There is no o in font nullfont!
Missing character: There is no a in font nullfont!
Missing character: There is no n in font nullfont!
Missing character: There is no e in font nullfont!
Missing character: There is no x in font nullfont!
Missing character: There is no t in font nullfont!
Missing character: There is no e in font nullfont!
Missing character: There is no n in font nullfont!
Missing character: There is no s in font nullfont!
Missing character: There is no i in font nullfont!
Missing character: There is no o in font nullfont!
Missing character: There is no n in font nullfont!
Missing character: There is no o in font nullfont!
Missing character: There is no f in font nullfont!
Missing character: There is no o in font nullfont!
Missing character: There is no n in font nullfont!
Missing character: There is no t in font nullfont!
Missing character: There is no o in font nullfont!
/Users/gcrescenzo/Documents/School/LaTeX Documents/latex-class-notes/Fall 2025/550 Measure Theory/Notes/measures.tex:471: Undefined control sequence.
l.471 ...an extension of $\mu$ onto $\overline{\cM
                                                  }$. (WTS $\gamma(\overline...
The control sequence at the end of the top line
of your error message was never \def'ed. If you have
misspelled it (e.g., `\hobx'), type `I' and the correct
spelling (e.g., `I\hbox'). Otherwise just continue,
and I'll forget about whatever was undefined.

Missing character: There is no . in font nullfont!
Missing character: There is no ( in font nullfont!
Missing character: There is no W in font nullfont!
Missing character: There is no T in font nullfont!
Missing character: There is no S in font nullfont!
/Users/gcrescenzo/Documents/School/LaTeX Documents/latex-class-notes/Fall 2025/550 Measure Theory/Notes/measures.tex:471: Undefined control sequence.
l.471 ...verline{\cM}$. (WTS $\gamma(\overline{\cM
                                                  }) = \overline{\mu}(\overl...
The control sequence at the end of the top line
of your error message was never \def'ed. If you have
misspelled it (e.g., `\hobx'), type `I' and the correct
spelling (e.g., `I\hbox'). Otherwise just continue,
and I'll forget about whatever was undefined.

/Users/gcrescenzo/Documents/School/LaTeX Documents/latex-class-notes/Fall 2025/550 Measure Theory/Notes/measures.tex:471: Undefined control sequence.
l.471 ...line{\cM}) = \overline{\mu}(\overline{\cM
                                                  })$). Let $E \cup F \in \o...
The control sequence at the end of the top line
of your error message was never \def'ed. If you have
misspelled it (e.g., `\hobx'), type `I' and the correct
spelling (e.g., `I\hbox'). Otherwise just continue,
and I'll forget about whatever was undefined.

Missing character: There is no ) in font nullfont!
Missing character: There is no . in font nullfont!
Missing character: There is no L in font nullfont!
Missing character: There is no e in font nullfont!
Missing character: There is no t in font nullfont!
/Users/gcrescenzo/Documents/School/LaTeX Documents/latex-class-notes/Fall 2025/550 Measure Theory/Notes/measures.tex:471: Undefined control sequence.
l.471 ...{\cM})$). Let $E \cup F \in \overline{\cM
                                                  }$, where $F \subset N \in...
The control sequence at the end of the top line
of your error message was never \def'ed. If you have
misspelled it (e.g., `\hobx'), type `I' and the correct
spelling (e.g., `I\hbox'). Otherwise just continue,
and I'll forget about whatever was undefined.

Missing character: There is no , in font nullfont!
Missing character: There is no w in font nullfont!
Missing character: There is no h in font nullfont!
Missing character: There is no e in font nullfont!
Missing character: There is no r in font nullfont!
Missing character: There is no e in font nullfont!
/Users/gcrescenzo/Documents/School/LaTeX Documents/latex-class-notes/Fall 2025/550 Measure Theory/Notes/measures.tex:471: Undefined control sequence.
l.471 ...verline{\cM}$, where $F \subset N \in \cN
                                                  $. By subadditivity:
The control sequence at the end of the top line
of your error message was never \def'ed. If you have
misspelled it (e.g., `\hobx'), type `I' and the correct
spelling (e.g., `I\hbox'). Otherwise just continue,
and I'll forget about whatever was undefined.

Missing character: There is no . in font nullfont!
Missing character: There is no B in font nullfont!
Missing character: There is no y in font nullfont!
Missing character: There is no s in font nullfont!
Missing character: There is no u in font nullfont!
Missing character: There is no b in font nullfont!
Missing character: There is no a in font nullfont!
Missing character: There is no d in font nullfont!
Missing character: There is no d in font nullfont!
Missing character: There is no i in font nullfont!
Missing character: There is no t in font nullfont!
Missing character: There is no i in font nullfont!
Missing character: There is no v in font nullfont!
Missing character: There is no i in font nullfont!
Missing character: There is no t in font nullfont!
Missing character: There is no y in font nullfont!
Missing character: There is no : in font nullfont!

/Users/gcrescenzo/Documents/School/LaTeX Documents/latex-class-notes/Fall 2025/550 Measure Theory/Notes/measures.tex:472: LaTeX Error: Environment equation* undefined.

See the LaTeX manual or LaTeX Companion for explanation.
Type  H <return>  for immediate help.
 ...                                              
                                                  
l.472                 \begin{equation*}
                                       
Your command was ignored.
Type  I <command> <return>  to replace it with another command,
or  <return>  to continue without it.


/Users/gcrescenzo/Documents/School/LaTeX Documents/latex-class-notes/Fall 2025/550 Measure Theory/Notes/measures.tex:473: LaTeX Error: Environment split undefined.

See the LaTeX manual or LaTeX Companion for explanation.
Type  H <return>  for immediate help.
 ...                                              
                                                  
l.473                 \begin{split}
                                   
Your command was ignored.
Type  I <command> <return>  to replace it with another command,
or  <return>  to continue without it.

/Users/gcrescenzo/Documents/School/LaTeX Documents/latex-class-notes/Fall 2025/550 Measure Theory/Notes/measures.tex:474: Missing $ inserted.
<inserted text> 
                $
l.474                     \gamma
                                (E \cup F)
I've inserted a begin-math/end-math symbol since I think
you left one out. Proceed, with fingers crossed.

/Users/gcrescenzo/Documents/School/LaTeX Documents/latex-class-notes/Fall 2025/550 Measure Theory/Notes/measures.tex:475: Misplaced alignment tab character &.
l.475                     &
                            \leq \gamma(E) \cup \gamma(F) \\
I can't figure out why you would want to use a tab mark
here. If you just want an ampersand, the remedy is
simple: Just type `I\&' now. But if some right brace
up above has ended a previous alignment prematurely,
you're probably due for more error messages, and you
might try typing `S' now just to see what is salvageable.

/Users/gcrescenzo/Documents/School/LaTeX Documents/latex-class-notes/Fall 2025/550 Measure Theory/Notes/measures.tex:476: Misplaced alignment tab character &.
<recently read> &
                 
l.476                     &
                            = \gamma(E) \\
I can't figure out why you would want to use a tab mark
here. If you just want an ampersand, the remedy is
simple: Just type `I\&' now. But if some right brace
up above has ended a previous alignment prematurely,
you're probably due for more error messages, and you
might try typing `S' now just to see what is salvageable.

/Users/gcrescenzo/Documents/School/LaTeX Documents/latex-class-notes/Fall 2025/550 Measure Theory/Notes/measures.tex:477: Misplaced alignment tab character &.
<recently read> &
                 
l.477                     &
                            = \mu(E) \h9\h9\text{\tiny Since $\restr{\gamma}...
I can't figure out why you would want to use a tab mark
here. If you just want an ampersand, the remedy is
simple: Just type `I\&' now. But if some right brace
up above has ended a previous alignment prematurely,
you're probably due for more error messages, and you
might try typing `S' now just to see what is salvageable.

/Users/gcrescenzo/Documents/School/LaTeX Documents/latex-class-notes/Fall 2025/550 Measure Theory/Notes/measures.tex:477: Undefined control sequence.
l.477                     & = \mu(E) \h
                                       9\h9\text{\tiny Since $\restr{\gamma}...
The control sequence at the end of the top line
of your error message was never \def'ed. If you have
misspelled it (e.g., `\hobx'), type `I' and the correct
spelling (e.g., `I\hbox'). Otherwise just continue,
and I'll forget about whatever was undefined.

/Users/gcrescenzo/Documents/School/LaTeX Documents/latex-class-notes/Fall 2025/550 Measure Theory/Notes/measures.tex:477: Undefined control sequence.
l.477                     & = \mu(E) \h9\h
                                          9\text{\tiny Since $\restr{\gamma}...
The control sequence at the end of the top line
of your error message was never \def'ed. If you have
misspelled it (e.g., `\hobx'), type `I' and the correct
spelling (e.g., `I\hbox'). Otherwise just continue,
and I'll forget about whatever was undefined.

/Users/gcrescenzo/Documents/School/LaTeX Documents/latex-class-notes/Fall 2025/550 Measure Theory/Notes/measures.tex:477: Undefined control sequence.
l.477                     & = \mu(E) \h9\h9\text
                                                {\tiny Since $\restr{\gamma}...
The control sequence at the end of the top line
of your error message was never \def'ed. If you have
misspelled it (e.g., `\hobx'), type `I' and the correct
spelling (e.g., `I\hbox'). Otherwise just continue,
and I'll forget about whatever was undefined.

/Users/gcrescenzo/Documents/School/LaTeX Documents/latex-class-notes/Fall 2025/550 Measure Theory/Notes/measures.tex:477: Undefined control sequence.
l.477 ...             & = \mu(E) \h9\h9\text{\tiny
                                                   Since $\restr{\gamma}{\cM...
The control sequence at the end of the top line
of your error message was never \def'ed. If you have
misspelled it (e.g., `\hobx'), type `I' and the correct
spelling (e.g., `I\hbox'). Otherwise just continue,
and I'll forget about whatever was undefined.

/Users/gcrescenzo/Documents/School/LaTeX Documents/latex-class-notes/Fall 2025/550 Measure Theory/Notes/measures.tex:477: Missing } inserted.
<inserted text> 
                }
l.477 ...     & = \mu(E) \h9\h9\text{\tiny Since $
                                                  \restr{\gamma}{\cM} = \mu$}\\
I've inserted something that you may have forgotten.
(See the <inserted text> above.)
With luck, this will get me unwedged. But if you
really didn't forget anything, try typing `2' now; then
my insertion and my current dilemma will both disappear.

/Users/gcrescenzo/Documents/School/LaTeX Documents/latex-class-notes/Fall 2025/550 Measure Theory/Notes/measures.tex:477: Undefined control sequence.
l.477 ... = \mu(E) \h9\h9\text{\tiny Since $\restr
                                                  {\gamma}{\cM} = \mu$}\\
The control sequence at the end of the top line
of your error message was never \def'ed. If you have
misspelled it (e.g., `\hobx'), type `I' and the correct
spelling (e.g., `I\hbox'). Otherwise just continue,
and I'll forget about whatever was undefined.

/Users/gcrescenzo/Documents/School/LaTeX Documents/latex-class-notes/Fall 2025/550 Measure Theory/Notes/measures.tex:477: Missing $ inserted.
<inserted text> 
                $
l.477 ...E) \h9\h9\text{\tiny Since $\restr{\gamma
                                                  }{\cM} = \mu$}\\
I've inserted a begin-math/end-math symbol since I think
you left one out. Proceed, with fingers crossed.

/Users/gcrescenzo/Documents/School/LaTeX Documents/latex-class-notes/Fall 2025/550 Measure Theory/Notes/measures.tex:477: Extra }, or forgotten $.
l.477 ...) \h9\h9\text{\tiny Since $\restr{\gamma}
                                                  {\cM} = \mu$}\\
I've deleted a group-closing symbol because it seems to be
spurious, as in `$x}$'. But perhaps the } is legitimate and
you forgot something else, as in `\hbox{$x}'. In such cases
the way to recover is to insert both the forgotten and the
deleted material, e.g., by typing `I$}'.

/Users/gcrescenzo/Documents/School/LaTeX Documents/latex-class-notes/Fall 2025/550 Measure Theory/Notes/measures.tex:477: Undefined control sequence.
l.477 ...9\h9\text{\tiny Since $\restr{\gamma}{\cM
                                                  } = \mu$}\\
The control sequence at the end of the top line
of your error message was never \def'ed. If you have
misspelled it (e.g., `\hobx'), type `I' and the correct
spelling (e.g., `I\hbox'). Otherwise just continue,
and I'll forget about whatever was undefined.

/Users/gcrescenzo/Documents/School/LaTeX Documents/latex-class-notes/Fall 2025/550 Measure Theory/Notes/measures.tex:478: Misplaced alignment tab character &.
<recently read> &
                 
l.478                     &
                            = \overline{\mu}(E \cup F).
I can't figure out why you would want to use a tab mark
here. If you just want an ampersand, the remedy is
simple: Just type `I\&' now. But if some right brace
up above has ended a previous alignment prematurely,
you're probably due for more error messages, and you
might try typing `S' now just to see what is salvageable.

Missing character: There is no = in font nullfont!
/Users/gcrescenzo/Documents/School/LaTeX Documents/latex-class-notes/Fall 2025/550 Measure Theory/Notes/measures.tex:478: Missing $ inserted.
<inserted text> 
                $
l.478                     & = \overline
                                       {\mu}(E \cup F).
I've inserted a begin-math/end-math symbol since I think
you left one out. Proceed, with fingers crossed.


/Users/gcrescenzo/Documents/School/LaTeX Documents/latex-class-notes/Fall 2025/550 Measure Theory/Notes/measures.tex:479: LaTeX Error: \begin{document} ended by \end{split}.

See the LaTeX manual or LaTeX Companion for explanation.
Type  H <return>  for immediate help.
 ...                                              
                                                  
l.479                 \end{split}
                                 
Your command was ignored.
Type  I <command> <return>  to replace it with another command,
or  <return>  to continue without it.

/Users/gcrescenzo/Documents/School/LaTeX Documents/latex-class-notes/Fall 2025/550 Measure Theory/Notes/measures.tex:479: Missing $ inserted.
<inserted text> 
                $
l.479                 \end{split}
                                 
I've inserted something that you may have forgotten.
(See the <inserted text> above.)
With luck, this will get me unwedged. But if you
really didn't forget anything, try typing `2' now; then
my insertion and my current dilemma will both disappear.


/Users/gcrescenzo/Documents/School/LaTeX Documents/latex-class-notes/Fall 2025/550 Measure Theory/Notes/measures.tex:480: LaTeX Error: \begin{document} ended by \end{equation*}.

See the LaTeX manual or LaTeX Companion for explanation.
Type  H <return>  for immediate help.
 ...                                              
                                                  
l.480                 \end{equation*}
                                     
Your command was ignored.
Type  I <command> <return>  to replace it with another command,
or  <return>  to continue without it.

Missing character: There is no B in font nullfont!
Missing character: There is no u in font nullfont!
Missing character: There is no t in font nullfont!
Missing character: There is no b in font nullfont!
Missing character: There is no y in font nullfont!
Missing character: There is no m in font nullfont!
Missing character: There is no o in font nullfont!
Missing character: There is no n in font nullfont!
Missing character: There is no o in font nullfont!
Missing character: There is no t in font nullfont!
Missing character: There is no o in font nullfont!
Missing character: There is no n in font nullfont!
Missing character: There is no i in font nullfont!
Missing character: There is no c in font nullfont!
Missing character: There is no i in font nullfont!
Missing character: There is no t in font nullfont!
Missing character: There is no y in font nullfont!
Missing character: There is no : in font nullfont!

/Users/gcrescenzo/Documents/School/LaTeX Documents/latex-class-notes/Fall 2025/550 Measure Theory/Notes/measures.tex:482: LaTeX Error: Environment equation* undefined.

See the LaTeX manual or LaTeX Companion for explanation.
Type  H <return>  for immediate help.
 ...                                              
                                                  
l.482                 \begin{equation*}
                                       
Your command was ignored.
Type  I <command> <return>  to replace it with another command,
or  <return>  to continue without it.


/Users/gcrescenzo/Documents/School/LaTeX Documents/latex-class-notes/Fall 2025/550 Measure Theory/Notes/measures.tex:483: LaTeX Error: Environment split undefined.

See the LaTeX manual or LaTeX Companion for explanation.
Type  H <return>  for immediate help.
 ...                                              
                                                  
l.483                 \begin{split}
                                   
Your command was ignored.
Type  I <command> <return>  to replace it with another command,
or  <return>  to continue without it.

/Users/gcrescenzo/Documents/School/LaTeX Documents/latex-class-notes/Fall 2025/550 Measure Theory/Notes/measures.tex:484: Missing $ inserted.
<inserted text> 
                $
l.484                     \overline
                                   {\mu}(E \cup F)
I've inserted a begin-math/end-math symbol since I think
you left one out. Proceed, with fingers crossed.

/Users/gcrescenzo/Documents/School/LaTeX Documents/latex-class-notes/Fall 2025/550 Measure Theory/Notes/measures.tex:485: Misplaced alignment tab character &.
l.485                     &
                            = \mu(E) \\
I can't figure out why you would want to use a tab mark
here. If you just want an ampersand, the remedy is
simple: Just type `I\&' now. But if some right brace
up above has ended a previous alignment prematurely,
you're probably due for more error messages, and you
might try typing `S' now just to see what is salvageable.

/Users/gcrescenzo/Documents/School/LaTeX Documents/latex-class-notes/Fall 2025/550 Measure Theory/Notes/measures.tex:486: Misplaced alignment tab character &.
<recently read> &
                 
l.486                     &
                            = \gamma(E) \h9\h9\text{\tiny Since $\restr{\gam...
I can't figure out why you would want to use a tab mark
here. If you just want an ampersand, the remedy is
simple: Just type `I\&' now. But if some right brace
up above has ended a previous alignment prematurely,
you're probably due for more error messages, and you
might try typing `S' now just to see what is salvageable.

/Users/gcrescenzo/Documents/School/LaTeX Documents/latex-class-notes/Fall 2025/550 Measure Theory/Notes/measures.tex:486: Undefined control sequence.
l.486                     & = \gamma(E) \h
                                          9\h9\text{\tiny Since $\restr{\gam...
The control sequence at the end of the top line
of your error message was never \def'ed. If you have
misspelled it (e.g., `\hobx'), type `I' and the correct
spelling (e.g., `I\hbox'). Otherwise just continue,
and I'll forget about whatever was undefined.

/Users/gcrescenzo/Documents/School/LaTeX Documents/latex-class-notes/Fall 2025/550 Measure Theory/Notes/measures.tex:486: Undefined control sequence.
l.486                     & = \gamma(E) \h9\h
                                             9\text{\tiny Since $\restr{\gam...
The control sequence at the end of the top line
of your error message was never \def'ed. If you have
misspelled it (e.g., `\hobx'), type `I' and the correct
spelling (e.g., `I\hbox'). Otherwise just continue,
and I'll forget about whatever was undefined.

/Users/gcrescenzo/Documents/School/LaTeX Documents/latex-class-notes/Fall 2025/550 Measure Theory/Notes/measures.tex:486: Undefined control sequence.
l.486 ...                & = \gamma(E) \h9\h9\text
                                                  {\tiny Since $\restr{\gamm...
The control sequence at the end of the top line
of your error message was never \def'ed. If you have
misspelled it (e.g., `\hobx'), type `I' and the correct
spelling (e.g., `I\hbox'). Otherwise just continue,
and I'll forget about whatever was undefined.

/Users/gcrescenzo/Documents/School/LaTeX Documents/latex-class-notes/Fall 2025/550 Measure Theory/Notes/measures.tex:486: Undefined control sequence.
l.486 ...          & = \gamma(E) \h9\h9\text{\tiny
                                                   Since $\restr{\gamma}{\cM...
The control sequence at the end of the top line
of your error message was never \def'ed. If you have
misspelled it (e.g., `\hobx'), type `I' and the correct
spelling (e.g., `I\hbox'). Otherwise just continue,
and I'll forget about whatever was undefined.

/Users/gcrescenzo/Documents/School/LaTeX Documents/latex-class-notes/Fall 2025/550 Measure Theory/Notes/measures.tex:486: Missing } inserted.
<inserted text> 
                }
l.486 ...  & = \gamma(E) \h9\h9\text{\tiny Since $
                                                  \restr{\gamma}{\cM} = \mu$}\\
I've inserted something that you may have forgotten.
(See the <inserted text> above.)
With luck, this will get me unwedged. But if you
really didn't forget anything, try typing `2' now; then
my insertion and my current dilemma will both disappear.

/Users/gcrescenzo/Documents/School/LaTeX Documents/latex-class-notes/Fall 2025/550 Measure Theory/Notes/measures.tex:486: Undefined control sequence.
l.486 ...\gamma(E) \h9\h9\text{\tiny Since $\restr
                                                  {\gamma}{\cM} = \mu$}\\
The control sequence at the end of the top line
of your error message was never \def'ed. If you have
misspelled it (e.g., `\hobx'), type `I' and the correct
spelling (e.g., `I\hbox'). Otherwise just continue,
and I'll forget about whatever was undefined.

/Users/gcrescenzo/Documents/School/LaTeX Documents/latex-class-notes/Fall 2025/550 Measure Theory/Notes/measures.tex:486: Missing $ inserted.
<inserted text> 
                $
l.486 ...E) \h9\h9\text{\tiny Since $\restr{\gamma
                                                  }{\cM} = \mu$}\\
I've inserted a begin-math/end-math symbol since I think
you left one out. Proceed, with fingers crossed.

/Users/gcrescenzo/Documents/School/LaTeX Documents/latex-class-notes/Fall 2025/550 Measure Theory/Notes/measures.tex:486: Extra }, or forgotten $.
l.486 ...) \h9\h9\text{\tiny Since $\restr{\gamma}
                                                  {\cM} = \mu$}\\
I've deleted a group-closing symbol because it seems to be
spurious, as in `$x}$'. But perhaps the } is legitimate and
you forgot something else, as in `\hbox{$x}'. In such cases
the way to recover is to insert both the forgotten and the
deleted material, e.g., by typing `I$}'.

/Users/gcrescenzo/Documents/School/LaTeX Documents/latex-class-notes/Fall 2025/550 Measure Theory/Notes/measures.tex:486: Undefined control sequence.
l.486 ...9\h9\text{\tiny Since $\restr{\gamma}{\cM
                                                  } = \mu$}\\
The control sequence at the end of the top line
of your error message was never \def'ed. If you have
misspelled it (e.g., `\hobx'), type `I' and the correct
spelling (e.g., `I\hbox'). Otherwise just continue,
and I'll forget about whatever was undefined.

/Users/gcrescenzo/Documents/School/LaTeX Documents/latex-class-notes/Fall 2025/550 Measure Theory/Notes/measures.tex:487: Misplaced alignment tab character &.
<recently read> &
                 
l.487                     &
                            \leq \gamma(E \cup F).
I can't figure out why you would want to use a tab mark
here. If you just want an ampersand, the remedy is
simple: Just type `I\&' now. But if some right brace
up above has ended a previous alignment prematurely,
you're probably due for more error messages, and you
might try typing `S' now just to see what is salvageable.

/Users/gcrescenzo/Documents/School/LaTeX Documents/latex-class-notes/Fall 2025/550 Measure Theory/Notes/measures.tex:487: Missing $ inserted.
<inserted text> 
                $
l.487                     & \leq
                                 \gamma(E \cup F).
I've inserted a begin-math/end-math symbol since I think
you left one out. Proceed, with fingers crossed.


/Users/gcrescenzo/Documents/School/LaTeX Documents/latex-class-notes/Fall 2025/550 Measure Theory/Notes/measures.tex:488: LaTeX Error: \begin{document} ended by \end{split}.

See the LaTeX manual or LaTeX Companion for explanation.
Type  H <return>  for immediate help.
 ...                                              
                                                  
l.488                 \end{split}
                                 
Your command was ignored.
Type  I <command> <return>  to replace it with another command,
or  <return>  to continue without it.

/Users/gcrescenzo/Documents/School/LaTeX Documents/latex-class-notes/Fall 2025/550 Measure Theory/Notes/measures.tex:488: Missing $ inserted.
<inserted text> 
                $
l.488                 \end{split}
                                 
I've inserted something that you may have forgotten.
(See the <inserted text> above.)
With luck, this will get me unwedged. But if you
really didn't forget anything, try typing `2' now; then
my insertion and my current dilemma will both disappear.


/Users/gcrescenzo/Documents/School/LaTeX Documents/latex-class-notes/Fall 2025/550 Measure Theory/Notes/measures.tex:489: LaTeX Error: \begin{document} ended by \end{equation*}.

See the LaTeX manual or LaTeX Companion for explanation.
Type  H <return>  for immediate help.
 ...                                              
                                                  
l.489                 \end{equation*}
                                     
Your command was ignored.
Type  I <command> <return>  to replace it with another command,
or  <return>  to continue without it.

Missing character: There is no H in font nullfont!
Missing character: There is no e in font nullfont!
Missing character: There is no n in font nullfont!
Missing character: There is no c in font nullfont!
Missing character: There is no e in font nullfont!
Missing character: There is no . in font nullfont!
Missing character: There is no S in font nullfont!
Missing character: There is no i in font nullfont!
Missing character: There is no n in font nullfont!
Missing character: There is no c in font nullfont!
Missing character: There is no e in font nullfont!
Missing character: There is no a in font nullfont!
Missing character: There is no n in font nullfont!
Missing character: There is no d in font nullfont!
Missing character: There is no a in font nullfont!
Missing character: There is no r in font nullfont!
Missing character: There is no e in font nullfont!
Missing character: There is no e in font nullfont!
Missing character: There is no q in font nullfont!
Missing character: There is no u in font nullfont!
Missing character: There is no a in font nullfont!
Missing character: There is no l in font nullfont!
Missing character: There is no o in font nullfont!
Missing character: There is no n in font nullfont!
Missing character: There is no a in font nullfont!
Missing character: There is no l in font nullfont!
Missing character: There is no l in font nullfont!
Missing character: There is no v in font nullfont!
Missing character: There is no a in font nullfont!
Missing character: There is no l in font nullfont!
Missing character: There is no u in font nullfont!
Missing character: There is no e in font nullfont!
Missing character: There is no s in font nullfont!
Missing character: There is no o in font nullfont!
Missing character: There is no f in font nullfont!
/Users/gcrescenzo/Documents/School/LaTeX Documents/latex-class-notes/Fall 2025/550 Measure Theory/Notes/measures.tex:490: Undefined control sequence.
l.490 ...are equal on all values of $\overline{\cM
                                                  }$, they are equal. Thus $...
The control sequence at the end of the top line
of your error message was never \def'ed. If you have
misspelled it (e.g., `\hobx'), type `I' and the correct
spelling (e.g., `I\hbox'). Otherwise just continue,
and I'll forget about whatever was undefined.

Missing character: There is no , in font nullfont!
Missing character: There is no t in font nullfont!
Missing character: There is no h in font nullfont!
Missing character: There is no e in font nullfont!
Missing character: There is no y in font nullfont!
Missing character: There is no a in font nullfont!
Missing character: There is no r in font nullfont!
Missing character: There is no e in font nullfont!
Missing character: There is no e in font nullfont!
Missing character: There is no q in font nullfont!
Missing character: There is no u in font nullfont!
Missing character: There is no a in font nullfont!
Missing character: There is no l in font nullfont!
Missing character: There is no . in font nullfont!
Missing character: There is no T in font nullfont!
Missing character: There is no h in font nullfont!
Missing character: There is no u in font nullfont!
Missing character: There is no s in font nullfont!
Missing character: There is no i in font nullfont!
Missing character: There is no s in font nullfont!
Missing character: There is no u in font nullfont!
Missing character: There is no n in font nullfont!
Missing character: There is no i in font nullfont!
Missing character: There is no q in font nullfont!
Missing character: There is no u in font nullfont!
Missing character: There is no e in font nullfont!
Missing character: There is no . in font nullfont!

/Users/gcrescenzo/Documents/School/LaTeX Documents/latex-class-notes/Fall 2025/550 Measure Theory/Notes/measures.tex:491: LaTeX Error: \begin{document} ended by \end{proof}.

See the LaTeX manual or LaTeX Companion for explanation.
Type  H <return>  for immediate help.
 ...                                              
                                                  
l.491         \end{proof}
                         
Your command was ignored.
Type  I <command> <return>  to replace it with another command,
or  <return>  to continue without it.


Overfull \hbox (20.0pt too wide) in paragraph at lines 445--492
[]
 []


Overfull \hbox (11.58098pt too wide) in paragraph at lines 445--492
[] \OT1/cmr/m/n/10 :
 []


Overfull \hbox (12.77773pt too wide) in paragraph at lines 445--492
[] \OMS/cmsy/m/n/10 !
 []


Overfull \hbox (25.00002pt too wide) in paragraph at lines 445--492
\OT1/cmr/m/n/10 [0\OML/cmm/m/it/10 ; \OMS/cmsy/m/n/10 1\OT1/cmr/m/n/10 ]$
 []


Overfull \hbox (24.53938pt too wide) in paragraph at lines 445--492
[]\OT1/cmr/m/n/10 (\OML/cmm/m/it/10 E \OMS/cmsy/m/n/10 [
 []


Overfull \hbox (22.26387pt too wide) in paragraph at lines 445--492
\OML/cmm/m/it/10 F\OT1/cmr/m/n/10 ) =
 []


Overfull \hbox (21.7616pt too wide) in paragraph at lines 445--492
\OML/cmm/m/it/10 ^^V\OT1/cmr/m/n/10 (\OML/cmm/m/it/10 E\OT1/cmr/m/n/10 )$
 []


Overfull \hbox (18.53476pt too wide) in paragraph at lines 445--492
\OML/cmm/m/it/10 E[] \OMS/cmsy/m/n/10 [
 []


Overfull \hbox (21.4722pt too wide) in paragraph at lines 445--492
\OML/cmm/m/it/10 F[] \OT1/cmr/m/n/10 =
 []


Overfull \hbox (18.53476pt too wide) in paragraph at lines 445--492
\OML/cmm/m/it/10 E[] \OMS/cmsy/m/n/10 [
 []


Overfull \hbox (10.91669pt too wide) in paragraph at lines 445--492
\OML/cmm/m/it/10 F[]$
 []


Overfull \hbox (20.31535pt too wide) in paragraph at lines 445--492
\OML/cmm/m/it/10 F[] \OMS/cmsy/m/n/10 ^^Z
 []


Overfull \hbox (20.8084pt too wide) in paragraph at lines 445--492
\OML/cmm/m/it/10 N[] \OMS/cmsy/m/n/10 2$
 []


Overfull \hbox (14.00064pt too wide) in paragraph at lines 445--492
\OML/cmm/m/it/10 i \OT1/cmr/m/n/10 =
 []


Overfull \hbox (14.44444pt too wide) in paragraph at lines 445--492
\OT1/cmr/m/n/10 1\OML/cmm/m/it/10 ; \OT1/cmr/m/n/10 2$
 []


Overfull \hbox (18.53476pt too wide) in paragraph at lines 445--492
\OML/cmm/m/it/10 E[] \OMS/cmsy/m/n/10 [
 []


Overfull \hbox (21.4722pt too wide) in paragraph at lines 445--492
\OML/cmm/m/it/10 F[] \OMS/cmsy/m/n/10 ^^Z
 []


Overfull \hbox (18.53476pt too wide) in paragraph at lines 445--492
\OML/cmm/m/it/10 E[] \OMS/cmsy/m/n/10 [
 []


Overfull \hbox (12.52084pt too wide) in paragraph at lines 445--492
\OML/cmm/m/it/10 N[]$
 []


Overfull \hbox (22.42358pt too wide) in paragraph at lines 445--492
\OML/cmm/m/it/10 E[] \OMS/cmsy/m/n/10 ^^Z
 []


Overfull \hbox (18.53476pt too wide) in paragraph at lines 445--492
\OML/cmm/m/it/10 E[] \OMS/cmsy/m/n/10 [
 []


Overfull \hbox (12.52084pt too wide) in paragraph at lines 445--492
\OML/cmm/m/it/10 N[]$
 []


Overfull \hbox (36.22687pt too wide) in paragraph at lines 445--492
\OML/cmm/m/it/10 ^^V\OT1/cmr/m/n/10 (\OML/cmm/m/it/10 E[]\OT1/cmr/m/n/10 ) \OMS/cmsy/m/n/10 ^^T
 []


Overfull \hbox (28.44914pt too wide) in paragraph at lines 445--492
\OML/cmm/m/it/10 ^^V\OT1/cmr/m/n/10 (\OML/cmm/m/it/10 E[] \OMS/cmsy/m/n/10 [
 []


Overfull \hbox (26.96526pt too wide) in paragraph at lines 445--492
\OML/cmm/m/it/10 N[]\OT1/cmr/m/n/10 ) \OMS/cmsy/m/n/10 ^^T
 []


Overfull \hbox (33.44916pt too wide) in paragraph at lines 445--492
\OML/cmm/m/it/10 ^^V\OT1/cmr/m/n/10 (\OML/cmm/m/it/10 E[]\OT1/cmr/m/n/10 ) +
 []


Overfull \hbox (36.87964pt too wide) in paragraph at lines 445--492
\OML/cmm/m/it/10 ^^V\OT1/cmr/m/n/10 (\OML/cmm/m/it/10 N[]\OT1/cmr/m/n/10 ) =
 []


Overfull \hbox (25.67136pt too wide) in paragraph at lines 445--492
\OML/cmm/m/it/10 ^^V\OT1/cmr/m/n/10 (\OML/cmm/m/it/10 E[]\OT1/cmr/m/n/10 )$
 []


Overfull \hbox (22.42358pt too wide) in paragraph at lines 445--492
\OML/cmm/m/it/10 E[] \OMS/cmsy/m/n/10 ^^Z
 []


Overfull \hbox (18.53476pt too wide) in paragraph at lines 445--492
\OML/cmm/m/it/10 E[] \OMS/cmsy/m/n/10 [
 []


Overfull \hbox (12.52084pt too wide) in paragraph at lines 445--492
\OML/cmm/m/it/10 N[]$
 []


Overfull \hbox (36.22687pt too wide) in paragraph at lines 445--492
\OML/cmm/m/it/10 ^^V\OT1/cmr/m/n/10 (\OML/cmm/m/it/10 E[]\OT1/cmr/m/n/10 ) \OMS/cmsy/m/n/10 ^^T
 []


Overfull \hbox (28.44914pt too wide) in paragraph at lines 445--492
\OML/cmm/m/it/10 ^^V\OT1/cmr/m/n/10 (\OML/cmm/m/it/10 E[] \OMS/cmsy/m/n/10 [
 []


Overfull \hbox (26.96526pt too wide) in paragraph at lines 445--492
\OML/cmm/m/it/10 N[]\OT1/cmr/m/n/10 ) \OMS/cmsy/m/n/10 ^^T
 []


Overfull \hbox (33.44916pt too wide) in paragraph at lines 445--492
\OML/cmm/m/it/10 ^^V\OT1/cmr/m/n/10 (\OML/cmm/m/it/10 E[]\OT1/cmr/m/n/10 ) +
 []


Overfull \hbox (36.87964pt too wide) in paragraph at lines 445--492
\OML/cmm/m/it/10 ^^V\OT1/cmr/m/n/10 (\OML/cmm/m/it/10 N[]\OT1/cmr/m/n/10 ) =
 []


Overfull \hbox (25.67136pt too wide) in paragraph at lines 445--492
\OML/cmm/m/it/10 ^^V\OT1/cmr/m/n/10 (\OML/cmm/m/it/10 E[]\OT1/cmr/m/n/10 )$
 []


Overfull \hbox (36.22687pt too wide) in paragraph at lines 445--492
\OML/cmm/m/it/10 ^^V\OT1/cmr/m/n/10 (\OML/cmm/m/it/10 E[]\OT1/cmr/m/n/10 ) =
 []


Overfull \hbox (25.67136pt too wide) in paragraph at lines 445--492
\OML/cmm/m/it/10 ^^V\OT1/cmr/m/n/10 (\OML/cmm/m/it/10 E[]\OT1/cmr/m/n/10 )$
 []


Overfull \hbox (28.44914pt too wide) in paragraph at lines 445--492
[]\OT1/cmr/m/n/10 (\OML/cmm/m/it/10 E[] \OMS/cmsy/m/n/10 [
 []


Overfull \hbox (25.3611pt too wide) in paragraph at lines 445--492
\OML/cmm/m/it/10 F[]\OT1/cmr/m/n/10 ) =
 []


Overfull \hbox (25.67136pt too wide) in paragraph at lines 445--492
\OML/cmm/m/it/10 ^^V\OT1/cmr/m/n/10 (\OML/cmm/m/it/10 E[]\OT1/cmr/m/n/10 )[] 
 []


Overfull \hbox (7.7778pt too wide) in paragraph at lines 445--492
\OT1/cmr/m/n/10 =
 []


Overfull \hbox (25.67136pt too wide) in paragraph at lines 445--492
\OML/cmm/m/it/10 ^^V\OT1/cmr/m/n/10 (\OML/cmm/m/it/10 E[]\OT1/cmr/m/n/10 )[] 
 []


Overfull \hbox (7.7778pt too wide) in paragraph at lines 445--492
\OT1/cmr/m/n/10 =
 []


Overfull \hbox (28.44914pt too wide) in paragraph at lines 445--492
[]\OT1/cmr/m/n/10 (\OML/cmm/m/it/10 E[] \OMS/cmsy/m/n/10 [
 []


Overfull \hbox (17.58337pt too wide) in paragraph at lines 445--492
\OML/cmm/m/it/10 F[]\OT1/cmr/m/n/10 )\OML/cmm/m/it/10 :$
 []


Overfull \hbox (6.02548pt too wide) in paragraph at lines 445--492
[]$
 []


Overfull \hbox (14.44441pt too wide) in paragraph at lines 445--492
\OMS/cmsy/m/n/10 ; 2$
 []


Overfull \hbox (14.44441pt too wide) in paragraph at lines 445--492
\OMS/cmsy/m/n/10 ; 2$
 []


Overfull \hbox (29.35881pt too wide) in paragraph at lines 445--492
[]\OT1/cmr/m/n/10 (\OMS/cmsy/m/n/10 ;\OT1/cmr/m/n/10 ) =
 []


Overfull \hbox (29.35881pt too wide) in paragraph at lines 445--492
\OML/cmm/m/it/10 ^^V\OT1/cmr/m/n/10 (\OMS/cmsy/m/n/10 ;\OT1/cmr/m/n/10 ) =
 []


Overfull \hbox (5.00002pt too wide) in paragraph at lines 445--492
\OT1/cmr/m/n/10 0$
 []


Overfull \hbox (22.37793pt too wide) in paragraph at lines 445--492
\OMS/cmsy/m/n/10 f\OML/cmm/m/it/10 E[] \OMS/cmsy/m/n/10 [
 []


Overfull \hbox (38.7697pt too wide) in paragraph at lines 445--492
\OML/cmm/m/it/10 F[]\OMS/cmsy/m/n/10 g[] ^^Z
 []


Overfull \hbox (34.16559pt too wide) in paragraph at lines 445--492
\OMS/cmsy/m/n/10 f\OML/cmm/m/it/10 E[]\OMS/cmsy/m/n/10 g[]$
 []


Overfull \hbox (81.06183pt too wide) in paragraph at lines 445--492
[] [] \OT1/cmr/m/n/10 =
 []


Overfull \hbox (98.40504pt too wide) in paragraph at lines 445--492
[] [] \OML/cmm/m/it/10 :$
 []


Overfull \hbox (43.60994pt too wide) in paragraph at lines 445--492
[][] \OML/cmm/m/it/10 E[] \OMS/cmsy/m/n/10 2$
 []


Overfull \hbox (43.76967pt too wide) in paragraph at lines 445--492
[][] \OML/cmm/m/it/10 F[] \OMS/cmsy/m/n/10 ^^Z
 []


Overfull \hbox (44.26271pt too wide) in paragraph at lines 445--492
[][] \OML/cmm/m/it/10 N[] \OMS/cmsy/m/n/10 2$
 []


Overfull \hbox (81.06183pt too wide) in paragraph at lines 445--492
[] [] \OT1/cmr/m/n/10 =
 []


Overfull \hbox (95.62726pt too wide) in paragraph at lines 445--492
[] [] [] 
 []


Overfull \hbox (7.7778pt too wide) in paragraph at lines 445--492
\OT1/cmr/m/n/10 =
 []


Overfull \hbox (51.30208pt too wide) in paragraph at lines 445--492
\OML/cmm/m/it/10 ^^V [] [] 
 []


Overfull \hbox (7.7778pt too wide) in paragraph at lines 445--492
\OMS/cmsy/m/n/10 ^^T
 []


Overfull \hbox (50.19106pt too wide) in paragraph at lines 445--492
[][] \OML/cmm/m/it/10 ^^V\OT1/cmr/m/n/10 (\OML/cmm/m/it/10 E[]\OT1/cmr/m/n/10 )[] 
 []


Overfull \hbox (7.7778pt too wide) in paragraph at lines 445--492
\OT1/cmr/m/n/10 =
 []


Overfull \hbox (52.96884pt too wide) in paragraph at lines 445--492
[][] []\OT1/cmr/m/n/10 (\OML/cmm/m/it/10 E[] \OMS/cmsy/m/n/10 [
 []


Overfull \hbox (16.42653pt too wide) in paragraph at lines 445--492
\OML/cmm/m/it/10 F[]\OT1/cmr/m/n/10 )\OML/cmm/m/it/10 :$
 []


Overfull \hbox (6.02548pt too wide) in paragraph at lines 445--492
[]$
 []


Overfull \hbox (6.02548pt too wide) in paragraph at lines 445--492
\OML/cmm/m/it/10 ^^V$
 []


Overfull \hbox (17.40271pt too wide) in paragraph at lines 445--492
\OML/cmm/m/it/10 E \OMS/cmsy/m/n/10 2$
 []


Overfull \hbox (32.31711pt too wide) in paragraph at lines 445--492
[]\OT1/cmr/m/n/10 (\OML/cmm/m/it/10 E\OT1/cmr/m/n/10 ) =
 []


Overfull \hbox (24.53938pt too wide) in paragraph at lines 445--492
[]\OT1/cmr/m/n/10 (\OML/cmm/m/it/10 E \OMS/cmsy/m/n/10 [
 []


Overfull \hbox (19.44443pt too wide) in paragraph at lines 445--492
\OMS/cmsy/m/n/10 ;\OT1/cmr/m/n/10 ) =
 []


Overfull \hbox (21.7616pt too wide) in paragraph at lines 445--492
\OML/cmm/m/it/10 ^^V\OT1/cmr/m/n/10 (\OML/cmm/m/it/10 E\OT1/cmr/m/n/10 )$
 []


Overfull \hbox (5.73285pt too wide) in paragraph at lines 445--492
\OML/cmm/m/it/10 ^^M$
 []


Overfull \hbox (6.02548pt too wide) in paragraph at lines 445--492
\OML/cmm/m/it/10 ^^V$
 []


Overfull \hbox (24.06616pt too wide) in paragraph at lines 445--492
\OML/cmm/m/it/10 ^^M\OT1/cmr/m/n/10 ([]) =
 []


Overfull \hbox (13.80328pt too wide) in paragraph at lines 445--492
[]\OT1/cmr/m/n/10 ([])$
 []


Overfull \hbox (14.625pt too wide) in paragraph at lines 445--492
\OML/cmm/m/it/10 E \OMS/cmsy/m/n/10 [
 []


Overfull \hbox (17.26385pt too wide) in paragraph at lines 445--492
\OML/cmm/m/it/10 F \OMS/cmsy/m/n/10 2
 []


Overfull \hbox (18.37497pt too wide) in paragraph at lines 445--492
\OML/cmm/m/it/10 F \OMS/cmsy/m/n/10 ^^Z
 []


Overfull \hbox (18.56937pt too wide) in paragraph at lines 445--492
\OML/cmm/m/it/10 N \OMS/cmsy/m/n/10 2$
 []


Overfull \hbox (24.24675pt too wide) in paragraph at lines 445--492
\OML/cmm/m/it/10 ^^M\OT1/cmr/m/n/10 (\OML/cmm/m/it/10 E \OMS/cmsy/m/n/10 [
 []


Overfull \hbox (22.26387pt too wide) in paragraph at lines 445--492
\OML/cmm/m/it/10 F\OT1/cmr/m/n/10 ) \OMS/cmsy/m/n/10 ^^T
 []


Overfull \hbox (28.13565pt too wide) in paragraph at lines 445--492
\OML/cmm/m/it/10 ^^M\OT1/cmr/m/n/10 (\OML/cmm/m/it/10 E\OT1/cmr/m/n/10 ) \OMS/cmsy/m/n/10 [
 []


Overfull \hbox (21.33011pt too wide) in paragraph at lines 445--492
\OML/cmm/m/it/10 ^^M\OT1/cmr/m/n/10 (\OML/cmm/m/it/10 F\OT1/cmr/m/n/10 )[] 
 []


Overfull \hbox (7.7778pt too wide) in paragraph at lines 445--492
\OT1/cmr/m/n/10 =
 []


Overfull \hbox (21.46896pt too wide) in paragraph at lines 445--492
\OML/cmm/m/it/10 ^^M\OT1/cmr/m/n/10 (\OML/cmm/m/it/10 E\OT1/cmr/m/n/10 )[] 
 []


Overfull \hbox (7.7778pt too wide) in paragraph at lines 445--492
\OT1/cmr/m/n/10 =
 []


Overfull \hbox (73.1896pt too wide) in paragraph at lines 445--492
\OML/cmm/m/it/10 ^^V\OT1/cmr/m/n/10 (\OML/cmm/m/it/10 E\OT1/cmr/m/n/10 )99[]$$\OML/cmm/m/it/10 ^^M[] \OT1/cmr/m/n/10 =
 []


Overfull \hbox (6.02548pt too wide) in paragraph at lines 445--492
\OML/cmm/m/it/10 ^^V$ 
 []


Overfull \hbox (24.53938pt too wide) in paragraph at lines 445--492
[]\OT1/cmr/m/n/10 (\OML/cmm/m/it/10 E \OMS/cmsy/m/n/10 [
 []


Overfull \hbox (14.48615pt too wide) in paragraph at lines 445--492
\OML/cmm/m/it/10 F\OT1/cmr/m/n/10 )\OML/cmm/m/it/10 :$
 []


Overfull \hbox (24.53938pt too wide) in paragraph at lines 445--492
[]\OT1/cmr/m/n/10 (\OML/cmm/m/it/10 E \OMS/cmsy/m/n/10 [
 []


Overfull \hbox (22.26387pt too wide) in paragraph at lines 445--492
\OML/cmm/m/it/10 F\OT1/cmr/m/n/10 ) =
 []


Overfull \hbox (21.7616pt too wide) in paragraph at lines 445--492
\OML/cmm/m/it/10 ^^V\OT1/cmr/m/n/10 (\OML/cmm/m/it/10 E\OT1/cmr/m/n/10 )[] 
 []


Overfull \hbox (7.7778pt too wide) in paragraph at lines 445--492
\OT1/cmr/m/n/10 =
 []


Overfull \hbox (72.89697pt too wide) in paragraph at lines 445--492
\OML/cmm/m/it/10 ^^M\OT1/cmr/m/n/10 (\OML/cmm/m/it/10 E\OT1/cmr/m/n/10 )99[]$$\OML/cmm/m/it/10 ^^M[] \OT1/cmr/m/n/10 =
 []


Overfull \hbox (6.02548pt too wide) in paragraph at lines 445--492
\OML/cmm/m/it/10 ^^V$ 
 []


Overfull \hbox (7.7778pt too wide) in paragraph at lines 445--492
\OMS/cmsy/m/n/10 ^^T
 []


Overfull \hbox (24.24675pt too wide) in paragraph at lines 445--492
\OML/cmm/m/it/10 ^^M\OT1/cmr/m/n/10 (\OML/cmm/m/it/10 E \OMS/cmsy/m/n/10 [
 []


Overfull \hbox (14.48615pt too wide) in paragraph at lines 445--492
\OML/cmm/m/it/10 F\OT1/cmr/m/n/10 )\OML/cmm/m/it/10 :$
 []


Overfull \hbox (24.24675pt too wide) in paragraph at lines 445--492
\OML/cmm/m/it/10 ^^M\OT1/cmr/m/n/10 (\OML/cmm/m/it/10 E \OMS/cmsy/m/n/10 [
 []


Overfull \hbox (22.26387pt too wide) in paragraph at lines 445--492
\OML/cmm/m/it/10 F\OT1/cmr/m/n/10 ) =
 []


Overfull \hbox (24.53938pt too wide) in paragraph at lines 445--492
[]\OT1/cmr/m/n/10 (\OML/cmm/m/it/10 E \OMS/cmsy/m/n/10 [
 []


Overfull \hbox (11.70836pt too wide) in paragraph at lines 445--492
\OML/cmm/m/it/10 F\OT1/cmr/m/n/10 )$
 []


Overfull \hbox (5.73285pt too wide) in paragraph at lines 445--492
\OML/cmm/m/it/10 ^^M$
 []


Overfull \hbox (6.02548pt too wide) in paragraph at lines 445--492
[]$
 []


Overfull \hbox (6.02548pt too wide) in paragraph at lines 445--492
[]$
 []


/Users/gcrescenzo/Documents/School/LaTeX Documents/latex-class-notes/Fall 2025/550 Measure Theory/Notes/measures.tex:493: LaTeX Error: Environment definition undefined.

See the LaTeX manual or LaTeX Companion for explanation.
Type  H <return>  for immediate help.
 ...                                              
                                                  
l.493     \begin{definition}
                            
Your command was ignored.
Type  I <command> <return>  to replace it with another command,
or  <return>  to continue without it.

Missing character: There is no L in font nullfont!
Missing character: There is no e in font nullfont!
Missing character: There is no t in font nullfont!
/Users/gcrescenzo/Documents/School/LaTeX Documents/latex-class-notes/Fall 2025/550 Measure Theory/Notes/measures.tex:494: Undefined control sequence.
l.494         Let $(X,\cM
                         ,\mu)$ be a measure space. The measure $\overline{\...
The control sequence at the end of the top line
of your error message was never \def'ed. If you have
misspelled it (e.g., `\hobx'), type `I' and the correct
spelling (e.g., `I\hbox'). Otherwise just continue,
and I'll forget about whatever was undefined.

Missing character: There is no b in font nullfont!
Missing character: There is no e in font nullfont!
Missing character: There is no a in font nullfont!
Missing character: There is no m in font nullfont!
Missing character: There is no e in font nullfont!
Missing character: There is no a in font nullfont!
Missing character: There is no s in font nullfont!
Missing character: There is no u in font nullfont!
Missing character: There is no r in font nullfont!
Missing character: There is no e in font nullfont!
Missing character: There is no s in font nullfont!
Missing character: There is no p in font nullfont!
Missing character: There is no a in font nullfont!
Missing character: There is no c in font nullfont!
Missing character: There is no e in font nullfont!
Missing character: There is no . in font nullfont!
Missing character: There is no T in font nullfont!
Missing character: There is no h in font nullfont!
Missing character: There is no e in font nullfont!
Missing character: There is no m in font nullfont!
Missing character: There is no e in font nullfont!
Missing character: There is no a in font nullfont!
Missing character: There is no s in font nullfont!
Missing character: There is no u in font nullfont!
Missing character: There is no r in font nullfont!
Missing character: There is no e in font nullfont!
Missing character: There is no i in font nullfont!
Missing character: There is no s in font nullfont!
Missing character: There is no c in font nullfont!
Missing character: There is no a in font nullfont!
Missing character: There is no l in font nullfont!
Missing character: There is no l in font nullfont!
Missing character: There is no e in font nullfont!
Missing character: There is no d in font nullfont!
Missing character: There is no t in font nullfont!
Missing character: There is no h in font nullfont!
Missing character: There is no e in font nullfont!
Missing character: There is no , in font nullfont!
Missing character: There is no a in font nullfont!
Missing character: There is no n in font nullfont!
Missing character: There is no d in font nullfont!
/Users/gcrescenzo/Documents/School/LaTeX Documents/latex-class-notes/Fall 2025/550 Measure Theory/Notes/measures.tex:494: Undefined control sequence.
l.494 ...{completion of $\mu$}, and $\overline{\cM
                                                  }$ is called the \textit{c...
The control sequence at the end of the top line
of your error message was never \def'ed. If you have
misspelled it (e.g., `\hobx'), type `I' and the correct
spelling (e.g., `I\hbox'). Otherwise just continue,
and I'll forget about whatever was undefined.

Missing character: There is no i in font nullfont!
Missing character: There is no s in font nullfont!
Missing character: There is no c in font nullfont!
Missing character: There is no a in font nullfont!
Missing character: There is no l in font nullfont!
Missing character: There is no l in font nullfont!
Missing character: There is no e in font nullfont!
Missing character: There is no d in font nullfont!
Missing character: There is no t in font nullfont!
Missing character: There is no h in font nullfont!
Missing character: There is no e in font nullfont!
/Users/gcrescenzo/Documents/School/LaTeX Documents/latex-class-notes/Fall 2025/550 Measure Theory/Notes/measures.tex:494: Undefined control sequence.
<recently read> \cM 
                    
l.494 ...ompletion of $\cM$ with respect to $\mu$}
                                                  .
The control sequence at the end of the top line
of your error message was never \def'ed. If you have
misspelled it (e.g., `\hobx'), type `I' and the correct
spelling (e.g., `I\hbox'). Otherwise just continue,
and I'll forget about whatever was undefined.

Missing character: There is no . in font nullfont!

/Users/gcrescenzo/Documents/School/LaTeX Documents/latex-class-notes/Fall 2025/550 Measure Theory/Notes/measures.tex:495: LaTeX Error: \begin{document} ended by \end{definition}.

See the LaTeX manual or LaTeX Companion for explanation.
Type  H <return>  for immediate help.
 ...                                              
                                                  
l.495     \end{definition}
                          
Your command was ignored.
Type  I <command> <return>  to replace it with another command,
or  <return>  to continue without it.


Overfull \hbox (20.0pt too wide) in paragraph at lines 494--496
[]
 []


Overfull \hbox (31.20598pt too wide) in paragraph at lines 494--496
\OT1/cmr/m/n/10 (\OML/cmm/m/it/10 X; ; ^^V\OT1/cmr/m/n/10 )$
 []


Overfull \hbox (6.02548pt too wide) in paragraph at lines 494--496
[]$
 []


Overfull \hbox (20.9554pt too wide) in paragraph at lines 494--496
\OT1/cmr/m/it/10 com-
 []


Overfull \hbox (15.84433pt too wide) in paragraph at lines 494--496
\OT1/cmr/m/it/10 ple-
 []


Overfull \hbox (17.12212pt too wide) in paragraph at lines 494--496
\OT1/cmr/m/it/10 tion
 []


Overfull \hbox (8.17773pt too wide) in paragraph at lines 494--496
\OT1/cmr/m/it/10 of
 []


Overfull \hbox (6.02548pt too wide) in paragraph at lines 494--496
\OML/cmm/m/it/10 ^^V$
 []


Overfull \hbox (20.9554pt too wide) in paragraph at lines 494--496
\OT1/cmr/m/it/10 com-
 []


Overfull \hbox (15.84433pt too wide) in paragraph at lines 494--496
\OT1/cmr/m/it/10 ple-
 []


Overfull \hbox (17.12212pt too wide) in paragraph at lines 494--496
\OT1/cmr/m/it/10 tion
 []


Overfull \hbox (8.17773pt too wide) in paragraph at lines 494--496
\OT1/cmr/m/it/10 of
 []


Overfull \hbox (18.14433pt too wide) in paragraph at lines 494--496
\OT1/cmr/m/it/10 with
 []


Overfull \hbox (11.88321pt too wide) in paragraph at lines 494--496
\OT1/cmr/m/it/10 re-
 []


Overfull \hbox (20.69981pt too wide) in paragraph at lines 494--496
\OT1/cmr/m/it/10 spect
 []


Overfull \hbox (8.43327pt too wide) in paragraph at lines 494--496
\OT1/cmr/m/it/10 to
 []


Overfull \hbox (6.02548pt too wide) in paragraph at lines 494--496
\OML/cmm/m/it/10 ^^V$
 []

/Users/gcrescenzo/Documents/School/LaTeX Documents/latex-class-notes/Fall 2025/550 Measure Theory/Notes/measures.tex:497: Undefined control sequence.
l.497 \section
              {Outer Measures}
The control sequence at the end of the top line
of your error message was never \def'ed. If you have
misspelled it (e.g., `\hobx'), type `I' and the correct
spelling (e.g., `I\hbox'). Otherwise just continue,
and I'll forget about whatever was undefined.

Missing character: There is no O in font nullfont!
Missing character: There is no u in font nullfont!
Missing character: There is no t in font nullfont!
Missing character: There is no e in font nullfont!
Missing character: There is no r in font nullfont!
Missing character: There is no M in font nullfont!
Missing character: There is no e in font nullfont!
Missing character: There is no a in font nullfont!
Missing character: There is no s in font nullfont!
Missing character: There is no u in font nullfont!
Missing character: There is no r in font nullfont!
Missing character: There is no e in font nullfont!
Missing character: There is no s in font nullfont!

Overfull \hbox (20.0pt too wide) in paragraph at lines 497--498
[]
 []

)
! Emergency stop.
<*> ...2025/550 Measure Theory/Notes/measures.tex"
                                                  
*** (job aborted, no legal \end found)

 
Here is how much of TeX's memory you used:
 106 strings out of 473190
 2237 string characters out of 5715801
 442984 words of memory out of 5000000
 23449 multiletter control sequences out of 15000+600000
 560110 words of font info for 40 fonts, out of 8000000 for 9000
 1141 hyphenation exceptions out of 8191
 24i,7n,26p,873b,140s stack positions out of 10000i,1000n,20000p,200000b,200000s
!  ==> Fatal error occurred, no output PDF file produced!
