This is pdfTeX, Version 3.141592653-2.6-1.40.27 (TeX Live 2025) (preloaded format=pdflatex 2025.3.8)  31 AUG 2026 20:08
entering extended mode
 restricted \write18 enabled.
 file:line:error style messages enabled.
 %&-line parsing enabled.
**_main.tex
(./_main.tex
LaTeX2e <2024-11-01> patch level 2
L3 programming layer <2025-01-18>
(/usr/local/texlive/2025/texmf-dist/tex/latex/amscls/amsart.cls
Document Class: amsart 2020/05/29 v2.20.6
\linespacing=\dimen141
\normalparindent=\dimen142
\normaltopskip=\skip49
(/usr/local/texlive/2025/texmf-dist/tex/latex/amsmath/amsmath.sty
Package: amsmath 2024/11/05 v2.17t AMS math features
\@mathmargin=\skip50

For additional information on amsmath, use the `?' option.
(/usr/local/texlive/2025/texmf-dist/tex/latex/amsmath/amstext.sty
Package: amstext 2021/08/26 v2.01 AMS text
 (/usr/local/texlive/2025/texmf-dist/tex/latex/amsmath/amsgen.sty
File: amsgen.sty 1999/11/30 v2.0 generic functions
\@emptytoks=\toks17
\ex@=\dimen143
)) (/usr/local/texlive/2025/texmf-dist/tex/latex/amsmath/amsbsy.sty
Package: amsbsy 1999/11/29 v1.2d Bold Symbols
\pmbraise@=\dimen144
) (/usr/local/texlive/2025/texmf-dist/tex/latex/amsmath/amsopn.sty
Package: amsopn 2022/04/08 v2.04 operator names
)
\inf@bad=\count196
LaTeX Info: Redefining \frac on input line 233.
\uproot@=\count197
\leftroot@=\count198
LaTeX Info: Redefining \overline on input line 398.
LaTeX Info: Redefining \colon on input line 409.
\classnum@=\count199
\DOTSCASE@=\count266
LaTeX Info: Redefining \ldots on input line 495.
LaTeX Info: Redefining \dots on input line 498.
LaTeX Info: Redefining \cdots on input line 619.
\Mathstrutbox@=\box52
\strutbox@=\box53
LaTeX Info: Redefining \big on input line 721.
LaTeX Info: Redefining \Big on input line 722.
LaTeX Info: Redefining \bigg on input line 723.
LaTeX Info: Redefining \Bigg on input line 724.
\big@size=\dimen145
LaTeX Font Info:    Redeclaring font encoding OML on input line 742.
LaTeX Font Info:    Redeclaring font encoding OMS on input line 743.
\macc@depth=\count267
LaTeX Info: Redefining \bmod on input line 904.
LaTeX Info: Redefining \pmod on input line 909.
LaTeX Info: Redefining \smash on input line 939.
LaTeX Info: Redefining \relbar on input line 969.
LaTeX Info: Redefining \Relbar on input line 970.
\c@MaxMatrixCols=\count268
\dotsspace@=\muskip17
\c@parentequation=\count269
\dspbrk@lvl=\count270
\tag@help=\toks18
\row@=\count271
\column@=\count272
\maxfields@=\count273
\andhelp@=\toks19
\eqnshift@=\dimen146
\alignsep@=\dimen147
\tagshift@=\dimen148
\tagwidth@=\dimen149
\totwidth@=\dimen150
\lineht@=\dimen151
\@envbody=\toks20
\multlinegap=\skip51
\multlinetaggap=\skip52
\mathdisplay@stack=\toks21
LaTeX Info: Redefining \[ on input line 2953.
LaTeX Info: Redefining \] on input line 2954.
)
LaTeX Font Info:    Trying to load font information for U+msa on input line 397.
 (/usr/local/texlive/2025/texmf-dist/tex/latex/amsfonts/umsa.fd
File: umsa.fd 2013/01/14 v3.01 AMS symbols A
) (/usr/local/texlive/2025/texmf-dist/tex/latex/amsfonts/amsfonts.sty
Package: amsfonts 2013/01/14 v3.01 Basic AMSFonts support
\symAMSa=\mathgroup4
\symAMSb=\mathgroup5
LaTeX Font Info:    Redeclaring math symbol \hbar on input line 98.
LaTeX Font Info:    Overwriting math alphabet `\mathfrak' in version `bold'
(Font)                  U/euf/m/n --> U/euf/b/n on input line 106.
)
\copyins=\insert252
\abstractbox=\box54
\listisep=\skip53
\c@part=\count274
\c@section=\count275
\c@subsection=\count276
\c@subsubsection=\count277
\c@paragraph=\count278
\c@subparagraph=\count279
\c@figure=\count280
\c@table=\count281
\abovecaptionskip=\skip54
\belowcaptionskip=\skip55
\captionindent=\dimen152
\thm@style=\toks22
\thm@bodyfont=\toks23
\thm@headfont=\toks24
\thm@notefont=\toks25
\thm@headpunct=\toks26
\thm@preskip=\skip56
\thm@postskip=\skip57
\thm@headsep=\skip58
\dth@everypar=\toks27
) (/Users/gcrescenzo/Documents/School/LaTeX Documents/latex-class-notes/preamble-standalone.tex (/usr/local/texlive/2025/texmf-dist/tex/latex/base/fontenc.sty
Package: fontenc 2021/04/29 v2.0v Standard LaTeX package
) (/usr/local/texlive/2025/texmf-dist/tex/latex/mathtools/mathtools.sty
Package: mathtools 2024/10/04 v1.31 mathematical typesetting tools
 (/usr/local/texlive/2025/texmf-dist/tex/latex/graphics/keyval.sty
Package: keyval 2022/05/29 v1.15 key=value parser (DPC)
\KV@toks@=\toks28
) (/usr/local/texlive/2025/texmf-dist/tex/latex/tools/calc.sty
Package: calc 2023/07/08 v4.3 Infix arithmetic (KKT,FJ)
\calc@Acount=\count282
\calc@Bcount=\count283
\calc@Adimen=\dimen153
\calc@Bdimen=\dimen154
\calc@Askip=\skip59
\calc@Bskip=\skip60
LaTeX Info: Redefining \setlength on input line 80.
LaTeX Info: Redefining \addtolength on input line 81.
\calc@Ccount=\count284
\calc@Cskip=\skip61
) (/usr/local/texlive/2025/texmf-dist/tex/latex/mathtools/mhsetup.sty
Package: mhsetup 2021/03/18 v1.4 programming setup (MH)
)
\g_MT_multlinerow_int=\count285
\l_MT_multwidth_dim=\dimen155
\origjot=\skip62
\l_MT_shortvdotswithinadjustabove_dim=\dimen156
\l_MT_shortvdotswithinadjustbelow_dim=\dimen157
\l_MT_above_intertext_sep=\dimen158
\l_MT_below_intertext_sep=\dimen159
\l_MT_above_shortintertext_sep=\dimen160
\l_MT_below_shortintertext_sep=\dimen161
\xmathstrut@box=\box55
\xmathstrut@dim=\dimen162
) (/usr/local/texlive/2025/texmf-dist/tex/latex/amsfonts/amssymb.sty
Package: amssymb 2013/01/14 v3.01 AMS font symbols
) (/usr/local/texlive/2025/texmf-dist/tex/latex/kpfonts/kpfonts.sty
Package: kpfonts  2024/10/27 v3.36
 (/usr/local/texlive/2025/texmf-dist/tex/generic/iftex/iftex.sty
Package: iftex 2024/12/12 v1.0g TeX engine tests
)
\c@mv@rm=\count286
\c@mv@boldrm=\count287
\c@mv@sf=\count288
\c@mv@boldsf=\count289
LaTeX Font Info:    Redeclaring symbol font `operators' on input line 377.
LaTeX Font Info:    Overwriting symbol font `operators' in version `normal'
(Font)                  OT1/cmr/m/n --> OT1/jkpl/m/n on input line 377.
LaTeX Font Info:    Overwriting symbol font `operators' in version `bold'
(Font)                  OT1/cmr/bx/n --> OT1/jkpl/m/n on input line 377.
LaTeX Font Info:    Overwriting symbol font `operators' in version `rm'
(Font)                  OT1/cmr/m/n --> OT1/jkpl/m/n on input line 377.
LaTeX Font Info:    Overwriting symbol font `operators' in version `boldrm'
(Font)                  OT1/cmr/m/n --> OT1/jkpl/m/n on input line 377.
LaTeX Font Info:    Overwriting symbol font `operators' in version `sf'
(Font)                  OT1/cmr/m/n --> OT1/jkpl/m/n on input line 377.
LaTeX Font Info:    Overwriting symbol font `operators' in version `boldsf'
(Font)                  OT1/cmr/m/n --> OT1/jkpl/m/n on input line 377.
LaTeX Font Info:    Overwriting symbol font `operators' in version `bold'
(Font)                  OT1/jkpl/m/n --> OT1/jkpl/b/n on input line 378.
LaTeX Font Info:    Overwriting symbol font `operators' in version `rm'
(Font)                  OT1/jkpl/m/n --> OT1/jkpl/m/n on input line 380.
LaTeX Font Info:    Overwriting symbol font `operators' in version `boldrm'
(Font)                  OT1/jkpl/m/n --> OT1/jkpl/b/n on input line 381.
LaTeX Font Info:    Overwriting symbol font `operators' in version `sf'
(Font)                  OT1/jkpl/m/n --> OT1/jkpss/m/n on input line 382.
LaTeX Font Info:    Overwriting symbol font `operators' in version `boldsf'
(Font)                  OT1/jkpl/m/n --> OT1/jkpss/b/n on input line 383.
LaTeX Font Info:    Redeclaring math alphabet \mathrm on input line 387.
LaTeX Font Info:    Overwriting math alphabet `\mathrm' in version `bold'
(Font)                  OT1/jkpl/m/n --> OT1/jkpl/b/n on input line 388.
LaTeX Font Info:    Overwriting math alphabet `\mathrm' in version `rm'
(Font)                  OT1/jkpl/m/n --> OT1/jkpl/m/n on input line 389.
LaTeX Font Info:    Overwriting math alphabet `\mathrm' in version `boldrm'
(Font)                  OT1/jkpl/m/n --> OT1/jkpl/b/n on input line 390.
LaTeX Font Info:    Overwriting math alphabet `\mathrm' in version `sf'
(Font)                  OT1/jkpl/m/n --> OT1/jkp/m/n on input line 391.
LaTeX Font Info:    Overwriting math alphabet `\mathrm' in version `boldsf'
(Font)                  OT1/jkpl/m/n --> OT1/jkp/b/n on input line 392.
LaTeX Font Info:    Redeclaring math alphabet \mathbf on input line 401.
LaTeX Font Info:    Overwriting math alphabet `\mathbf' in version `normal'
(Font)                  OT1/cmr/bx/n --> OT1/jkpl/b/n on input line 401.
LaTeX Font Info:    Overwriting math alphabet `\mathbf' in version `bold'
(Font)                  OT1/cmr/bx/n --> OT1/jkpl/b/n on input line 401.
LaTeX Font Info:    Overwriting math alphabet `\mathbf' in version `rm'
(Font)                  OT1/cmr/bx/n --> OT1/jkpl/b/n on input line 401.
LaTeX Font Info:    Overwriting math alphabet `\mathbf' in version `boldrm'
(Font)                  OT1/cmr/bx/n --> OT1/jkpl/b/n on input line 401.
LaTeX Font Info:    Overwriting math alphabet `\mathbf' in version `sf'
(Font)                  OT1/cmr/bx/n --> OT1/jkpl/b/n on input line 401.
LaTeX Font Info:    Overwriting math alphabet `\mathbf' in version `boldsf'
(Font)                  OT1/cmr/bx/n --> OT1/jkpl/b/n on input line 401.
LaTeX Font Info:    Overwriting math alphabet `\mathbf' in version `bold'
(Font)                  OT1/jkpl/b/n --> OT1/jkpl/b/n on input line 402.
LaTeX Font Info:    Overwriting math alphabet `\mathbf' in version `rm'
(Font)                  OT1/jkpl/b/n --> OT1/jkpl/b/n on input line 404.
LaTeX Font Info:    Overwriting math alphabet `\mathbf' in version `boldrm'
(Font)                  OT1/jkpl/b/n --> OT1/jkpl/b/n on input line 405.
LaTeX Font Info:    Overwriting math alphabet `\mathbf' in version `sf'
(Font)                  OT1/jkpl/b/n --> OT1/jkpss/b/n on input line 406.
LaTeX Font Info:    Overwriting math alphabet `\mathbf' in version `boldsf'
(Font)                  OT1/jkpl/b/n --> OT1/jkpss/b/n on input line 407.
LaTeX Font Info:    Redeclaring math alphabet \mathit on input line 413.
LaTeX Font Info:    Overwriting math alphabet `\mathit' in version `normal'
(Font)                  OT1/cmr/m/it --> OT1/jkpl/m/it on input line 413.
LaTeX Font Info:    Overwriting math alphabet `\mathit' in version `bold'
(Font)                  OT1/cmr/bx/it --> OT1/jkpl/m/it on input line 413.
LaTeX Font Info:    Overwriting math alphabet `\mathit' in version `rm'
(Font)                  OT1/cmr/m/it --> OT1/jkpl/m/it on input line 413.
LaTeX Font Info:    Overwriting math alphabet `\mathit' in version `boldrm'
(Font)                  OT1/cmr/m/it --> OT1/jkpl/m/it on input line 413.
LaTeX Font Info:    Overwriting math alphabet `\mathit' in version `sf'
(Font)                  OT1/cmr/m/it --> OT1/jkpl/m/it on input line 413.
LaTeX Font Info:    Overwriting math alphabet `\mathit' in version `boldsf'
(Font)                  OT1/cmr/m/it --> OT1/jkpl/m/it on input line 413.
LaTeX Font Info:    Overwriting math alphabet `\mathit' in version `bold'
(Font)                  OT1/jkpl/m/it --> OT1/jkpl/b/it on input line 414.
LaTeX Font Info:    Overwriting math alphabet `\mathit' in version `rm'
(Font)                  OT1/jkpl/m/it --> OT1/jkpl/m/it on input line 416.
LaTeX Font Info:    Overwriting math alphabet `\mathit' in version `boldrm'
(Font)                  OT1/jkpl/m/it --> OT1/jkpl/b/it on input line 417.
LaTeX Font Info:    Overwriting math alphabet `\mathit' in version `sf'
(Font)                  OT1/jkpl/m/it --> OT1/jkpss/m/it on input line 418.
LaTeX Font Info:    Overwriting math alphabet `\mathit' in version `boldsf'
(Font)                  OT1/jkpl/m/it --> OT1/jkpss/b/it on input line 419.
LaTeX Font Info:    Redeclaring math alphabet \mathsf on input line 424.
LaTeX Font Info:    Overwriting math alphabet `\mathsf' in version `normal'
(Font)                  OT1/cmss/m/n --> OT1/jkpss/m/n on input line 424.
LaTeX Font Info:    Overwriting math alphabet `\mathsf' in version `bold'
(Font)                  OT1/cmss/bx/n --> OT1/jkpss/m/n on input line 424.
LaTeX Font Info:    Overwriting math alphabet `\mathsf' in version `rm'
(Font)                  OT1/cmss/m/n --> OT1/jkpss/m/n on input line 424.
LaTeX Font Info:    Overwriting math alphabet `\mathsf' in version `boldrm'
(Font)                  OT1/cmss/m/n --> OT1/jkpss/m/n on input line 424.
LaTeX Font Info:    Overwriting math alphabet `\mathsf' in version `sf'
(Font)                  OT1/cmss/m/n --> OT1/jkpss/m/n on input line 424.
LaTeX Font Info:    Overwriting math alphabet `\mathsf' in version `boldsf'
(Font)                  OT1/cmss/m/n --> OT1/jkpss/m/n on input line 424.
LaTeX Font Info:    Overwriting math alphabet `\mathsf' in version `bold'
(Font)                  OT1/jkpss/m/n --> OT1/jkpss/b/n on input line 425.
LaTeX Font Info:    Overwriting math alphabet `\mathsf' in version `rm'
(Font)                  OT1/jkpss/m/n --> OT1/jkpss/m/n on input line 426.
LaTeX Font Info:    Overwriting math alphabet `\mathsf' in version `boldrm'
(Font)                  OT1/jkpss/m/n --> OT1/jkpss/b/n on input line 427.
LaTeX Font Info:    Overwriting math alphabet `\mathsf' in version `sf'
(Font)                  OT1/jkpss/m/n --> OT1/jkpss/m/n on input line 428.
LaTeX Font Info:    Overwriting math alphabet `\mathsf' in version `boldsf'
(Font)                  OT1/jkpss/m/n --> OT1/jkpss/b/n on input line 429.
LaTeX Font Info:    Redeclaring math alphabet \mathtt on input line 433.
LaTeX Font Info:    Overwriting math alphabet `\mathtt' in version `normal'
(Font)                  OT1/cmtt/m/n --> OT1/jkptt/m/n on input line 433.
LaTeX Font Info:    Overwriting math alphabet `\mathtt' in version `bold'
(Font)                  OT1/cmtt/m/n --> OT1/jkptt/m/n on input line 433.
LaTeX Font Info:    Overwriting math alphabet `\mathtt' in version `rm'
(Font)                  OT1/cmtt/m/n --> OT1/jkptt/m/n on input line 433.
LaTeX Font Info:    Overwriting math alphabet `\mathtt' in version `boldrm'
(Font)                  OT1/cmtt/m/n --> OT1/jkptt/m/n on input line 433.
LaTeX Font Info:    Overwriting math alphabet `\mathtt' in version `sf'
(Font)                  OT1/cmtt/m/n --> OT1/jkptt/m/n on input line 433.
LaTeX Font Info:    Overwriting math alphabet `\mathtt' in version `boldsf'
(Font)                  OT1/cmtt/m/n --> OT1/jkptt/m/n on input line 433.
LaTeX Font Info:    Overwriting math alphabet `\mathtt' in version `bold'
(Font)                  OT1/jkptt/m/n --> OT1/jkptt/b/n on input line 434.
LaTeX Font Info:    Overwriting math alphabet `\mathtt' in version `rm'
(Font)                  OT1/jkptt/m/n --> OT1/jkptt/m/n on input line 435.
LaTeX Font Info:    Overwriting math alphabet `\mathtt' in version `boldrm'
(Font)                  OT1/jkptt/m/n --> OT1/jkptt/b/n on input line 436.
LaTeX Font Info:    Overwriting math alphabet `\mathtt' in version `sf'
(Font)                  OT1/jkptt/m/n --> OT1/jkptt/m/n on input line 437.
LaTeX Font Info:    Overwriting math alphabet `\mathtt' in version `boldsf'
(Font)                  OT1/jkptt/m/n --> OT1/jkptt/b/n on input line 438.
LaTeX Font Info:    Redeclaring symbol font `letters' on input line 446.
LaTeX Font Info:    Overwriting symbol font `letters' in version `normal'
(Font)                  OML/cmm/m/it --> OML/jkpl/m/it on input line 446.
LaTeX Font Info:    Overwriting symbol font `letters' in version `bold'
(Font)                  OML/cmm/b/it --> OML/jkpl/m/it on input line 446.
LaTeX Font Info:    Overwriting symbol font `letters' in version `rm'
(Font)                  OML/cmm/m/it --> OML/jkpl/m/it on input line 446.
LaTeX Font Info:    Overwriting symbol font `letters' in version `boldrm'
(Font)                  OML/cmm/m/it --> OML/jkpl/m/it on input line 446.
LaTeX Font Info:    Overwriting symbol font `letters' in version `sf'
(Font)                  OML/cmm/m/it --> OML/jkpl/m/it on input line 446.
LaTeX Font Info:    Overwriting symbol font `letters' in version `boldsf'
(Font)                  OML/cmm/m/it --> OML/jkpl/m/it on input line 446.
LaTeX Font Info:    Overwriting symbol font `letters' in version `bold'
(Font)                  OML/jkpl/m/it --> OML/jkpl/bx/it on input line 447.
LaTeX Font Info:    Overwriting symbol font `letters' in version `rm'
(Font)                  OML/jkpl/m/it --> OML/jkpl/m/it on input line 449.
LaTeX Font Info:    Overwriting symbol font `letters' in version `boldrm'
(Font)                  OML/jkpl/m/it --> OML/jkpl/bx/it on input line 450.
LaTeX Font Info:    Overwriting symbol font `letters' in version `sf'
(Font)                  OML/jkpl/m/it --> OML/jkpss/m/it on input line 451.
LaTeX Font Info:    Overwriting symbol font `letters' in version `boldsf'
(Font)                  OML/jkpl/m/it --> OML/jkpss/bx/it on input line 452.
\symlettersA=\mathgroup6
LaTeX Font Info:    Overwriting symbol font `lettersA' in version `bold'
(Font)                  U/jkplmia/m/it --> U/jkplmia/bx/it on input line 462.
LaTeX Font Info:    Overwriting symbol font `lettersA' in version `rm'
(Font)                  U/jkplmia/m/it --> U/jkplmia/m/it on input line 464.
LaTeX Font Info:    Overwriting symbol font `lettersA' in version `boldrm'
(Font)                  U/jkplmia/m/it --> U/jkplmia/bx/it on input line 465.
LaTeX Font Info:    Overwriting symbol font `lettersA' in version `sf'
(Font)                  U/jkplmia/m/it --> U/jkpssmia/m/it on input line 466.
LaTeX Font Info:    Overwriting symbol font `lettersA' in version `boldsf'
(Font)                  U/jkplmia/m/it --> U/jkpssmia/bx/it on input line 467.
LaTeX Font Info:    Redeclaring math alphabet \mathfrak on input line 470.
LaTeX Font Info:    Redeclaring symbol font `symbols' on input line 479.
LaTeX Font Info:    Overwriting symbol font `symbols' in version `normal'
(Font)                  OMS/cmsy/m/n --> OMS/jkpl/m/n on input line 479.
LaTeX Font Info:    Overwriting symbol font `symbols' in version `bold'
(Font)                  OMS/cmsy/b/n --> OMS/jkpl/m/n on input line 479.
LaTeX Font Info:    Overwriting symbol font `symbols' in version `rm'
(Font)                  OMS/cmsy/m/n --> OMS/jkpl/m/n on input line 479.
LaTeX Font Info:    Overwriting symbol font `symbols' in version `boldrm'
(Font)                  OMS/cmsy/m/n --> OMS/jkpl/m/n on input line 479.
LaTeX Font Info:    Overwriting symbol font `symbols' in version `sf'
(Font)                  OMS/cmsy/m/n --> OMS/jkpl/m/n on input line 479.
LaTeX Font Info:    Overwriting symbol font `symbols' in version `boldsf'
(Font)                  OMS/cmsy/m/n --> OMS/jkpl/m/n on input line 479.
LaTeX Font Info:    Overwriting symbol font `symbols' in version `bold'
(Font)                  OMS/jkpl/m/n --> OMS/jkpl/bx/n on input line 480.
LaTeX Font Info:    Overwriting symbol font `symbols' in version `rm'
(Font)                  OMS/jkpl/m/n --> OMS/jkpl/m/n on input line 482.
LaTeX Font Info:    Overwriting symbol font `symbols' in version `boldrm'
(Font)                  OMS/jkpl/m/n --> OMS/jkpl/bx/n on input line 483.
LaTeX Font Info:    Overwriting symbol font `symbols' in version `sf'
(Font)                  OMS/jkpl/m/n --> OMS/jkp/m/n on input line 484.
LaTeX Font Info:    Overwriting symbol font `symbols' in version `boldsf'
(Font)                  OMS/jkpl/m/n --> OMS/jkp/bx/n on input line 485.
LaTeX Font Info:    Redeclaring symbol font `AMSa' on input line 498.
LaTeX Font Info:    Overwriting symbol font `AMSa' in version `normal'
(Font)                  U/msa/m/n --> U/jkpsya/m/n on input line 498.
LaTeX Font Info:    Overwriting symbol font `AMSa' in version `bold'
(Font)                  U/msa/m/n --> U/jkpsya/m/n on input line 498.
LaTeX Font Info:    Overwriting symbol font `AMSa' in version `rm'
(Font)                  U/msa/m/n --> U/jkpsya/m/n on input line 498.
LaTeX Font Info:    Overwriting symbol font `AMSa' in version `boldrm'
(Font)                  U/msa/m/n --> U/jkpsya/m/n on input line 498.
LaTeX Font Info:    Overwriting symbol font `AMSa' in version `sf'
(Font)                  U/msa/m/n --> U/jkpsya/m/n on input line 498.
LaTeX Font Info:    Overwriting symbol font `AMSa' in version `boldsf'
(Font)                  U/msa/m/n --> U/jkpsya/m/n on input line 498.
LaTeX Font Info:    Overwriting symbol font `AMSa' in version `bold'
(Font)                  U/jkpsya/m/n --> U/jkpsya/bx/n on input line 499.
LaTeX Font Info:    Overwriting symbol font `AMSa' in version `rm'
(Font)                  U/jkpsya/m/n --> U/jkpsya/m/n on input line 500.
LaTeX Font Info:    Overwriting symbol font `AMSa' in version `boldrm'
(Font)                  U/jkpsya/m/n --> U/jkpsya/bx/n on input line 501.
LaTeX Font Info:    Overwriting symbol font `AMSa' in version `sf'
(Font)                  U/jkpsya/m/n --> U/jkpsya/m/n on input line 502.
LaTeX Font Info:    Overwriting symbol font `AMSa' in version `boldsf'
(Font)                  U/jkpsya/m/n --> U/jkpsya/bx/n on input line 503.
LaTeX Font Info:    Redeclaring symbol font `AMSb' on input line 551.
LaTeX Font Info:    Overwriting symbol font `AMSb' in version `normal'
(Font)                  U/msb/m/n --> U/jkplsyb/m/n on input line 551.
LaTeX Font Info:    Overwriting symbol font `AMSb' in version `bold'
(Font)                  U/msb/m/n --> U/jkplsyb/m/n on input line 551.
LaTeX Font Info:    Overwriting symbol font `AMSb' in version `rm'
(Font)                  U/msb/m/n --> U/jkplsyb/m/n on input line 551.
LaTeX Font Info:    Overwriting symbol font `AMSb' in version `boldrm'
(Font)                  U/msb/m/n --> U/jkplsyb/m/n on input line 551.
LaTeX Font Info:    Overwriting symbol font `AMSb' in version `sf'
(Font)                  U/msb/m/n --> U/jkplsyb/m/n on input line 551.
LaTeX Font Info:    Overwriting symbol font `AMSb' in version `boldsf'
(Font)                  U/msb/m/n --> U/jkplsyb/m/n on input line 551.
LaTeX Font Info:    Overwriting symbol font `AMSb' in version `bold'
(Font)                  U/jkplsyb/m/n --> U/jkplsyb/bx/n on input line 552.
LaTeX Font Info:    Overwriting symbol font `AMSb' in version `rm'
(Font)                  U/jkplsyb/m/n --> U/jkplsyb/m/n on input line 553.
LaTeX Font Info:    Overwriting symbol font `AMSb' in version `boldrm'
(Font)                  U/jkplsyb/m/n --> U/jkplsyb/bx/n on input line 554.
LaTeX Font Info:    Overwriting symbol font `AMSb' in version `sf'
(Font)                  U/jkplsyb/m/n --> U/jkpsssyb/m/n on input line 555.
LaTeX Font Info:    Overwriting symbol font `AMSb' in version `boldsf'
(Font)                  U/jkplsyb/m/n --> U/jkpsssyb/bx/n on input line 556.
\symsymbolsC=\mathgroup7
LaTeX Font Info:    Overwriting symbol font `symbolsC' in version `bold'
(Font)                  U/jkplsyc/m/n --> U/jkplsyc/bx/n on input line 572.
LaTeX Font Info:    Overwriting symbol font `symbolsC' in version `rm'
(Font)                  U/jkplsyc/m/n --> U/jkplsyc/m/n on input line 574.
LaTeX Font Info:    Overwriting symbol font `symbolsC' in version `boldrm'
(Font)                  U/jkplsyc/m/n --> U/jkplsyc/bx/n on input line 575.
LaTeX Font Info:    Overwriting symbol font `symbolsC' in version `sf'
(Font)                  U/jkplsyc/m/n --> U/jkpsyc/m/n on input line 576.
LaTeX Font Info:    Overwriting symbol font `symbolsC' in version `boldsf'
(Font)                  U/jkplsyc/m/n --> U/jkpsyc/bx/n on input line 577.
LaTeX Font Info:    Overwriting math alphabet `\mathscr' in version `bold'
(Font)                  U/jkplsyd/m/n --> U/jkplsyd/bx/n on input line 606.
LaTeX Font Info:    Overwriting math alphabet `\mathscr' in version `rm'
(Font)                  U/jkplsyd/m/n --> U/jkplsyd/m/n on input line 608.
LaTeX Font Info:    Overwriting math alphabet `\mathscr' in version `boldrm'
(Font)                  U/jkplsyd/m/n --> U/jkplsyd/bx/n on input line 609.
LaTeX Font Info:    Overwriting math alphabet `\mathscr' in version `sf'
(Font)                  U/jkplsyd/m/n --> U/jkpsyd/m/n on input line 610.
LaTeX Font Info:    Overwriting math alphabet `\mathscr' in version `boldsf'
(Font)                  U/jkplsyd/m/n --> U/jkpsyd/bx/n on input line 611.
LaTeX Font Info:    Redeclaring symbol font `largesymbols' on input line 621.
LaTeX Font Info:    Overwriting symbol font `largesymbols' in version `normal'
(Font)                  OMX/cmex/m/n --> OMX/jkpl/m/n on input line 621.
LaTeX Font Info:    Overwriting symbol font `largesymbols' in version `bold'
(Font)                  OMX/cmex/m/n --> OMX/jkpl/m/n on input line 621.
LaTeX Font Info:    Overwriting symbol font `largesymbols' in version `rm'
(Font)                  OMX/cmex/m/n --> OMX/jkpl/m/n on input line 621.
LaTeX Font Info:    Overwriting symbol font `largesymbols' in version `boldrm'
(Font)                  OMX/cmex/m/n --> OMX/jkpl/m/n on input line 621.
LaTeX Font Info:    Overwriting symbol font `largesymbols' in version `sf'
(Font)                  OMX/cmex/m/n --> OMX/jkpl/m/n on input line 621.
LaTeX Font Info:    Overwriting symbol font `largesymbols' in version `boldsf'
(Font)                  OMX/cmex/m/n --> OMX/jkpl/m/n on input line 621.
LaTeX Font Info:    Overwriting symbol font `largesymbols' in version `bold'
(Font)                  OMX/jkpl/m/n --> OMX/jkpl/bx/n on input line 622.
LaTeX Font Info:    Overwriting symbol font `largesymbols' in version `rm'
(Font)                  OMX/jkpl/m/n --> OMX/jkpl/m/n on input line 624.
LaTeX Font Info:    Overwriting symbol font `largesymbols' in version `boldrm'
(Font)                  OMX/jkpl/m/n --> OMX/jkpl/bx/n on input line 625.
LaTeX Font Info:    Overwriting symbol font `largesymbols' in version `sf'
(Font)                  OMX/jkpl/m/n --> OMX/jkpss/m/n on input line 626.
LaTeX Font Info:    Overwriting symbol font `largesymbols' in version `boldsf'
(Font)                  OMX/jkpl/m/n --> OMX/jkpss/bx/n on input line 627.
\symlargesymbolsA=\mathgroup8
LaTeX Font Info:    Overwriting symbol font `largesymbolsA' in version `bold'
(Font)                  U/jkplexa/m/n --> U/jkplexa/bx/n on input line 638.
LaTeX Font Info:    Overwriting symbol font `largesymbolsA' in version `rm'
(Font)                  U/jkplexa/m/n --> U/jkplexa/m/n on input line 640.
LaTeX Font Info:    Overwriting symbol font `largesymbolsA' in version `boldrm'
(Font)                  U/jkplexa/m/n --> U/jkplexa/bx/n on input line 641.
LaTeX Font Info:    Overwriting symbol font `largesymbolsA' in version `sf'
(Font)                  U/jkplexa/m/n --> U/jkpexa/m/n on input line 642.
LaTeX Font Info:    Overwriting symbol font `largesymbolsA' in version `boldsf'
(Font)                  U/jkplexa/m/n --> U/jkpexa/bx/n on input line 643.
LaTeX Info: Redefining \not on input line 1603.
) (/usr/local/texlive/2025/texmf-dist/tex/latex/datetime/datetime.sty
Package: datetime 2015/03/20 v2.60 Date Time Package
 (/usr/local/texlive/2025/texmf-dist/tex/latex/etoolbox/etoolbox.sty
Package: etoolbox 2025/02/11 v2.5l e-TeX tools for LaTeX (JAW)
\etb@tempcnta=\count290
) (/usr/local/texlive/2025/texmf-dist/tex/latex/fmtcount/fmtcount.sty
Package: fmtcount 2025/02/09 v3.10 Displaying the values of LaTeX counters (NT,VB,NE)
 (/usr/local/texlive/2025/texmf-dist/tex/latex/base/ifthen.sty
Package: ifthen 2024/03/16 v1.1e Standard LaTeX ifthen package (DPC)
) (/usr/local/texlive/2025/texmf-dist/tex/latex/xkeyval/xkeyval.sty
Package: xkeyval 2022/06/16 v2.9 package option processing (HA)
 (/usr/local/texlive/2025/texmf-dist/tex/generic/xkeyval/xkeyval.tex (/usr/local/texlive/2025/texmf-dist/tex/generic/xkeyval/xkvutils.tex
\XKV@toks=\toks29
\XKV@tempa@toks=\toks30
)
\XKV@depth=\count291
File: xkeyval.tex 2014/12/03 v2.7a key=value parser (HA)
)) (/usr/local/texlive/2025/texmf-dist/tex/latex/fmtcount/fcprefix.sty
Package: fcprefix 2012/09/28
 (/usr/local/texlive/2025/texmf-dist/tex/latex/fmtcount/fcnumparser.sty
Package: fcnumparser 2017/06/15
\fc@digit@counter=\count292
))
\c@padzeroesN=\count293
\fc@tmpcatcode=\count294
\@DT@modctr=\count295
\@ordinalctr=\count296
\@orgargctr=\count297
\@strctr=\count298
\@tmpstrctr=\count299
\@DT@loopN=\count300
\@DT@X=\count301
) (/usr/local/texlive/2025/texmf-dist/tex/latex/datetime/datetime-defaults.sty
Package: datetime-defaults 2013/09/10
)
\@day=\count302
\@month=\count303
\@year=\count304
\c@HOUR=\count305
\c@HOURXII=\count306
\c@MINUTE=\count307
\c@TOHOUR=\count308
\c@TOMINUTE=\count309
\c@SECOND=\count310
\currenthour=\count311
\currentminute=\count312
\currentsecond=\count313
Package datetime Info: No datetime.cfg file found, using default settings on input line 308.
\@dtctr=\count314
\dayofyear=\count315
\dayofweek=\count316
LaTeX Info: Redefining \today on input line 736.
\dt@a=\toks31
\dt@b=\toks32
) (/usr/local/texlive/2025/texmf-dist/tex/latex/keytheorems/keytheorems.sty
Package: keytheorems 2025-01-22 v0.2.5 l3keys interface to amsthm
 (/usr/local/texlive/2025/texmf-dist/tex/latex/oberdiek/aliascnt.sty
Package: aliascnt 2018/09/07 v1.5 Alias counters (HO)
) (/usr/local/texlive/2025/texmf-dist/tex/latex/refcount/refcount.sty
Package: refcount 2019/12/15 v3.6 Data extraction from label references (HO)
 (/usr/local/texlive/2025/texmf-dist/tex/generic/ltxcmds/ltxcmds.sty
Package: ltxcmds 2023-12-04 v1.26 LaTeX kernel commands for general use (HO)
) (/usr/local/texlive/2025/texmf-dist/tex/generic/infwarerr/infwarerr.sty
Package: infwarerr 2019/12/03 v1.5 Providing info/warning/error messages (HO)
)) (/usr/local/texlive/2025/texmf-dist/tex/latex/translations/translations.sty
Package: translations 2022/02/05 v1.12 internationalization of LaTeX2e packages (CN)
 (/usr/local/texlive/2025/texmf-dist/tex/generic/pdftexcmds/pdftexcmds.sty
Package: pdftexcmds 2020-06-27 v0.33 Utility functions of pdfTeX for LuaTeX (HO)
Package pdftexcmds Info: \pdf@primitive is available.
Package pdftexcmds Info: \pdf@ifprimitive is available.
Package pdftexcmds Info: \pdfdraftmode found.
))
\l__keythms_tmpa_dim=\dimen163
\l__keythms_thm_currparindent_dim=\dimen164
\l__keythms_thm_currparskip_dim=\dimen165
\l__keythms_thm_tcbstate_int=\count317
\c@keythms_restate_dummyctr=\count318
\c@keythms_continues_dummyctr=\count319
\c@keythms_unnumbered_dummyctr=\count320
\c@keythms_manualnum_dummyctr=\count321
\l__keythms_thm_leftmargin_dim=\dimen166
\l__keythms_thm_rightmargin_dim=\dimen167
\keythms@listof@chaptervspace@dim=\dimen168
\l__keythms_listof_indent_dim=\dimen169
\l__keythms_listof_numwidth_dim=\dimen170
\g_keythms_listof_prevchapter_int=\count322
 (/usr/local/texlive/2025/texmf-dist/tex/latex/keytheorems/class-support/keythms-amsart-support.tex
File: keythms-amsart-support 2025-01-22 v0.2.5 keytheorems support for the amsart class
))
\g__keythms_thmstyle_def_tcbspaceabove_skip=\skip63
\g__keythms_thmstyle_def_tcbspacebelow_skip=\skip64
\g__keythms_thmstyle_thm_tcbspaceabove_skip=\skip65
\g__keythms_thmstyle_thm_tcbspacebelow_skip=\skip66
\c@theorem=\count323
\c@definition=\count324
\c@example=\count325
\c@exercise=\count326
\c@problem=\count327
\c@axiom=\count328
 (/usr/local/texlive/2025/texmf-dist/tex/latex/pgf/frontendlayer/tikz.sty (/usr/local/texlive/2025/texmf-dist/tex/latex/pgf/basiclayer/pgf.sty (/usr/local/texlive/2025/texmf-dist/tex/latex/pgf/utilities/pgfrcs.sty (/usr/local/texlive/2025/texmf-dist/tex/generic/pgf/utilities/pgfutil-common.tex
\pgfutil@everybye=\toks33
\pgfutil@tempdima=\dimen171
\pgfutil@tempdimb=\dimen172
) (/usr/local/texlive/2025/texmf-dist/tex/generic/pgf/utilities/pgfutil-latex.def
\pgfutil@abb=\box56
) (/usr/local/texlive/2025/texmf-dist/tex/generic/pgf/utilities/pgfrcs.code.tex (/usr/local/texlive/2025/texmf-dist/tex/generic/pgf/pgf.revision.tex)
Package: pgfrcs 2023-01-15 v3.1.10 (3.1.10)
))
Package: pgf 2023-01-15 v3.1.10 (3.1.10)
 (/usr/local/texlive/2025/texmf-dist/tex/latex/pgf/basiclayer/pgfcore.sty (/usr/local/texlive/2025/texmf-dist/tex/latex/graphics/graphicx.sty
Package: graphicx 2021/09/16 v1.2d Enhanced LaTeX Graphics (DPC,SPQR)
 (/usr/local/texlive/2025/texmf-dist/tex/latex/graphics/graphics.sty
Package: graphics 2024/08/06 v1.4g Standard LaTeX Graphics (DPC,SPQR)
 (/usr/local/texlive/2025/texmf-dist/tex/latex/graphics/trig.sty
Package: trig 2023/12/02 v1.11 sin cos tan (DPC)
) (/usr/local/texlive/2025/texmf-dist/tex/latex/graphics-cfg/graphics.cfg
File: graphics.cfg 2016/06/04 v1.11 sample graphics configuration
)
Package graphics Info: Driver file: pdftex.def on input line 106.
 (/usr/local/texlive/2025/texmf-dist/tex/latex/graphics-def/pdftex.def
File: pdftex.def 2024/04/13 v1.2c Graphics/color driver for pdftex
))
\Gin@req@height=\dimen173
\Gin@req@width=\dimen174
) (/usr/local/texlive/2025/texmf-dist/tex/latex/pgf/systemlayer/pgfsys.sty (/usr/local/texlive/2025/texmf-dist/tex/generic/pgf/systemlayer/pgfsys.code.tex
Package: pgfsys 2023-01-15 v3.1.10 (3.1.10)
 (/usr/local/texlive/2025/texmf-dist/tex/generic/pgf/utilities/pgfkeys.code.tex
\pgfkeys@pathtoks=\toks34
\pgfkeys@temptoks=\toks35
 (/usr/local/texlive/2025/texmf-dist/tex/generic/pgf/utilities/pgfkeyslibraryfiltered.code.tex
\pgfkeys@tmptoks=\toks36
))
\pgf@x=\dimen175
\pgf@y=\dimen176
\pgf@xa=\dimen177
\pgf@ya=\dimen178
\pgf@xb=\dimen179
\pgf@yb=\dimen180
\pgf@xc=\dimen181
\pgf@yc=\dimen182
\pgf@xd=\dimen183
\pgf@yd=\dimen184
\w@pgf@writea=\write3
\r@pgf@reada=\read2
\c@pgf@counta=\count329
\c@pgf@countb=\count330
\c@pgf@countc=\count331
\c@pgf@countd=\count332
\t@pgf@toka=\toks37
\t@pgf@tokb=\toks38
\t@pgf@tokc=\toks39
\pgf@sys@id@count=\count333
 (/usr/local/texlive/2025/texmf-dist/tex/generic/pgf/systemlayer/pgf.cfg
File: pgf.cfg 2023-01-15 v3.1.10 (3.1.10)
)
Driver file for pgf: pgfsys-pdftex.def
 (/usr/local/texlive/2025/texmf-dist/tex/generic/pgf/systemlayer/pgfsys-pdftex.def
File: pgfsys-pdftex.def 2023-01-15 v3.1.10 (3.1.10)
 (/usr/local/texlive/2025/texmf-dist/tex/generic/pgf/systemlayer/pgfsys-common-pdf.def
File: pgfsys-common-pdf.def 2023-01-15 v3.1.10 (3.1.10)
))) (/usr/local/texlive/2025/texmf-dist/tex/generic/pgf/systemlayer/pgfsyssoftpath.code.tex
File: pgfsyssoftpath.code.tex 2023-01-15 v3.1.10 (3.1.10)
\pgfsyssoftpath@smallbuffer@items=\count334
\pgfsyssoftpath@bigbuffer@items=\count335
)
(/usr/local/texlive/2025/texmf-dist/tex/generic/pgf/systemlayer/pgfsysprotocol.code.tex
File: pgfsysprotocol.code.tex 2023-01-15 v3.1.10 (3.1.10)
)) (/usr/local/texlive/2025/texmf-dist/tex/latex/xcolor/xcolor.sty
Package: xcolor 2024/09/29 v3.02 LaTeX color extensions (UK)
 (/usr/local/texlive/2025/texmf-dist/tex/latex/graphics-cfg/color.cfg
File: color.cfg 2016/01/02 v1.6 sample color configuration
)
Package xcolor Info: Driver file: pdftex.def on input line 274.
 (/usr/local/texlive/2025/texmf-dist/tex/latex/graphics/mathcolor.ltx)
Package xcolor Info: Model `cmy' substituted by `cmy0' on input line 1349.
Package xcolor Info: Model `hsb' substituted by `rgb' on input line 1353.
Package xcolor Info: Model `RGB' extended on input line 1365.
Package xcolor Info: Model `HTML' substituted by `rgb' on input line 1367.
Package xcolor Info: Model `Hsb' substituted by `hsb' on input line 1368.
Package xcolor Info: Model `tHsb' substituted by `hsb' on input line 1369.
Package xcolor Info: Model `HSB' substituted by `hsb' on input line 1370.
Package xcolor Info: Model `Gray' substituted by `gray' on input line 1371.
Package xcolor Info: Model `wave' substituted by `hsb' on input line 1372.
) (/usr/local/texlive/2025/texmf-dist/tex/generic/pgf/basiclayer/pgfcore.code.tex
Package: pgfcore 2023-01-15 v3.1.10 (3.1.10)
 (/usr/local/texlive/2025/texmf-dist/tex/generic/pgf/math/pgfmath.code.tex (/usr/local/texlive/2025/texmf-dist/tex/generic/pgf/math/pgfmathutil.code.tex) (/usr/local/texlive/2025/texmf-dist/tex/generic/pgf/math/pgfmathparser.code.tex
\pgfmath@dimen=\dimen185
\pgfmath@count=\count336
\pgfmath@box=\box57
\pgfmath@toks=\toks40
\pgfmath@stack@operand=\toks41
\pgfmath@stack@operation=\toks42
) (/usr/local/texlive/2025/texmf-dist/tex/generic/pgf/math/pgfmathfunctions.code.tex) (/usr/local/texlive/2025/texmf-dist/tex/generic/pgf/math/pgfmathfunctions.basic.code.tex) (/usr/local/texlive/2025/texmf-dist/tex/generic/pgf/math/pgfmathfunctions.trigonometric.code.tex) (/usr/local/texlive/2025/texmf-dist/tex/generic/pgf/math/pgfmathfunctions.random.code.tex) (/usr/local/texlive/2025/texmf-dist/tex/generic/pgf/math/pgfmathfunctions.comparison.code.tex) (/usr/local/texlive/2025/texmf-dist/tex/generic/pgf/math/pgfmathfunctions.base.code.tex) (/usr/local/texlive/2025/texmf-dist/tex/generic/pgf/math/pgfmathfunctions.round.code.tex) (/usr/local/texlive/2025/texmf-dist/tex/generic/pgf/math/pgfmathfunctions.misc.code.tex) (/usr/local/texlive/2025/texmf-dist/tex/generic/pgf/math/pgfmathfunctions.integerarithmetics.code.tex) (/usr/local/texlive/2025/texmf-dist/tex/generic/pgf/math/pgfmathcalc.code.tex) (/usr/local/texlive/2025/texmf-dist/tex/generic/pgf/math/pgfmathfloat.code.tex
\c@pgfmathroundto@lastzeros=\count337
)) (/usr/local/texlive/2025/texmf-dist/tex/generic/pgf/math/pgfint.code.tex) (/usr/local/texlive/2025/texmf-dist/tex/generic/pgf/basiclayer/pgfcorepoints.code.tex
File: pgfcorepoints.code.tex 2023-01-15 v3.1.10 (3.1.10)
\pgf@picminx=\dimen186
\pgf@picmaxx=\dimen187
\pgf@picminy=\dimen188
\pgf@picmaxy=\dimen189
\pgf@pathminx=\dimen190
\pgf@pathmaxx=\dimen191
\pgf@pathminy=\dimen192
\pgf@pathmaxy=\dimen193
\pgf@xx=\dimen194
\pgf@xy=\dimen195
\pgf@yx=\dimen196
\pgf@yy=\dimen197
\pgf@zx=\dimen198
\pgf@zy=\dimen199
) (/usr/local/texlive/2025/texmf-dist/tex/generic/pgf/basiclayer/pgfcorepathconstruct.code.tex
File: pgfcorepathconstruct.code.tex 2023-01-15 v3.1.10 (3.1.10)
\pgf@path@lastx=\dimen256
\pgf@path@lasty=\dimen257
) (/usr/local/texlive/2025/texmf-dist/tex/generic/pgf/basiclayer/pgfcorepathusage.code.tex
File: pgfcorepathusage.code.tex 2023-01-15 v3.1.10 (3.1.10)
\pgf@shorten@end@additional=\dimen258
\pgf@shorten@start@additional=\dimen259
)
(/usr/local/texlive/2025/texmf-dist/tex/generic/pgf/basiclayer/pgfcorescopes.code.tex
File: pgfcorescopes.code.tex 2023-01-15 v3.1.10 (3.1.10)
\pgfpic=\box58
\pgf@hbox=\box59
\pgf@layerbox@main=\box60
\pgf@picture@serial@count=\count338
) (/usr/local/texlive/2025/texmf-dist/tex/generic/pgf/basiclayer/pgfcoregraphicstate.code.tex
File: pgfcoregraphicstate.code.tex 2023-01-15 v3.1.10 (3.1.10)
\pgflinewidth=\dimen260
) (/usr/local/texlive/2025/texmf-dist/tex/generic/pgf/basiclayer/pgfcoretransformations.code.tex
File: pgfcoretransformations.code.tex 2023-01-15 v3.1.10 (3.1.10)
\pgf@pt@x=\dimen261
\pgf@pt@y=\dimen262
\pgf@pt@temp=\dimen263
) (/usr/local/texlive/2025/texmf-dist/tex/generic/pgf/basiclayer/pgfcorequick.code.tex
File: pgfcorequick.code.tex 2023-01-15 v3.1.10 (3.1.10)
) (/usr/local/texlive/2025/texmf-dist/tex/generic/pgf/basiclayer/pgfcoreobjects.code.tex
File: pgfcoreobjects.code.tex 2023-01-15 v3.1.10 (3.1.10)
) (/usr/local/texlive/2025/texmf-dist/tex/generic/pgf/basiclayer/pgfcorepathprocessing.code.tex
File: pgfcorepathprocessing.code.tex 2023-01-15 v3.1.10 (3.1.10)
) (/usr/local/texlive/2025/texmf-dist/tex/generic/pgf/basiclayer/pgfcorearrows.code.tex
File: pgfcorearrows.code.tex 2023-01-15 v3.1.10 (3.1.10)
\pgfarrowsep=\dimen264
) (/usr/local/texlive/2025/texmf-dist/tex/generic/pgf/basiclayer/pgfcoreshade.code.tex
File: pgfcoreshade.code.tex 2023-01-15 v3.1.10 (3.1.10)
\pgf@max=\dimen265
\pgf@sys@shading@range@num=\count339
\pgf@shadingcount=\count340
) (/usr/local/texlive/2025/texmf-dist/tex/generic/pgf/basiclayer/pgfcoreimage.code.tex
File: pgfcoreimage.code.tex 2023-01-15 v3.1.10 (3.1.10)
) (/usr/local/texlive/2025/texmf-dist/tex/generic/pgf/basiclayer/pgfcoreexternal.code.tex
File: pgfcoreexternal.code.tex 2023-01-15 v3.1.10 (3.1.10)
\pgfexternal@startupbox=\box61
) (/usr/local/texlive/2025/texmf-dist/tex/generic/pgf/basiclayer/pgfcorelayers.code.tex
File: pgfcorelayers.code.tex 2023-01-15 v3.1.10 (3.1.10)
) (/usr/local/texlive/2025/texmf-dist/tex/generic/pgf/basiclayer/pgfcoretransparency.code.tex
File: pgfcoretransparency.code.tex 2023-01-15 v3.1.10 (3.1.10)
) (/usr/local/texlive/2025/texmf-dist/tex/generic/pgf/basiclayer/pgfcorepatterns.code.tex
File: pgfcorepatterns.code.tex 2023-01-15 v3.1.10 (3.1.10)
) (/usr/local/texlive/2025/texmf-dist/tex/generic/pgf/basiclayer/pgfcorerdf.code.tex
File: pgfcorerdf.code.tex 2023-01-15 v3.1.10 (3.1.10)
))) (/usr/local/texlive/2025/texmf-dist/tex/generic/pgf/modules/pgfmoduleshapes.code.tex
File: pgfmoduleshapes.code.tex 2023-01-15 v3.1.10 (3.1.10)
\pgfnodeparttextbox=\box62
) (/usr/local/texlive/2025/texmf-dist/tex/generic/pgf/modules/pgfmoduleplot.code.tex
File: pgfmoduleplot.code.tex 2023-01-15 v3.1.10 (3.1.10)
) (/usr/local/texlive/2025/texmf-dist/tex/latex/pgf/compatibility/pgfcomp-version-0-65.sty
Package: pgfcomp-version-0-65 2023-01-15 v3.1.10 (3.1.10)
\pgf@nodesepstart=\dimen266
\pgf@nodesepend=\dimen267
) (/usr/local/texlive/2025/texmf-dist/tex/latex/pgf/compatibility/pgfcomp-version-1-18.sty
Package: pgfcomp-version-1-18 2023-01-15 v3.1.10 (3.1.10)
)) (/usr/local/texlive/2025/texmf-dist/tex/latex/pgf/utilities/pgffor.sty (/usr/local/texlive/2025/texmf-dist/tex/latex/pgf/utilities/pgfkeys.sty (/usr/local/texlive/2025/texmf-dist/tex/generic/pgf/utilities/pgfkeys.code.tex)) (/usr/local/texlive/2025/texmf-dist/tex/latex/pgf/math/pgfmath.sty (/usr/local/texlive/2025/texmf-dist/tex/generic/pgf/math/pgfmath.code.tex))
(/usr/local/texlive/2025/texmf-dist/tex/generic/pgf/utilities/pgffor.code.tex
Package: pgffor 2023-01-15 v3.1.10 (3.1.10)
\pgffor@iter=\dimen268
\pgffor@skip=\dimen269
\pgffor@stack=\toks43
\pgffor@toks=\toks44
)) (/usr/local/texlive/2025/texmf-dist/tex/generic/pgf/frontendlayer/tikz/tikz.code.tex
Package: tikz 2023-01-15 v3.1.10 (3.1.10)
 (/usr/local/texlive/2025/texmf-dist/tex/generic/pgf/libraries/pgflibraryplothandlers.code.tex
File: pgflibraryplothandlers.code.tex 2023-01-15 v3.1.10 (3.1.10)
\pgf@plot@mark@count=\count341
\pgfplotmarksize=\dimen270
)
\tikz@lastx=\dimen271
\tikz@lasty=\dimen272
\tikz@lastxsaved=\dimen273
\tikz@lastysaved=\dimen274
\tikz@lastmovetox=\dimen275
\tikz@lastmovetoy=\dimen276
\tikzleveldistance=\dimen277
\tikzsiblingdistance=\dimen278
\tikz@figbox=\box63
\tikz@figbox@bg=\box64
\tikz@tempbox=\box65
\tikz@tempbox@bg=\box66
\tikztreelevel=\count342
\tikznumberofchildren=\count343
\tikznumberofcurrentchild=\count344
\tikz@fig@count=\count345
 (/usr/local/texlive/2025/texmf-dist/tex/generic/pgf/modules/pgfmodulematrix.code.tex
File: pgfmodulematrix.code.tex 2023-01-15 v3.1.10 (3.1.10)
\pgfmatrixcurrentrow=\count346
\pgfmatrixcurrentcolumn=\count347
\pgf@matrix@numberofcolumns=\count348
)
\tikz@expandcount=\count349
 (/usr/local/texlive/2025/texmf-dist/tex/generic/pgf/frontendlayer/tikz/libraries/tikzlibrarytopaths.code.tex
File: tikzlibrarytopaths.code.tex 2023-01-15 v3.1.10 (3.1.10)
))) (/usr/local/texlive/2025/texmf-dist/tex/latex/tikz-cd/tikz-cd.sty
Package: tikz-cd 2021/05/04 v1.0 Commutative diagrams with TikZ
 (/usr/local/texlive/2025/texmf-dist/tex/generic/tikz-cd/tikzlibrarycd.code.tex (/usr/local/texlive/2025/texmf-dist/tex/generic/pgf/frontendlayer/tikz/libraries/tikzlibrarymatrix.code.tex
File: tikzlibrarymatrix.code.tex 2023-01-15 v3.1.10 (3.1.10)
) (/usr/local/texlive/2025/texmf-dist/tex/generic/pgf/frontendlayer/tikz/libraries/tikzlibraryquotes.code.tex
File: tikzlibraryquotes.code.tex 2023-01-15 v3.1.10 (3.1.10)
) (/usr/local/texlive/2025/texmf-dist/tex/generic/pgf/libraries/pgflibraryarrows.meta.code.tex
File: pgflibraryarrows.meta.code.tex 2023-01-15 v3.1.10 (3.1.10)
\pgfarrowinset=\dimen279
\pgfarrowlength=\dimen280
\pgfarrowwidth=\dimen281
\pgfarrowlinewidth=\dimen282
))) (/usr/local/texlive/2025/texmf-dist/tex/latex/float/float.sty
Package: float 2001/11/08 v1.3d Float enhancements (AL)
\c@float@type=\count350
\float@exts=\toks45
\float@box=\box67
\@float@everytoks=\toks46
\@floatcapt=\box68
) (/usr/local/texlive/2025/texmf-dist/tex/latex/wasysym/wasysym.sty
Package: wasysym 2020/01/19 v2.4 Wasy-2 symbol support package
\symwasy=\mathgroup9
LaTeX Font Info:    Overwriting symbol font `wasy' in version `bold'
(Font)                  U/wasy/m/n --> U/wasy/b/n on input line 93.
) (/usr/local/texlive/2025/texmf-dist/tex/latex/hyperref/hyperref.sty
Package: hyperref 2024-11-05 v7.01l Hypertext links for LaTeX
 (/usr/local/texlive/2025/texmf-dist/tex/latex/kvsetkeys/kvsetkeys.sty
Package: kvsetkeys 2022-10-05 v1.19 Key value parser (HO)
) (/usr/local/texlive/2025/texmf-dist/tex/generic/kvdefinekeys/kvdefinekeys.sty
Package: kvdefinekeys 2019-12-19 v1.6 Define keys (HO)
) (/usr/local/texlive/2025/texmf-dist/tex/generic/pdfescape/pdfescape.sty
Package: pdfescape 2019/12/09 v1.15 Implements pdfTeX's escape features (HO)
) (/usr/local/texlive/2025/texmf-dist/tex/latex/hycolor/hycolor.sty
Package: hycolor 2020-01-27 v1.10 Color options for hyperref/bookmark (HO)
) (/usr/local/texlive/2025/texmf-dist/tex/latex/hyperref/nameref.sty
Package: nameref 2023-11-26 v2.56 Cross-referencing by name of section
 (/usr/local/texlive/2025/texmf-dist/tex/generic/gettitlestring/gettitlestring.sty
Package: gettitlestring 2019/12/15 v1.6 Cleanup title references (HO)
 (/usr/local/texlive/2025/texmf-dist/tex/latex/kvoptions/kvoptions.sty
Package: kvoptions 2022-06-15 v3.15 Key value format for package options (HO)
))
\c@section@level=\count351
) (/usr/local/texlive/2025/texmf-dist/tex/generic/stringenc/stringenc.sty
Package: stringenc 2019/11/29 v1.12 Convert strings between diff. encodings (HO)
)
\@linkdim=\dimen283
\Hy@linkcounter=\count352
\Hy@pagecounter=\count353
 (/usr/local/texlive/2025/texmf-dist/tex/latex/hyperref/pd1enc.def
File: pd1enc.def 2024-11-05 v7.01l Hyperref: PDFDocEncoding definition (HO)
Now handling font encoding PD1 ...
... no UTF-8 mapping file for font encoding PD1
) (/usr/local/texlive/2025/texmf-dist/tex/generic/intcalc/intcalc.sty
Package: intcalc 2019/12/15 v1.3 Expandable calculations with integers (HO)
)
\Hy@SavedSpaceFactor=\count354
 (/usr/local/texlive/2025/texmf-dist/tex/latex/hyperref/puenc.def
File: puenc.def 2024-11-05 v7.01l Hyperref: PDF Unicode definition (HO)
Now handling font encoding PU ...
... no UTF-8 mapping file for font encoding PU
)
Package hyperref Info: Hyper figures OFF on input line 4157.
Package hyperref Info: Link nesting OFF on input line 4162.
Package hyperref Info: Hyper index ON on input line 4165.
Package hyperref Info: Plain pages OFF on input line 4172.
Package hyperref Info: Backreferencing OFF on input line 4177.
Package hyperref Info: Implicit mode ON; LaTeX internals redefined.
Package hyperref Info: Bookmarks ON on input line 4424.
\c@Hy@tempcnt=\count355
 (/usr/local/texlive/2025/texmf-dist/tex/latex/url/url.sty
\Urlmuskip=\muskip18
Package: url 2013/09/16  ver 3.4  Verb mode for urls, etc.
)
LaTeX Info: Redefining \url on input line 4763.
\XeTeXLinkMargin=\dimen284

(/usr/local/texlive/2025/texmf-dist/tex/generic/bitset/bitset.sty
Package: bitset 2019/12/09 v1.3 Handle bit-vector datatype (HO)
 (/usr/local/texlive/2025/texmf-dist/tex/generic/bigintcalc/bigintcalc.sty
Package: bigintcalc 2019/12/15 v1.5 Expandable calculations on big integers (HO)
))
\Fld@menulength=\count356
\Field@Width=\dimen285
\Fld@charsize=\dimen286
Package hyperref Info: Hyper figures OFF on input line 6042.
Package hyperref Info: Link nesting OFF on input line 6047.
Package hyperref Info: Hyper index ON on input line 6050.
Package hyperref Info: backreferencing OFF on input line 6057.
Package hyperref Info: Link coloring OFF on input line 6062.
Package hyperref Info: Link coloring with OCG OFF on input line 6067.
Package hyperref Info: PDF/A mode OFF on input line 6072.
 (/usr/local/texlive/2025/texmf-dist/tex/latex/base/atbegshi-ltx.sty
Package: atbegshi-ltx 2021/01/10 v1.0c Emulation of the original atbegshi
package with kernel methods
)
\Hy@abspage=\count357
\c@Item=\count358
\c@Hfootnote=\count359
)
Package hyperref Info: Driver (autodetected): hpdftex.
 (/usr/local/texlive/2025/texmf-dist/tex/latex/hyperref/hpdftex.def
File: hpdftex.def 2024-11-05 v7.01l Hyperref driver for pdfTeX
 (/usr/local/texlive/2025/texmf-dist/tex/latex/base/atveryend-ltx.sty
Package: atveryend-ltx 2020/08/19 v1.0a Emulation of the original atveryend package
with kernel methods
)
\Fld@listcount=\count360
\c@bookmark@seq@number=\count361
 (/usr/local/texlive/2025/texmf-dist/tex/latex/rerunfilecheck/rerunfilecheck.sty
Package: rerunfilecheck 2022-07-10 v1.10 Rerun checks for auxiliary files (HO)
 (/usr/local/texlive/2025/texmf-dist/tex/generic/uniquecounter/uniquecounter.sty
Package: uniquecounter 2019/12/15 v1.4 Provide unlimited unique counter (HO)
)
Package uniquecounter Info: New unique counter `rerunfilecheck' on input line 285.
)
\Hy@SectionHShift=\skip67
) (/usr/local/texlive/2025/texmf-dist/tex/generic/ulem/ulem.sty
\UL@box=\box69
\UL@hyphenbox=\box70
\UL@skip=\skip68
\UL@hook=\toks47
\UL@height=\dimen287
\UL@pe=\count362
\UL@pixel=\dimen288
\ULC@box=\box71
Package: ulem 2019/11/18
\ULdepth=\dimen289
) (/usr/local/texlive/2025/texmf-dist/tex/latex/pgfplots/pgfplots.sty (/usr/local/texlive/2025/texmf-dist/tex/generic/pgfplots/pgfplots.revision.tex)
Package: pgfplots 2021/05/15 v1.18.1 Data Visualization (1.18.1)
 (/usr/local/texlive/2025/texmf-dist/tex/generic/pgfplots/pgfplots.code.tex (/usr/local/texlive/2025/texmf-dist/tex/generic/pgfplots/pgfplotscore.code.tex
\t@pgfplots@toka=\toks48
\t@pgfplots@tokb=\toks49
\t@pgfplots@tokc=\toks50
\pgfplots@tmpa=\dimen290
\c@pgfplots@coordindex=\count363
\c@pgfplots@scanlineindex=\count364
 (/usr/local/texlive/2025/texmf-dist/tex/generic/pgfplots/sys/pgfplotssysgeneric.code.tex)) (/usr/local/texlive/2025/texmf-dist/tex/generic/pgfplots/libs/pgfplotslibrary.code.tex) (/usr/local/texlive/2025/texmf-dist/tex/generic/pgfplots/oldpgfcompatib/pgfplotsoldpgfsupp_loader.code.tex (/usr/local/texlive/2025/texmf-dist/tex/generic/pgf/libraries/pgflibraryfpu.code.tex)
Package pgfplots: loading complementary utilities for your pgf version...
\t@pgf@toka=\toks51
\t@pgf@tokb=\toks52
\t@pgf@tokc=\toks53
(/usr/local/texlive/2025/texmf-dist/tex/generic/pgfplots/oldpgfcompatib/pgfplotsoldpgfsupp_pgfutil-common-lists.tex)) (/usr/local/texlive/2025/texmf-dist/tex/generic/pgfplots/util/pgfplotsutil.code.tex (/usr/local/texlive/2025/texmf-dist/tex/generic/pgfplots/liststructure/pgfplotsliststructure.code.tex) (/usr/local/texlive/2025/texmf-dist/tex/generic/pgfplots/liststructure/pgfplotsliststructureext.code.tex) (/usr/local/texlive/2025/texmf-dist/tex/generic/pgfplots/liststructure/pgfplotsarray.code.tex
\c@pgfplotsarray@tmp=\count365
) (/usr/local/texlive/2025/texmf-dist/tex/generic/pgfplots/liststructure/pgfplotsmatrix.code.tex) (/usr/local/texlive/2025/texmf-dist/tex/generic/pgfplots/numtable/pgfplotstableshared.code.tex
\c@pgfplotstable@counta=\count366
\t@pgfplotstable@a=\toks54
) (/usr/local/texlive/2025/texmf-dist/tex/generic/pgfplots/liststructure/pgfplotsdeque.code.tex) (/usr/local/texlive/2025/texmf-dist/tex/generic/pgfplots/util/pgfplotsbinary.code.tex (/usr/local/texlive/2025/texmf-dist/tex/generic/pgfplots/util/pgfplotsbinary.data.code.tex)) (/usr/local/texlive/2025/texmf-dist/tex/generic/pgfplots/util/pgfplotsutil.verb.code.tex) (/usr/local/texlive/2025/texmf-dist/tex/generic/pgfplots/libs/pgflibrarypgfplots.surfshading.code.tex
\c@pgfplotslibrarysurf@no=\count367
 (/usr/local/texlive/2025/texmf-dist/tex/generic/pgfplots/sys/pgflibrarypgfplots.surfshading.pgfsys-pdftex.def))) (/usr/local/texlive/2025/texmf-dist/tex/generic/pgfplots/util/pgfplotscolormap.code.tex (/usr/local/texlive/2025/texmf-dist/tex/generic/pgfplots/util/pgfplotscolor.code.tex)) (/usr/local/texlive/2025/texmf-dist/tex/generic/pgfplots/pgfplotsstackedplots.code.tex) (/usr/local/texlive/2025/texmf-dist/tex/generic/pgfplots/pgfplotsplothandlers.code.tex (/usr/local/texlive/2025/texmf-dist/tex/generic/pgfplots/pgfplotsmeshplothandler.code.tex (/usr/local/texlive/2025/texmf-dist/tex/generic/pgfplots/pgfplotsmeshplotimage.code.tex))) (/usr/local/texlive/2025/texmf-dist/tex/generic/pgfplots/pgfplots.scaling.code.tex) (/usr/local/texlive/2025/texmf-dist/tex/generic/pgfplots/pgfplotscoordprocessing.code.tex)
(/usr/local/texlive/2025/texmf-dist/tex/generic/pgfplots/pgfplots.errorbars.code.tex) (/usr/local/texlive/2025/texmf-dist/tex/generic/pgfplots/pgfplots.markers.code.tex) (/usr/local/texlive/2025/texmf-dist/tex/generic/pgfplots/pgfplotsticks.code.tex) (/usr/local/texlive/2025/texmf-dist/tex/generic/pgfplots/pgfplots.paths.code.tex) (/usr/local/texlive/2025/texmf-dist/tex/generic/pgf/frontendlayer/tikz/libraries/tikzlibrarydecorations.code.tex (/usr/local/texlive/2025/texmf-dist/tex/generic/pgf/modules/pgfmoduledecorations.code.tex
\pgfdecoratedcompleteddistance=\dimen291
\pgfdecoratedremainingdistance=\dimen292
\pgfdecoratedinputsegmentcompleteddistance=\dimen293
\pgfdecoratedinputsegmentremainingdistance=\dimen294
\pgf@decorate@distancetomove=\dimen295
\pgf@decorate@repeatstate=\count368
\pgfdecorationsegmentamplitude=\dimen296
\pgfdecorationsegmentlength=\dimen297
)
\tikz@lib@dec@box=\box72
) (/usr/local/texlive/2025/texmf-dist/tex/generic/pgf/frontendlayer/tikz/libraries/tikzlibrarydecorations.pathmorphing.code.tex (/usr/local/texlive/2025/texmf-dist/tex/generic/pgf/libraries/decorations/pgflibrarydecorations.pathmorphing.code.tex)) (/usr/local/texlive/2025/texmf-dist/tex/generic/pgf/frontendlayer/tikz/libraries/tikzlibrarydecorations.pathreplacing.code.tex (/usr/local/texlive/2025/texmf-dist/tex/generic/pgf/libraries/decorations/pgflibrarydecorations.pathreplacing.code.tex)) (/usr/local/texlive/2025/texmf-dist/tex/generic/pgfplots/libs/tikzlibrarypgfplots.contourlua.code.tex)
\pgfplots@numplots=\count369
\pgfplots@xmin@reg=\dimen298
\pgfplots@xmax@reg=\dimen299
\pgfplots@ymin@reg=\dimen300
\pgfplots@ymax@reg=\dimen301
\pgfplots@zmin@reg=\dimen302
\pgfplots@zmax@reg=\dimen303
) (/usr/local/texlive/2025/texmf-dist/tex/generic/pgf/frontendlayer/tikz/libraries/tikzlibraryplotmarks.code.tex
File: tikzlibraryplotmarks.code.tex 2023-01-15 v3.1.10 (3.1.10)
 (/usr/local/texlive/2025/texmf-dist/tex/generic/pgf/libraries/pgflibraryplotmarks.code.tex
File: pgflibraryplotmarks.code.tex 2023-01-15 v3.1.10 (3.1.10)
))) (/usr/local/texlive/2025/texmf-dist/tex/generic/pgf/frontendlayer/tikz/libraries/tikzlibrarypatterns.code.tex
File: tikzlibrarypatterns.code.tex 2023-01-15 v3.1.10 (3.1.10)
 (/usr/local/texlive/2025/texmf-dist/tex/generic/pgf/libraries/pgflibrarypatterns.code.tex
File: pgflibrarypatterns.code.tex 2023-01-15 v3.1.10 (3.1.10)
)) (/usr/local/texlive/2025/texmf-dist/tex/generic/pgf/frontendlayer/tikz/libraries/tikzlibrarypositioning.code.tex
File: tikzlibrarypositioning.code.tex 2023-01-15 v3.1.10 (3.1.10)
) (/usr/local/texlive/2025/texmf-dist/tex/generic/pgfplots/libs/tikzlibrarypgfplots.fillbetween.code.tex (/usr/local/texlive/2025/texmf-dist/tex/generic/pgfplots/pgfcontrib/tikzlibraryfillbetween.code.tex (/usr/local/texlive/2025/texmf-dist/tex/generic/pgf/frontendlayer/tikz/libraries/tikzlibraryintersections.code.tex
(/usr/local/texlive/2025/texmf-dist/tex/generic/pgf/libraries/pgflibraryintersections.code.tex
\pgf@intersect@solutions=\count370
)) (/usr/local/texlive/2025/texmf-dist/tex/generic/pgfplots/pgfcontrib/tikzlibrarydecorations.softclip.code.tex (/usr/local/texlive/2025/texmf-dist/tex/generic/pgfplots/pgfcontrib/pgflibraryfillbetween.code.tex))) (/usr/local/texlive/2025/texmf-dist/tex/generic/pgfplots/libs/tikzlibrarypgfplots.decorations.softclip.code.tex)) (/usr/local/texlive/2025/texmf-dist/tex/latex/tools/bm.sty
Package: bm 2023/12/19 v1.2f Bold Symbol Support (DPC/FMi)
\symboldoperators=\mathgroup10
\symboldletters=\mathgroup11
\symboldsymbols=\mathgroup12
\symboldlargesymbols=\mathgroup13
LaTeX Font Info:    Redeclaring math alphabet \mathbf on input line 149.
)) (/usr/local/texlive/2025/texmf-dist/tex/latex/enumitem/enumitem.sty
Package: enumitem 2025/02/06 v3.11 Customized lists
\labelindent=\skip69
\enit@outerparindent=\dimen304
\enit@toks=\toks55
\enit@inbox=\box73
\enit@count@id=\count371
\enitdp@description=\count372
) (/Users/gcrescenzo/Documents/School/LaTeX Documents/latex-class-notes/makros.tex)
Package translations Info: No language package found. I am going to use `english' as default language. on input line 9.
LaTeX Font Info:    Trying to load font information for T1+jkpl on input line 9.
 (/usr/local/texlive/2025/texmf-dist/tex/latex/kpfonts/t1jkpl.fd
File: t1jkpl.fd 2007/08/30 Fontinst v1.928 font definitions for T1/jkpl.
) (/usr/local/texlive/2025/texmf-dist/tex/latex/l3backend/l3backend-pdftex.def
File: l3backend-pdftex.def 2024-05-08 L3 backend support: PDF output (pdfTeX)
\l__color_backend_stack_int=\count373
\l__pdf_internal_box=\box74
) (./_main.aux)
\openout1 = `_main.aux'.

LaTeX Font Info:    Checking defaults for OML/jkpl/m/it on input line 9.
LaTeX Font Info:    Trying to load font information for OML+jkpl on input line 9.
 (/usr/local/texlive/2025/texmf-dist/tex/latex/kpfonts/omljkpl.fd
File: omljkpl.fd 2006/08/15 v1.0
)
LaTeX Font Info:    ... okay on input line 9.
LaTeX Font Info:    Checking defaults for OMS/jkpl/m/n on input line 9.
LaTeX Font Info:    Trying to load font information for OMS+jkpl on input line 9.
 (/usr/local/texlive/2025/texmf-dist/tex/latex/kpfonts/omsjkpl.fd
File: omsjkpl.fd 2006/08/15 v1.0
)
LaTeX Font Info:    ... okay on input line 9.
LaTeX Font Info:    Checking defaults for OT1/cmr/m/n on input line 9.
LaTeX Font Info:    ... okay on input line 9.
LaTeX Font Info:    Checking defaults for T1/cmr/m/n on input line 9.
LaTeX Font Info:    ... okay on input line 9.
LaTeX Font Info:    Checking defaults for TS1/cmr/m/n on input line 9.
LaTeX Font Info:    ... okay on input line 9.
LaTeX Font Info:    Checking defaults for OMX/jkpl/m/n on input line 9.
LaTeX Font Info:    Trying to load font information for OMX+jkpl on input line 9.
 (/usr/local/texlive/2025/texmf-dist/tex/latex/kpfonts/omxjkpl.fd
File: omxjkpl.fd 2006/08/15 v1.0
)
LaTeX Font Info:    ... okay on input line 9.
LaTeX Font Info:    Checking defaults for U/jkplexa/m/n on input line 9.
LaTeX Font Info:    Trying to load font information for U+jkplexa on input line 9.
 (/usr/local/texlive/2025/texmf-dist/tex/latex/kpfonts/ujkplexa.fd
File: ujkplexa.fd 2006/08/15 v1.0
)
LaTeX Font Info:    ... okay on input line 9.
LaTeX Font Info:    Checking defaults for PD1/pdf/m/n on input line 9.
LaTeX Font Info:    ... okay on input line 9.
LaTeX Font Info:    Checking defaults for PU/pdf/m/n on input line 9.
LaTeX Font Info:    ... okay on input line 9.
LaTeX Font Info:    Trying to load font information for OT1+jkpl on input line 9.
 (/usr/local/texlive/2025/texmf-dist/tex/latex/kpfonts/ot1jkpl.fd
File: ot1jkpl.fd 2007/08/30 Fontinst v1.928 font definitions for OT1/jkpl.
)
LaTeX Font Info:    Trying to load font information for U+jkpsya on input line 9.
 (/usr/local/texlive/2025/texmf-dist/tex/latex/kpfonts/ujkpsya.fd
File: ujkpsya.fd 2006/08/15 v1.0
)
LaTeX Font Info:    Trying to load font information for U+jkplsyb on input line 9.
 (/usr/local/texlive/2025/texmf-dist/tex/latex/kpfonts/ujkplsyb.fd
File: ujkplsyb.fd 2006/08/15 v1.0
)
LaTeX Font Info:    Trying to load font information for U+jkplmia on input line 9.
 (/usr/local/texlive/2025/texmf-dist/tex/latex/kpfonts/ujkplmia.fd
File: ujkplmia.fd 2006/08/15 v1.0
)
LaTeX Font Info:    Trying to load font information for U+jkplsyc on input line 9.
 (/usr/local/texlive/2025/texmf-dist/tex/latex/kpfonts/ujkplsyc.fd
File: ujkplsyc.fd 2006/08/15 v1.0
)
LaTeX Font Info:    Trying to load font information for U+wasy on input line 9.
 (/usr/local/texlive/2025/texmf-dist/tex/latex/wasysym/uwasy.fd
File: uwasy.fd 2020/01/19 v2.4 Wasy-2 symbol font definitions
) (/usr/local/texlive/2025/texmf-dist/tex/latex/fmtcount/fc-english.def
File: fc-english.def 2016/01/12
) (/usr/local/texlive/2025/texmf-dist/tex/latex/translations/translations-basic-dictionary-english.trsl
File: translations-basic-dictionary-english.trsl (english translation file `translations-basic-dictionary')
)
Package translations Info: loading dictionary `translations-basic-dictionary' for `english'. on input line 9.
 (/usr/local/texlive/2025/texmf-dist/tex/context/base/mkii/supp-pdf.mkii
[Loading MPS to PDF converter (version 2006.09.02).]
\scratchcounter=\count374
\scratchdimen=\dimen305
\scratchbox=\box75
\nofMPsegments=\count375
\nofMParguments=\count376
\everyMPshowfont=\toks56
\MPscratchCnt=\count377
\MPscratchDim=\dimen306
\MPnumerator=\count378
\makeMPintoPDFobject=\count379
\everyMPtoPDFconversion=\toks57
) (/usr/local/texlive/2025/texmf-dist/tex/latex/epstopdf-pkg/epstopdf-base.sty
Package: epstopdf-base 2020-01-24 v2.11 Base part for package epstopdf
Package epstopdf-base Info: Redefining graphics rule for `.eps' on input line 485.
 (/usr/local/texlive/2025/texmf-dist/tex/latex/latexconfig/epstopdf-sys.cfg
File: epstopdf-sys.cfg 2010/07/13 v1.3 Configuration of (r)epstopdf for TeX Live
))
Package hyperref Info: Link coloring OFF on input line 9.
 (./_main.out) (./_main.out)
\@outlinefile=\write4
\openout4 = `_main.out'.


Package pgfplots notification 'compat/show suggested version=true': document has been generated with the most recent feature set (\pgfplotsset{compat=1.18}).


LaTeX Warning: Reference `' on page 1 undefined on input line 195.



[1{/usr/local/texlive/2025/texmf-var/fonts/map/pdftex/updmap/pdftex.map}{/usr/local/texlive/2025/texmf-dist/fonts/enc/dvips/base/8r.enc}]

[2{/usr/local/texlive/2025/texmf-dist/fonts/enc/dvips/kpfonts/kpfonts-expert.enc}]

LaTeX Warning: Reference `' on page 3 undefined on input line 281.



[3]
LaTeX Font Info:    Freeze math alphabet allocation in version normal.
(Font)              Allocated math groups: 14 (local: 2) on input line 308.
LaTeX Font Info:    Trying to load font information for U+jkplsyd on input line 308.
 (/usr/local/texlive/2025/texmf-dist/tex/latex/kpfonts/ujkplsyd.fd
File: ujkplsyd.fd 2006/08/15 v1.0
)
LaTeX Font Info:    Undo math alphabet allocation in version normal on input line 308.
LaTeX Font Info:    No math alphabet change to frozen version normal on input line 308.
LaTeX Font Info:    Undo math alphabet allocation in version normal on input line 308.
LaTeX Font Info:    No math alphabet change to frozen version normal on input line 308.
LaTeX Font Info:    Undo math alphabet allocation in version normal on input line 308.
LaTeX Font Info:    No math alphabet change to frozen version normal on input line 308.
LaTeX Font Info:    Undo math alphabet allocation in version normal on input line 308.
LaTeX Font Info:    Undo math alphabet allocation in version normal on input line 308.
LaTeX Font Info:    Undo math alphabet allocation in version normal on input line 312.
LaTeX Font Info:    No math alphabet change to frozen version normal on input line 312.
LaTeX Font Info:    No math alphabet change to frozen version normal on input line 312.
LaTeX Font Info:    Undo math alphabet allocation in version normal on input line 312.
LaTeX Font Info:    Undo math alphabet allocation in version normal on input line 312.
LaTeX Font Info:    No math alphabet change to frozen version normal on input line 312.
LaTeX Font Info:    Undo math alphabet allocation in version normal on input line 312.
LaTeX Font Info:    Undo math alphabet allocation in version normal on input line 312.
LaTeX Font Info:    Undo math alphabet allocation in version normal on input line 312.
LaTeX Font Info:    No math alphabet change to frozen version normal on input line 312.
LaTeX Font Info:    No math alphabet change to frozen version normal on input line 312.
LaTeX Font Info:    Undo math alphabet allocation in version normal on input line 316.
LaTeX Font Info:    Undo math alphabet allocation in version normal on input line 316.
LaTeX Font Info:    No math alphabet change to frozen version normal on input line 319.
LaTeX Font Info:    No math alphabet change to frozen version normal on input line 320.
LaTeX Font Info:    No math alphabet change to frozen version normal on input line 321.
LaTeX Font Info:    Undo math alphabet allocation in version normal on input line 323.
LaTeX Font Info:    No math alphabet change to frozen version normal on input line 323.
LaTeX Font Info:    No math alphabet change to frozen version normal on input line 328.
LaTeX Font Info:    Undo math alphabet allocation in version normal on input line 332.
LaTeX Font Info:    No math alphabet change to frozen version normal on input line 332.
LaTeX Font Info:    Undo math alphabet allocation in version normal on input line 332.
LaTeX Font Info:    Undo math alphabet allocation in version normal on input line 332.
LaTeX Font Info:    No math alphabet change to frozen version normal on input line 332.
LaTeX Font Info:    No math alphabet change to frozen version normal on input line 332.
LaTeX Font Info:    Undo math alphabet allocation in version normal on input line 332.
LaTeX Font Info:    Undo math alphabet allocation in version normal on input line 332.


LaTeX Warning: Reference `' on page 4 undefined on input line 332.

LaTeX Font Info:    Undo math alphabet allocation in version normal on input line 332.
LaTeX Font Info:    Undo math alphabet allocation in version normal on input line 332.
LaTeX Font Info:    No math alphabet change to frozen version normal on input line 332.
LaTeX Font Info:    Undo math alphabet allocation in version normal on input line 336.
LaTeX Font Info:    Undo math alphabet allocation in version normal on input line 336.
LaTeX Font Info:    No math alphabet change to frozen version normal on input line 336.
LaTeX Font Info:    No math alphabet change to frozen version normal on input line 337.
LaTeX Font Info:    Undo math alphabet allocation in version normal on input line 337.
LaTeX Font Info:    Undo math alphabet allocation in version normal on input line 337.


[4]
LaTeX Font Info:    Undo math alphabet allocation in version normal on input line 338.
LaTeX Font Info:    Undo math alphabet allocation in version normal on input line 338.
LaTeX Font Info:    Undo math alphabet allocation in version normal on input line 339.
LaTeX Font Info:    No math alphabet change to frozen version normal on input line 339.
LaTeX Font Info:    No math alphabet change to frozen version normal on input line 339.
LaTeX Font Info:    Undo math alphabet allocation in version normal on input line 339.
LaTeX Font Info:    No math alphabet change to frozen version normal on input line 344.
LaTeX Font Info:    Undo math alphabet allocation in version normal on input line 346.
LaTeX Font Info:    Undo math alphabet allocation in version normal on input line 346.
LaTeX Font Info:    Undo math alphabet allocation in version normal on input line 346.
LaTeX Font Info:    No math alphabet change to frozen version normal on input line 346.
LaTeX Font Info:    No math alphabet change to frozen version normal on input line 346.
LaTeX Font Info:    Undo math alphabet allocation in version normal on input line 348.
LaTeX Font Info:    No math alphabet change to frozen version normal on input line 348.
LaTeX Font Info:    Undo math alphabet allocation in version normal on input line 348.
LaTeX Font Info:    Undo math alphabet allocation in version normal on input line 354.
LaTeX Font Info:    Undo math alphabet allocation in version normal on input line 354.
LaTeX Font Info:    Undo math alphabet allocation in version normal on input line 354.
LaTeX Font Info:    Undo math alphabet allocation in version normal on input line 354.
LaTeX Font Info:    Undo math alphabet allocation in version normal on input line 354.
LaTeX Font Info:    Undo math alphabet allocation in version normal on input line 354.
LaTeX Font Info:    Undo math alphabet allocation in version normal on input line 354.
LaTeX Font Info:    Undo math alphabet allocation in version normal on input line 354.
LaTeX Font Info:    Undo math alphabet allocation in version normal on input line 354.
LaTeX Font Info:    Undo math alphabet allocation in version normal on input line 354.
LaTeX Font Info:    Undo math alphabet allocation in version normal on input line 358.
LaTeX Font Info:    Undo math alphabet allocation in version normal on input line 358.
LaTeX Font Info:    Undo math alphabet allocation in version normal on input line 358.
LaTeX Font Info:    No math alphabet change to frozen version normal on input line 358.
LaTeX Font Info:    No math alphabet change to frozen version normal on input line 358.
LaTeX Font Info:    Undo math alphabet allocation in version normal on input line 358.
LaTeX Font Info:    No math alphabet change to frozen version normal on input line 358.
LaTeX Font Info:    No math alphabet change to frozen version normal on input line 362.
LaTeX Font Info:    Undo math alphabet allocation in version normal on input line 365.
LaTeX Font Info:    No math alphabet change to frozen version normal on input line 365.
LaTeX Font Info:    No math alphabet change to frozen version normal on input line 365.
LaTeX Font Info:    Undo math alphabet allocation in version normal on input line 366.
LaTeX Font Info:    Undo math alphabet allocation in version normal on input line 366.
LaTeX Font Info:    Undo math alphabet allocation in version normal on input line 366.
LaTeX Font Info:    No math alphabet change to frozen version normal on input line 366.
LaTeX Font Info:    Undo math alphabet allocation in version normal on input line 366.
LaTeX Font Info:    No math alphabet change to frozen version normal on input line 370.
LaTeX Font Info:    Undo math alphabet allocation in version normal on input line 370.
LaTeX Font Info:    No math alphabet change to frozen version normal on input line 370.
LaTeX Font Info:    No math alphabet change to frozen version normal on input line 370.
LaTeX Font Info:    Undo math alphabet allocation in version normal on input line 372.
LaTeX Font Info:    Undo math alphabet allocation in version normal on input line 372.
LaTeX Font Info:    No math alphabet change to frozen version normal on input line 372.
LaTeX Font Info:    Undo math alphabet allocation in version normal on input line 372.
LaTeX Font Info:    Undo math alphabet allocation in version normal on input line 372.
LaTeX Font Info:    Undo math alphabet allocation in version normal on input line 372.
LaTeX Font Info:    Undo math alphabet allocation in version normal on input line 372.
LaTeX Font Info:    Undo math alphabet allocation in version normal on input line 372.
LaTeX Font Info:    Undo math alphabet allocation in version normal on input line 372.
LaTeX Font Info:    Undo math alphabet allocation in version normal on input line 372.
LaTeX Font Info:    No math alphabet change to frozen version normal on input line 373.


LaTeX Warning: Reference `' on page 5 undefined on input line 375.

LaTeX Font Info:    Undo math alphabet allocation in version normal on input line 378.
LaTeX Font Info:    Undo math alphabet allocation in version normal on input line 378.
LaTeX Font Info:    No math alphabet change to frozen version normal on input line 378.
LaTeX Font Info:    No math alphabet change to frozen version normal on input line 378.
LaTeX Font Info:    No math alphabet change to frozen version normal on input line 381.
LaTeX Font Info:    No math alphabet change to frozen version normal on input line 387.
LaTeX Font Info:    No math alphabet change to frozen version normal on input line 387.
LaTeX Font Info:    No math alphabet change to frozen version normal on input line 387.
LaTeX Font Info:    No math alphabet change to frozen version normal on input line 387.
LaTeX Font Info:    No math alphabet change to frozen version normal on input line 387.
LaTeX Font Info:    No math alphabet change to frozen version normal on input line 387.
LaTeX Font Info:    No math alphabet change to frozen version normal on input line 387.
LaTeX Font Info:    No math alphabet change to frozen version normal on input line 387.
LaTeX Font Info:    No math alphabet change to frozen version normal on input line 387.
LaTeX Font Info:    No math alphabet change to frozen version normal on input line 387.
LaTeX Font Info:    No math alphabet change to frozen version normal on input line 387.
LaTeX Font Info:    No math alphabet change to frozen version normal on input line 387.
LaTeX Font Info:    No math alphabet change to frozen version normal on input line 387.
LaTeX Font Info:    No math alphabet change to frozen version normal on input line 387.
LaTeX Font Info:    No math alphabet change to frozen version normal on input line 387.
LaTeX Font Info:    No math alphabet change to frozen version normal on input line 387.
LaTeX Font Info:    Undo math alphabet allocation in version normal on input line 388.


[5]
LaTeX Font Info:    No math alphabet change to frozen version normal on input line 391.
LaTeX Font Info:    No math alphabet change to frozen version normal on input line 392.
LaTeX Font Info:    No math alphabet change to frozen version normal on input line 392.
LaTeX Font Info:    No math alphabet change to frozen version normal on input line 392.
LaTeX Font Info:    Undo math alphabet allocation in version normal on input line 392.
LaTeX Font Info:    No math alphabet change to frozen version normal on input line 392.
LaTeX Font Info:    No math alphabet change to frozen version normal on input line 392.

Overfull \hbox (9.48756pt too wide) in paragraph at lines 391--393
\T1/jkpl/m/n/10 Since $[] \OML/jkpl/m/it/10 < \OT1/jkpl/m/n/10 1$\T1/jkpl/m/n/10 , the se-ries $[][] [][]$ con-verges, hence by the com-par-i-son test $[][] []$
 []

LaTeX Font Info:    No math alphabet change to frozen version normal on input line 397.
LaTeX Font Info:    No math alphabet change to frozen version normal on input line 397.
LaTeX Font Info:    No math alphabet change to frozen version normal on input line 397.
LaTeX Font Info:    No math alphabet change to frozen version normal on input line 397.
LaTeX Font Info:    No math alphabet change to frozen version normal on input line 397.
LaTeX Font Info:    No math alphabet change to frozen version normal on input line 397.
LaTeX Font Info:    No math alphabet change to frozen version normal on input line 397.
LaTeX Font Info:    No math alphabet change to frozen version normal on input line 397.
LaTeX Font Info:    No math alphabet change to frozen version normal on input line 397.
LaTeX Font Info:    No math alphabet change to frozen version normal on input line 397.
LaTeX Font Info:    No math alphabet change to frozen version normal on input line 397.
LaTeX Font Info:    No math alphabet change to frozen version normal on input line 397.
LaTeX Font Info:    No math alphabet change to frozen version normal on input line 397.
LaTeX Font Info:    No math alphabet change to frozen version normal on input line 397.
LaTeX Font Info:    No math alphabet change to frozen version normal on input line 397.
LaTeX Font Info:    No math alphabet change to frozen version normal on input line 398.
LaTeX Font Info:    No math alphabet change to frozen version normal on input line 398.
LaTeX Font Info:    No math alphabet change to frozen version normal on input line 398.
LaTeX Font Info:    No math alphabet change to frozen version normal on input line 404.
LaTeX Font Info:    No math alphabet change to frozen version normal on input line 404.
LaTeX Font Info:    No math alphabet change to frozen version normal on input line 404.
LaTeX Font Info:    No math alphabet change to frozen version normal on input line 404.
LaTeX Font Info:    No math alphabet change to frozen version normal on input line 404.
LaTeX Font Info:    No math alphabet change to frozen version normal on input line 404.
LaTeX Font Info:    No math alphabet change to frozen version normal on input line 404.
LaTeX Font Info:    No math alphabet change to frozen version normal on input line 404.
LaTeX Font Info:    No math alphabet change to frozen version normal on input line 404.
LaTeX Font Info:    No math alphabet change to frozen version normal on input line 404.
LaTeX Font Info:    No math alphabet change to frozen version normal on input line 404.
LaTeX Font Info:    No math alphabet change to frozen version normal on input line 404.
LaTeX Font Info:    No math alphabet change to frozen version normal on input line 404.
LaTeX Font Info:    No math alphabet change to frozen version normal on input line 404.
LaTeX Font Info:    No math alphabet change to frozen version normal on input line 404.
LaTeX Font Info:    No math alphabet change to frozen version normal on input line 404.
LaTeX Font Info:    No math alphabet change to frozen version normal on input line 404.
LaTeX Font Info:    No math alphabet change to frozen version normal on input line 404.
LaTeX Font Info:    No math alphabet change to frozen version normal on input line 404.
LaTeX Font Info:    No math alphabet change to frozen version normal on input line 405.
LaTeX Font Info:    No math alphabet change to frozen version normal on input line 405.
LaTeX Font Info:    No math alphabet change to frozen version normal on input line 406.
LaTeX Font Info:    Undo math alphabet allocation in version normal on input line 411.
LaTeX Font Info:    Undo math alphabet allocation in version normal on input line 411.
LaTeX Font Info:    No math alphabet change to frozen version normal on input line 411.
LaTeX Font Info:    No math alphabet change to frozen version normal on input line 411.
LaTeX Font Info:    Undo math alphabet allocation in version normal on input line 415.
LaTeX Font Info:    No math alphabet change to frozen version normal on input line 415.
LaTeX Font Info:    No math alphabet change to frozen version normal on input line 415.
LaTeX Font Info:    No math alphabet change to frozen version normal on input line 415.
LaTeX Font Info:    No math alphabet change to frozen version normal on input line 418.
LaTeX Font Info:    No math alphabet change to frozen version normal on input line 418.
LaTeX Font Info:    No math alphabet change to frozen version normal on input line 418.
LaTeX Font Info:    Undo math alphabet allocation in version normal on input line 418.
LaTeX Font Info:    No math alphabet change to frozen version normal on input line 418.
LaTeX Font Info:    No math alphabet change to frozen version normal on input line 418.
LaTeX Font Info:    No math alphabet change to frozen version normal on input line 419.
LaTeX Font Info:    Undo math alphabet allocation in version normal on input line 422.
LaTeX Font Info:    Undo math alphabet allocation in version normal on input line 425.
LaTeX Font Info:    No math alphabet change to frozen version normal on input line 425.
LaTeX Font Info:    No math alphabet change to frozen version normal on input line 426.
LaTeX Font Info:    No math alphabet change to frozen version normal on input line 426.
LaTeX Font Info:    Undo math alphabet allocation in version normal on input line 427.
LaTeX Font Info:    No math alphabet change to frozen version normal on input line 427.
LaTeX Font Info:    Undo math alphabet allocation in version normal on input line 429.
LaTeX Font Info:    No math alphabet change to frozen version normal on input line 429.
LaTeX Font Info:    No math alphabet change to frozen version normal on input line 429.
LaTeX Font Info:    No math alphabet change to frozen version normal on input line 432.
LaTeX Font Info:    No math alphabet change to frozen version normal on input line 432.
LaTeX Font Info:    No math alphabet change to frozen version normal on input line 432.
LaTeX Font Info:    No math alphabet change to frozen version normal on input line 432.
LaTeX Font Info:    No math alphabet change to frozen version normal on input line 432.
LaTeX Font Info:    No math alphabet change to frozen version normal on input line 432.
LaTeX Font Info:    No math alphabet change to frozen version normal on input line 432.
LaTeX Font Info:    No math alphabet change to frozen version normal on input line 432.
LaTeX Font Info:    No math alphabet change to frozen version normal on input line 434.
LaTeX Font Info:    No math alphabet change to frozen version normal on input line 434.
LaTeX Font Info:    No math alphabet change to frozen version normal on input line 434.
LaTeX Font Info:    No math alphabet change to frozen version normal on input line 434.
LaTeX Font Info:    No math alphabet change to frozen version normal on input line 434.
LaTeX Font Info:    No math alphabet change to frozen version normal on input line 434.
LaTeX Font Info:    No math alphabet change to frozen version normal on input line 440.
LaTeX Font Info:    No math alphabet change to frozen version normal on input line 440.
LaTeX Font Info:    No math alphabet change to frozen version normal on input line 440.
LaTeX Font Info:    No math alphabet change to frozen version normal on input line 440.
LaTeX Font Info:    No math alphabet change to frozen version normal on input line 440.
LaTeX Font Info:    No math alphabet change to frozen version normal on input line 440.
LaTeX Font Info:    No math alphabet change to frozen version normal on input line 440.
LaTeX Font Info:    No math alphabet change to frozen version normal on input line 440.
LaTeX Font Info:    No math alphabet change to frozen version normal on input line 440.
LaTeX Font Info:    No math alphabet change to frozen version normal on input line 440.
LaTeX Font Info:    No math alphabet change to frozen version normal on input line 440.
LaTeX Font Info:    No math alphabet change to frozen version normal on input line 440.
LaTeX Font Info:    No math alphabet change to frozen version normal on input line 440.
LaTeX Font Info:    No math alphabet change to frozen version normal on input line 440.
LaTeX Font Info:    No math alphabet change to frozen version normal on input line 440.


[6]
LaTeX Font Info:    No math alphabet change to frozen version normal on input line 440.
LaTeX Font Info:    No math alphabet change to frozen version normal on input line 441.
LaTeX Font Info:    No math alphabet change to frozen version normal on input line 448.
LaTeX Font Info:    No math alphabet change to frozen version normal on input line 448.
LaTeX Font Info:    No math alphabet change to frozen version normal on input line 448.
LaTeX Font Info:    No math alphabet change to frozen version normal on input line 448.
LaTeX Font Info:    No math alphabet change to frozen version normal on input line 448.
LaTeX Font Info:    No math alphabet change to frozen version normal on input line 448.
LaTeX Font Info:    No math alphabet change to frozen version normal on input line 448.
LaTeX Font Info:    No math alphabet change to frozen version normal on input line 448.
LaTeX Font Info:    No math alphabet change to frozen version normal on input line 448.
LaTeX Font Info:    No math alphabet change to frozen version normal on input line 448.
LaTeX Font Info:    No math alphabet change to frozen version normal on input line 448.
LaTeX Font Info:    No math alphabet change to frozen version normal on input line 448.
LaTeX Font Info:    No math alphabet change to frozen version normal on input line 448.
LaTeX Font Info:    No math alphabet change to frozen version normal on input line 448.
LaTeX Font Info:    No math alphabet change to frozen version normal on input line 448.
LaTeX Font Info:    No math alphabet change to frozen version normal on input line 448.
LaTeX Font Info:    No math alphabet change to frozen version normal on input line 448.
LaTeX Font Info:    No math alphabet change to frozen version normal on input line 448.
LaTeX Font Info:    No math alphabet change to frozen version normal on input line 448.
LaTeX Font Info:    No math alphabet change to frozen version normal on input line 448.
LaTeX Font Info:    No math alphabet change to frozen version normal on input line 449.
LaTeX Font Info:    No math alphabet change to frozen version normal on input line 449.
LaTeX Font Info:    No math alphabet change to frozen version normal on input line 449.
LaTeX Font Info:    No math alphabet change to frozen version normal on input line 449.
LaTeX Font Info:    No math alphabet change to frozen version normal on input line 449.
LaTeX Font Info:    No math alphabet change to frozen version normal on input line 449.
LaTeX Font Info:    No math alphabet change to frozen version normal on input line 450.
LaTeX Font Info:    No math alphabet change to frozen version normal on input line 450.
LaTeX Font Info:    No math alphabet change to frozen version normal on input line 450.
LaTeX Font Info:    No math alphabet change to frozen version normal on input line 450.
LaTeX Font Info:    No math alphabet change to frozen version normal on input line 450.
LaTeX Font Info:    No math alphabet change to frozen version normal on input line 450.
LaTeX Font Info:    No math alphabet change to frozen version normal on input line 450.
LaTeX Font Info:    No math alphabet change to frozen version normal on input line 451.
LaTeX Font Info:    Undo math alphabet allocation in version normal on input line 458.
LaTeX Font Info:    Undo math alphabet allocation in version normal on input line 466.
LaTeX Font Info:    Undo math alphabet allocation in version normal on input line 466.
LaTeX Font Info:    Undo math alphabet allocation in version normal on input line 466.
LaTeX Font Info:    Undo math alphabet allocation in version normal on input line 466.
LaTeX Font Info:    Undo math alphabet allocation in version normal on input line 466.
LaTeX Font Info:    No math alphabet change to frozen version normal on input line 466.
LaTeX Font Info:    Undo math alphabet allocation in version normal on input line 466.
LaTeX Font Info:    No math alphabet change to frozen version normal on input line 466.
LaTeX Font Info:    No math alphabet change to frozen version normal on input line 466.
LaTeX Font Info:    Undo math alphabet allocation in version normal on input line 466.
LaTeX Font Info:    No math alphabet change to frozen version normal on input line 466.
LaTeX Font Info:    Undo math alphabet allocation in version normal on input line 466.
LaTeX Font Info:    Undo math alphabet allocation in version normal on input line 466.
LaTeX Font Info:    No math alphabet change to frozen version normal on input line 466.
LaTeX Font Info:    Undo math alphabet allocation in version normal on input line 466.
LaTeX Font Info:    Undo math alphabet allocation in version normal on input line 466.
LaTeX Font Info:    Undo math alphabet allocation in version normal on input line 466.
LaTeX Font Info:    Undo math alphabet allocation in version normal on input line 466.
LaTeX Font Info:    Undo math alphabet allocation in version normal on input line 466.
LaTeX Font Info:    Undo math alphabet allocation in version normal on input line 466.
LaTeX Font Info:    Undo math alphabet allocation in version normal on input line 466.
LaTeX Font Info:    No math alphabet change to frozen version normal on input line 466.
LaTeX Font Info:    Undo math alphabet allocation in version normal on input line 466.
LaTeX Font Info:    Undo math alphabet allocation in version normal on input line 468.
LaTeX Font Info:    Undo math alphabet allocation in version normal on input line 468.
LaTeX Font Info:    Undo math alphabet allocation in version normal on input line 468.
LaTeX Font Info:    No math alphabet change to frozen version normal on input line 469.
LaTeX Font Info:    Undo math alphabet allocation in version normal on input line 472.
LaTeX Font Info:    Undo math alphabet allocation in version normal on input line 472.
LaTeX Font Info:    Undo math alphabet allocation in version normal on input line 472.
LaTeX Font Info:    Undo math alphabet allocation in version normal on input line 472.


[7]
LaTeX Font Info:    Undo math alphabet allocation in version normal on input line 475.
LaTeX Font Info:    Undo math alphabet allocation in version normal on input line 476.
LaTeX Font Info:    Undo math alphabet allocation in version normal on input line 476.
LaTeX Font Info:    Undo math alphabet allocation in version normal on input line 479.
LaTeX Font Info:    Undo math alphabet allocation in version normal on input line 479.
LaTeX Font Info:    Undo math alphabet allocation in version normal on input line 479.
LaTeX Font Info:    Undo math alphabet allocation in version normal on input line 479.
LaTeX Font Info:    Undo math alphabet allocation in version normal on input line 479.
LaTeX Font Info:    Undo math alphabet allocation in version normal on input line 479.
LaTeX Font Info:    Undo math alphabet allocation in version normal on input line 479.
LaTeX Font Info:    No math alphabet change to frozen version normal on input line 479.
LaTeX Font Info:    No math alphabet change to frozen version normal on input line 479.
LaTeX Font Info:    No math alphabet change to frozen version normal on input line 479.
LaTeX Font Info:    No math alphabet change to frozen version normal on input line 479.
LaTeX Font Info:    No math alphabet change to frozen version normal on input line 479.
LaTeX Font Info:    No math alphabet change to frozen version normal on input line 479.
LaTeX Font Info:    No math alphabet change to frozen version normal on input line 479.
LaTeX Font Info:    No math alphabet change to frozen version normal on input line 479.
LaTeX Font Info:    No math alphabet change to frozen version normal on input line 479.
LaTeX Font Info:    No math alphabet change to frozen version normal on input line 479.
LaTeX Font Info:    No math alphabet change to frozen version normal on input line 479.
LaTeX Font Info:    No math alphabet change to frozen version normal on input line 479.
LaTeX Font Info:    No math alphabet change to frozen version normal on input line 479.
LaTeX Font Info:    No math alphabet change to frozen version normal on input line 479.
LaTeX Font Info:    Undo math alphabet allocation in version normal on input line 482.
LaTeX Font Info:    No math alphabet change to frozen version normal on input line 483.
LaTeX Font Info:    No math alphabet change to frozen version normal on input line 483.
LaTeX Font Info:    Undo math alphabet allocation in version normal on input line 483.
LaTeX Font Info:    Undo math alphabet allocation in version normal on input line 483.
LaTeX Font Info:    Undo math alphabet allocation in version normal on input line 486.
LaTeX Font Info:    No math alphabet change to frozen version normal on input line 487.
LaTeX Font Info:    Undo math alphabet allocation in version normal on input line 487.
LaTeX Font Info:    No math alphabet change to frozen version normal on input line 493.
LaTeX Font Info:    No math alphabet change to frozen version normal on input line 493.
LaTeX Font Info:    No math alphabet change to frozen version normal on input line 493.
LaTeX Font Info:    Undo math alphabet allocation in version normal on input line 493.
LaTeX Font Info:    No math alphabet change to frozen version normal on input line 493.
LaTeX Font Info:    No math alphabet change to frozen version normal on input line 493.
LaTeX Font Info:    No math alphabet change to frozen version normal on input line 493.
LaTeX Font Info:    No math alphabet change to frozen version normal on input line 493.
LaTeX Font Info:    No math alphabet change to frozen version normal on input line 493.
LaTeX Font Info:    No math alphabet change to frozen version normal on input line 493.
LaTeX Font Info:    No math alphabet change to frozen version normal on input line 493.
LaTeX Font Info:    No math alphabet change to frozen version normal on input line 493.
LaTeX Font Info:    Undo math alphabet allocation in version normal on input line 493.
LaTeX Font Info:    No math alphabet change to frozen version normal on input line 493.
LaTeX Font Info:    No math alphabet change to frozen version normal on input line 493.
LaTeX Font Info:    No math alphabet change to frozen version normal on input line 493.
LaTeX Font Info:    No math alphabet change to frozen version normal on input line 494.
LaTeX Font Info:    Undo math alphabet allocation in version normal on input line 494.
LaTeX Font Info:    No math alphabet change to frozen version normal on input line 497.
LaTeX Font Info:    No math alphabet change to frozen version normal on input line 498.
LaTeX Font Info:    No math alphabet change to frozen version normal on input line 505.
LaTeX Font Info:    No math alphabet change to frozen version normal on input line 505.
LaTeX Font Info:    No math alphabet change to frozen version normal on input line 505.
LaTeX Font Info:    No math alphabet change to frozen version normal on input line 505.
LaTeX Font Info:    No math alphabet change to frozen version normal on input line 505.
LaTeX Font Info:    No math alphabet change to frozen version normal on input line 505.
LaTeX Font Info:    No math alphabet change to frozen version normal on input line 505.
LaTeX Font Info:    No math alphabet change to frozen version normal on input line 505.
LaTeX Font Info:    No math alphabet change to frozen version normal on input line 505.
LaTeX Font Info:    No math alphabet change to frozen version normal on input line 505.
LaTeX Font Info:    No math alphabet change to frozen version normal on input line 505.
LaTeX Font Info:    No math alphabet change to frozen version normal on input line 505.
LaTeX Font Info:    No math alphabet change to frozen version normal on input line 505.
LaTeX Font Info:    No math alphabet change to frozen version normal on input line 505.
LaTeX Font Info:    No math alphabet change to frozen version normal on input line 505.
LaTeX Font Info:    No math alphabet change to frozen version normal on input line 505.
LaTeX Font Info:    No math alphabet change to frozen version normal on input line 505.
LaTeX Font Info:    No math alphabet change to frozen version normal on input line 505.
LaTeX Font Info:    No math alphabet change to frozen version normal on input line 505.
LaTeX Font Info:    No math alphabet change to frozen version normal on input line 505.
LaTeX Font Info:    No math alphabet change to frozen version normal on input line 506.
LaTeX Font Info:    Undo math alphabet allocation in version normal on input line 506.
LaTeX Font Info:    Undo math alphabet allocation in version normal on input line 506.
LaTeX Font Info:    Undo math alphabet allocation in version normal on input line 506.
LaTeX Font Info:    No math alphabet change to frozen version normal on input line 506.
LaTeX Font Info:    Undo math alphabet allocation in version normal on input line 506.
LaTeX Font Info:    Undo math alphabet allocation in version normal on input line 513.
LaTeX Font Info:    No math alphabet change to frozen version normal on input line 513.
LaTeX Font Info:    No math alphabet change to frozen version normal on input line 513.
LaTeX Font Info:    No math alphabet change to frozen version normal on input line 513.
LaTeX Font Info:    No math alphabet change to frozen version normal on input line 513.
LaTeX Font Info:    No math alphabet change to frozen version normal on input line 513.
LaTeX Font Info:    No math alphabet change to frozen version normal on input line 513.
LaTeX Font Info:    Undo math alphabet allocation in version normal on input line 513.
LaTeX Font Info:    No math alphabet change to frozen version normal on input line 513.
LaTeX Font Info:    No math alphabet change to frozen version normal on input line 513.
LaTeX Font Info:    No math alphabet change to frozen version normal on input line 513.
LaTeX Font Info:    Undo math alphabet allocation in version normal on input line 513.
LaTeX Font Info:    No math alphabet change to frozen version normal on input line 513.
LaTeX Font Info:    No math alphabet change to frozen version normal on input line 513.
LaTeX Font Info:    No math alphabet change to frozen version normal on input line 513.
LaTeX Font Info:    No math alphabet change to frozen version normal on input line 513.
LaTeX Font Info:    No math alphabet change to frozen version normal on input line 513.
LaTeX Font Info:    No math alphabet change to frozen version normal on input line 513.
LaTeX Font Info:    Undo math alphabet allocation in version normal on input line 513.
LaTeX Font Info:    No math alphabet change to frozen version normal on input line 513.
LaTeX Font Info:    Undo math alphabet allocation in version normal on input line 514.
LaTeX Font Info:    Undo math alphabet allocation in version normal on input line 514.


[8]
LaTeX Font Info:    Undo math alphabet allocation in version normal on input line 516.
LaTeX Font Info:    Undo math alphabet allocation in version normal on input line 516.
LaTeX Font Info:    Undo math alphabet allocation in version normal on input line 516.
LaTeX Font Info:    Undo math alphabet allocation in version normal on input line 516.
LaTeX Font Info:    Undo math alphabet allocation in version normal on input line 516.
LaTeX Font Info:    Undo math alphabet allocation in version normal on input line 521.
LaTeX Font Info:    Undo math alphabet allocation in version normal on input line 521.
LaTeX Font Info:    No math alphabet change to frozen version normal on input line 521.
LaTeX Font Info:    No math alphabet change to frozen version normal on input line 521.
LaTeX Font Info:    No math alphabet change to frozen version normal on input line 521.
LaTeX Font Info:    No math alphabet change to frozen version normal on input line 521.
LaTeX Font Info:    No math alphabet change to frozen version normal on input line 521.
LaTeX Font Info:    Undo math alphabet allocation in version normal on input line 521.
LaTeX Font Info:    Undo math alphabet allocation in version normal on input line 521.
LaTeX Font Info:    No math alphabet change to frozen version normal on input line 521.
LaTeX Font Info:    No math alphabet change to frozen version normal on input line 521.
LaTeX Font Info:    No math alphabet change to frozen version normal on input line 521.
LaTeX Font Info:    Undo math alphabet allocation in version normal on input line 522.
LaTeX Font Info:    Undo math alphabet allocation in version normal on input line 522.
LaTeX Font Info:    Undo math alphabet allocation in version normal on input line 522.
LaTeX Font Info:    Undo math alphabet allocation in version normal on input line 522.
LaTeX Font Info:    Undo math alphabet allocation in version normal on input line 522.
LaTeX Font Info:    Undo math alphabet allocation in version normal on input line 522.
LaTeX Font Info:    No math alphabet change to frozen version normal on input line 523.
LaTeX Font Info:    Undo math alphabet allocation in version normal on input line 528.
LaTeX Font Info:    Undo math alphabet allocation in version normal on input line 528.
LaTeX Font Info:    No math alphabet change to frozen version normal on input line 528.
LaTeX Font Info:    No math alphabet change to frozen version normal on input line 530.
LaTeX Font Info:    No math alphabet change to frozen version normal on input line 531.
LaTeX Font Info:    No math alphabet change to frozen version normal on input line 532.
LaTeX Font Info:    No math alphabet change to frozen version normal on input line 534.
LaTeX Font Info:    No math alphabet change to frozen version normal on input line 535.
LaTeX Font Info:    No math alphabet change to frozen version normal on input line 536.
LaTeX Font Info:    No math alphabet change to frozen version normal on input line 536.
LaTeX Font Info:    Undo math alphabet allocation in version normal on input line 540.
LaTeX Font Info:    Undo math alphabet allocation in version normal on input line 540.
LaTeX Font Info:    No math alphabet change to frozen version normal on input line 540.
LaTeX Font Info:    No math alphabet change to frozen version normal on input line 540.
LaTeX Font Info:    No math alphabet change to frozen version normal on input line 540.
LaTeX Font Info:    No math alphabet change to frozen version normal on input line 540.
LaTeX Font Info:    No math alphabet change to frozen version normal on input line 540.
LaTeX Font Info:    No math alphabet change to frozen version normal on input line 544.
LaTeX Font Info:    No math alphabet change to frozen version normal on input line 544.
LaTeX Font Info:    No math alphabet change to frozen version normal on input line 544.
LaTeX Font Info:    No math alphabet change to frozen version normal on input line 544.
LaTeX Font Info:    No math alphabet change to frozen version normal on input line 544.
LaTeX Font Info:    No math alphabet change to frozen version normal on input line 544.
LaTeX Font Info:    No math alphabet change to frozen version normal on input line 544.
LaTeX Font Info:    No math alphabet change to frozen version normal on input line 544.
LaTeX Font Info:    No math alphabet change to frozen version normal on input line 544.
LaTeX Font Info:    No math alphabet change to frozen version normal on input line 544.
LaTeX Font Info:    No math alphabet change to frozen version normal on input line 544.
LaTeX Font Info:    No math alphabet change to frozen version normal on input line 544.
LaTeX Font Info:    No math alphabet change to frozen version normal on input line 544.
LaTeX Font Info:    No math alphabet change to frozen version normal on input line 544.
LaTeX Font Info:    No math alphabet change to frozen version normal on input line 548.
LaTeX Font Info:    Undo math alphabet allocation in version normal on input line 548.
LaTeX Font Info:    No math alphabet change to frozen version normal on input line 548.
LaTeX Font Info:    No math alphabet change to frozen version normal on input line 548.
LaTeX Font Info:    No math alphabet change to frozen version normal on input line 548.
LaTeX Font Info:    No math alphabet change to frozen version normal on input line 548.
LaTeX Font Info:    No math alphabet change to frozen version normal on input line 548.
LaTeX Font Info:    No math alphabet change to frozen version normal on input line 548.
LaTeX Font Info:    No math alphabet change to frozen version normal on input line 548.
LaTeX Font Info:    No math alphabet change to frozen version normal on input line 548.
LaTeX Font Info:    No math alphabet change to frozen version normal on input line 548.
LaTeX Font Info:    No math alphabet change to frozen version normal on input line 548.
LaTeX Font Info:    No math alphabet change to frozen version normal on input line 548.
LaTeX Font Info:    No math alphabet change to frozen version normal on input line 548.
LaTeX Font Info:    No math alphabet change to frozen version normal on input line 548.
LaTeX Font Info:    No math alphabet change to frozen version normal on input line 548.
LaTeX Font Info:    No math alphabet change to frozen version normal on input line 548.
LaTeX Font Info:    Undo math alphabet allocation in version normal on input line 548.
LaTeX Font Info:    No math alphabet change to frozen version normal on input line 548.


[9] (./_main.aux)
 ***********
LaTeX2e <2024-11-01> patch level 2
L3 programming layer <2025-01-18>
 ***********


LaTeX Warning: There were undefined references.

Package rerunfilecheck Info: File `_main.out' has not changed.
(rerunfilecheck)             Checksum: 3028048871E35D4E74D3AB72CDD5692B;1439.
 ) 
Here is how much of TeX's memory you used:
 39265 strings out of 473190
 919122 string characters out of 5715801
 1390947 words of memory out of 5000000
 61607 multiletter control sequences out of 15000+600000
 651912 words of font info for 143 fonts, out of 8000000 for 9000
 1302 hyphenation exceptions out of 8191
 107i,10n,110p,1088b,660s stack positions out of 10000i,1000n,20000p,200000b,200000s
</usr/local/texlive/2025/texmf-dist/fonts/type1/public/kpfonts/jkplbn8a.pfb></usr/local/texlive/2025/texmf-dist/fonts/type1/public/kpfonts/jkplex.pfb></usr/local/texlive/2025/texmf-dist/fonts/type1/public/kpfonts/jkplmi.pfb></usr/local/texlive/2025/texmf-dist/fonts/type1/public/kpfonts/jkplmia.pfb></usr/local/texlive/2025/texmf-dist/fonts/type1/public/kpfonts/jkplmit8a.pfb></usr/local/texlive/2025/texmf-dist/fonts/type1/public/kpfonts/jkplmn8a.pfb></usr/local/texlive/2025/texmf-dist/fonts/type1/public/kpfonts/jkplmne.pfb></usr/local/texlive/2025/texmf-dist/fonts/type1/public/kpfonts/jkplmsc8a.pfb></usr/local/texlive/2025/texmf-dist/fonts/type1/public/kpfonts/jkplsy.pfb></usr/local/texlive/2025/texmf-dist/fonts/type1/public/kpfonts/jkplsyc.pfb></usr/local/texlive/2025/texmf-dist/fonts/type1/public/kpfonts/jkplsyd.pfb></usr/local/texlive/2025/texmf-dist/fonts/type1/public/kpfonts/jkpsya.pfb>
Output written on _main.pdf (9 pages, 147868 bytes).
PDF statistics:
 213 PDF objects out of 1000 (max. 8388607)
 176 compressed objects within 2 object streams
 69 named destinations out of 1000 (max. 500000)
 69 words of extra memory for PDF output out of 10000 (max. 10000000)

