This is pdfTeX, Version 3.141592653-2.6-1.40.27 (TeX Live 2025) (preloaded format=pdflatex 2025.3.8)  22 OCT 2025 11:25
entering extended mode
 restricted \write18 enabled.
 file:line:error style messages enabled.
 %&-line parsing enabled.
**"/Users/gcrescenzo/Documents/School/LaTeX Documents/latex-class-notes/Fall 2024/Real Analysis/310 Notes/_main.tex"
(/Users/gcrescenzo/Documents/School/LaTeX Documents/latex-class-notes/Fall 2024/Real Analysis/310 Notes/_main.tex
LaTeX2e <2024-11-01> patch level 2
L3 programming layer <2025-01-18>
(/usr/local/texlive/2025/texmf-dist/tex/latex/memoir/memoir.cls
Document Class: memoir 2025/03/06 v3.8.3 configurable book, report, article document class
(/usr/local/texlive/2025/texmf-dist/tex/latex/xpatch/xpatch.sty (/usr/local/texlive/2025/texmf-dist/tex/latex/l3kernel/expl3.sty
Package: expl3 2025-01-18 L3 programming layer (loader) 
 (/usr/local/texlive/2025/texmf-dist/tex/latex/l3backend/l3backend-pdftex.def
File: l3backend-pdftex.def 2024-05-08 L3 backend support: PDF output (pdfTeX)
\l__color_backend_stack_int=\count196
\l__pdf_internal_box=\box52
))
Package: xpatch 2020/03/25 v0.3a Extending etoolbox patching commands
 (/usr/local/texlive/2025/texmf-dist/tex/latex/l3packages/xparse/xparse.sty
Package: xparse 2024-08-16 L3 Experimental document command parser
) (/usr/local/texlive/2025/texmf-dist/tex/latex/etoolbox/etoolbox.sty
Package: etoolbox 2025/02/11 v2.5l e-TeX tools for LaTeX (JAW)
\etb@tempcnta=\count197
))
\onelineskip=\skip49
\lxvchars=\skip50
\xlvchars=\skip51
\@memcnta=\count198
\c@@memmarkcntra=\count199
 (/usr/local/texlive/2025/texmf-dist/tex/generic/iftex/iftex.sty
Package: iftex 2024/12/12 v1.0g TeX engine tests
)
\trimtop=\skip52
\trimedge=\skip53
 (/usr/local/texlive/2025/texmf-dist/tex/latex/memoir/mem11.clo
File: mem11.clo 2022/07/29 v0.5 memoir class 11pt size option
)
\binding=\skip54
\spinemargin=\skip55
\foremargin=\skip56
\uppermargin=\skip57
\lowermargin=\skip58
\headdrop=\skip59
\normalrulethickness=\skip60
\mem@maxheadheight=\skip61
\mem@maxfootheight=\skip62
\headwidth=\skip63
\c@storedpagenumber=\count266
\memPD=\dimen141
\m@mabparskip=\skip64
\thanksmarkwidth=\skip65
\thanksmarksep=\skip66
\droptitle=\skip67
\c@book=\count267
\c@part=\count268
\c@chapter=\count269
\c@section=\count270
\c@subsection=\count271
\c@subsubsection=\count272
\c@paragraph=\count273
\c@subparagraph=\count274
\beforechapskip=\skip68
\midchapskip=\skip69
\afterchapskip=\skip70
\chapindent=\skip71
\bottomsectionskip=\skip72
\secindent=\skip73
\beforesecskip=\skip74
\aftersecskip=\skip75
\subsecindent=\skip76
\beforesubsecskip=\skip77
\aftersubsecskip=\skip78
\subsubsecindent=\skip79
\beforesubsubsecskip=\skip80
\aftersubsubsecskip=\skip81
\paraindent=\skip82
\beforeparaskip=\skip83
\afterparaskip=\skip84
\subparaindent=\skip85
\beforesubparaskip=\skip86
\aftersubparaskip=\skip87
\pfbreakskip=\skip88
\c@@ppsavesec=\count275
\c@@ppsaveapp=\count276
\ragrparindent=\dimen142
\everylistparindent=\dimen143
\parsepi=\skip89
\topsepi=\skip90
\itemsepi=\skip91
\parsepii=\skip92
\topsepii=\skip93
\topsepiii=\skip94
\itemsepii=\skip95
\itemsepiii=\skip96
\partopsepii=\skip97
\partopsepiii=\skip98
\m@msavetopsep=\skip99
\m@msavepartopsep=\skip100
\@enLab=\toks17
\abstitleskip=\skip101
\absleftindent=\skip102
\abs@leftindent=\dimen144
\absrightindent=\skip103
\absparindent=\skip104
\absparsep=\skip105
\c@vslineno=\count277
\c@poemline=\count278
\c@modulo@vs=\count279
\c@memfvsline=\count280
\vleftskip=\skip106
\vrightskip=\skip107
\stanzaskip=\skip108
\versewidth=\skip109
\vgap=\skip110
\vindent=\skip111
\vleftmargin=\dimen145
\c@verse=\count281
\c@chrsinstr=\count282
\beforepoemtitleskip=\skip112
\afterpoemtitleskip=\skip113
\c@poem=\count283
\beforePoemTitleskip=\skip114
\midPoemTitleskip=\skip115
\afterPoemTitleskip=\skip116
 (/usr/local/texlive/2025/texmf-dist/tex/latex/tools/array.sty
Package: array 2024/10/17 v2.6g Tabular extension package (FMi)
\col@sep=\dimen146
\ar@mcellbox=\box53
\extrarowheight=\dimen147
\NC@list=\toks18
\extratabsurround=\skip117
\backup@length=\skip118
\ar@cellbox=\box54
) (/usr/local/texlive/2025/texmf-dist/tex/latex/tools/dcolumn.sty
Package: dcolumn 2023/07/08 v1.06 decimal alignment package (DPC)
) (/usr/local/texlive/2025/texmf-dist/tex/latex/tools/delarray.sty
Package: delarray 2014/10/28 v1.01 array delimiter package (DPC)
) (/usr/local/texlive/2025/texmf-dist/tex/latex/tools/tabularx.sty
Package: tabularx 2023/12/11 v2.12a `tabularx' package (DPC)
\TX@col@width=\dimen148
\TX@old@table=\dimen149
\TX@old@col=\dimen150
\TX@target=\dimen151
\TX@delta=\dimen152
\TX@cols=\count284
\TX@ftn=\toks19
) (/usr/local/texlive/2025/texmf-dist/tex/latex/booktabs/booktabs.sty
Package: booktabs 2020/01/12 v1.61803398 Publication quality tables
\heavyrulewidth=\dimen153
\lightrulewidth=\dimen154
\cmidrulewidth=\dimen155
\belowrulesep=\dimen156
\belowbottomsep=\dimen157
\aboverulesep=\dimen158
\abovetopsep=\dimen159
\cmidrulesep=\dimen160
\cmidrulekern=\dimen161
\defaultaddspace=\dimen162
\@cmidla=\count285
\@cmidlb=\count286
\@aboverulesep=\dimen163
\@belowrulesep=\dimen164
\@thisruleclass=\count287
\@lastruleclass=\count288
\@thisrulewidth=\dimen165
)
\ctableftskip=\skip119
\ctabrightskip=\skip120
\abovecolumnspenalty=\count289
\@linestogo=\count290
\@cellstogo=\count291
\@cellsincolumn=\count292
\crtok=\toks20
\@mincolumnwidth=\dimen166
\c@newflo@tctr=\count293
\mem@margin@floatbox=\box55
\@contcwidth=\skip121
\@contindw=\skip122
\abovecaptionskip=\skip123
\belowcaptionskip=\skip124
\subfloattopskip=\skip125
\subfloatcapskip=\skip126
\subfloatcaptopadj=\skip127
\subfloatbottomskip=\skip128
\subfloatlabelskip=\skip129
\subfloatcapmargin=\dimen167
\c@@contsubnum=\count294
\m@mscap@capbox=\box56
\m@mscap@fbox=\box57
\sidecapsep=\dimen168
\sidecapwidth=\dimen169
\m@m@tempdima=\dimen170
\m@mscapraise=\dimen171
\sidecapraise=\dimen172
\m@mscapmainwidth=\dimen173
\m@mscaplkern=\dimen174
\beforeepigraphskip=\skip130
\afterepigraphskip=\skip131
\epigraphwidth=\skip132
\epigraphrule=\skip133
LaTeX Info: Redefining \em on input line 7017.
LaTeX Info: Redefining \emph on input line 7025.
 (/usr/local/texlive/2025/texmf-dist/tex/latex/hyperref/nameref.sty
Package: nameref 2023-11-26 v2.56 Cross-referencing by name of section
 (/usr/local/texlive/2025/texmf-dist/tex/latex/refcount/refcount.sty
Package: refcount 2019/12/15 v3.6 Data extraction from label references (HO)
 (/usr/local/texlive/2025/texmf-dist/tex/generic/ltxcmds/ltxcmds.sty
Package: ltxcmds 2023-12-04 v1.26 LaTeX kernel commands for general use (HO)
) (/usr/local/texlive/2025/texmf-dist/tex/generic/infwarerr/infwarerr.sty
Package: infwarerr 2019/12/03 v1.5 Providing info/warning/error messages (HO)
)) (/usr/local/texlive/2025/texmf-dist/tex/generic/gettitlestring/gettitlestring.sty
Package: gettitlestring 2019/12/15 v1.6 Cleanup title references (HO)
 (/usr/local/texlive/2025/texmf-dist/tex/latex/kvoptions/kvoptions.sty
Package: kvoptions 2022-06-15 v3.15 Key value format for package options (HO)
 (/usr/local/texlive/2025/texmf-dist/tex/latex/graphics/keyval.sty
Package: keyval 2022/05/29 v1.15 key=value parser (DPC)
\KV@toks@=\toks21
) (/usr/local/texlive/2025/texmf-dist/tex/latex/kvsetkeys/kvsetkeys.sty
Package: kvsetkeys 2022-10-05 v1.19 Key value parser (HO)
)))
\c@section@level=\count295
)
\tocentryskip=\skip134
\tocbaseline=\skip135
\cftparskip=\skip136
\cftbeforebookskip=\skip137
\cftbookindent=\dimen175
\cftbooknumwidth=\dimen176
\cftbeforepartskip=\skip138
\cftpartindent=\skip139
\cftpartnumwidth=\skip140
\cftbeforechapterskip=\skip141
\cftchapterindent=\skip142
\cftchapternumwidth=\skip143
\cftbeforesectionskip=\skip144
\cftsectionindent=\skip145
\cftsectionnumwidth=\skip146
\cftbeforesubsectionskip=\skip147
\cftsubsectionindent=\skip148
\cftsubsectionnumwidth=\skip149
\cftbeforesubsubsectionskip=\skip150
\cftsubsubsectionindent=\skip151
\cftsubsubsectionnumwidth=\skip152
\cftbeforeparagraphskip=\skip153
\cftparagraphindent=\skip154
\cftparagraphnumwidth=\skip155
\cftbeforesubparagraphskip=\skip156
\cftsubparagraphindent=\skip157
\cftsubparagraphnumwidth=\skip158
\prechapterprecisshift=\dimen177
\c@maxsecnumdepth=\count296
\bibindent=\dimen178
\bibitemsep=\skip159
\indexcolsep=\skip160
\indexrule=\skip161
\indexmarkstyle=\toks22
\@indexbox=\insert252
LaTeX Info: Redefining \raggedbottom on input line 8107.
LaTeX Info: Redefining \flushbottom on input line 8111.
\glossarycolsep=\dimen179
\glossaryrule=\dimen180
\sideparvshift=\skip162
\sideins=\insert251
\sidebartopsep=\skip163
\sidebarhsep=\skip164
\sidebarvsep=\skip165
\sidebarwidth=\skip166
\footmarkwidth=\skip167
\footmarksep=\skip168
\footparindent=\skip169
\footinsdim=\skip170
\footinsv@r=\insert250
\@mpfootinsv@r=\insert249
\m@m@k=\count297
\m@m@h=\dimen181
\m@mipn@skip=\skip171
\sidefootins=\insert248
\sidefootadjust=\skip172
\sidefootheight=\skip173
\sidefoothsep=\skip174
\sidefootvsep=\skip175
\sidefootwidth=\skip176
\m@mdownsf=\skip177
\c@sidefootnote=\count298
\sidefootmarkwidth=\skip178
\sidefootmarksep=\skip179
\sidefootparindent=\skip180
\c@pagenote=\count299
\c@pagenoteshadow=\count300
\mem@pn@lastkern=\skip181
 (/usr/local/texlive/2025/texmf-dist/tex/latex/tools/verbatim.sty
Package: verbatim 2024-01-22 v1.5x LaTeX2e package for verbatim enhancements
\every@verbatim=\toks23
\verbatim@line=\toks24
\verbatim@in@stream=\read2
)
\verbatimindent=\skip182
\verbatim@out=\write3
 (/usr/local/texlive/2025/texmf-dist/tex/latex/base/shortvrb.sty
Package: shortvrb 2024/10/23 v3.0q Standard LaTeX documentation package V3 (FMi)
)
\bvboxsep=\skip183
\c@memfbvline=\count301
\c@bvlinectr=\count302
\bvnumlength=\skip184
\fb@frw=\dimen182
\fb@frh=\dimen183
\FrameRule=\dimen184
\FrameSep=\dimen185
\c@cp@cntr=\count303
\c@ism@mctr=\count304
\c@xsm@mctr=\count305
\c@csm@mctr=\count306
\c@ksm@mctr=\count307
\c@xksm@mctr=\count308
\c@cksm@mctr=\count309
\c@msm@mctr=\count310
\c@xmsm@mctr=\count311
\c@cmsm@mctr=\count312
\c@bsm@mctr=\count313
\c@workm@mctr=\count314
\c@sheetsequence=\count315
\c@lastsheet=\count316
\c@lastpage=\count317
 (/usr/local/texlive/2025/texmf-dist/tex/latex/textcase/textcase.sty
Package: textcase 2025/02/16 v1.05 Text only upper/lower case changing (DPC)
Package textcase Info: Defining Legacy names on input line 20.
)
\c@figure=\count318
\c@lofdepth=\count319
\cftbeforefigureskip=\skip185
\cftfigureindent=\skip186
\cftfigurenumwidth=\skip187
\c@table=\count320
\c@lotdepth=\count321
\cftbeforetableskip=\skip188
\cfttableindent=\skip189
\cfttablenumwidth=\skip190
Package abstract [2008/07/23] emulated by memoir.
Package appendix [2008/07/23] emulated by memoir.
Package ccaption [2008/07/23] emulated by memoir.
Package changepage [2008/07/23] emulated by memoir.
Package chngcntr [2008/07/23] emulated by memoir.
Package chngpage [2008/07/23] emulated by memoir.
Package crop emulated by memoir.
Package enumerate [2008/07/23] emulated by memoir.
Package epigraph [2008/07/23] emulated by memoir.
Package ifmtarg [2008/07/23] emulated by memoir.
Package index [2008/07/23] emulated by memoir.
Package makeidx [2008/07/23] emulated by memoir.
Package moreverb [2008/07/23] emulated by memoir.
Package needspace [2008/07/23] emulated by memoir.
Package newfile [2008/07/23] emulated by memoir.
Package nextpage [2008/07/23] emulated by memoir.
Package pagenote [2008/07/23] emulated by memoir.
Package parskip [2008/07/23] emulated by memoir.
Package patchcmd [2008/07/23] emulated by memoir.
Package setspace [2008/07/23] emulated by memoir.
Package showidx [2008/07/23] emulated by memoir.
Package titleref [2008/07/23] emulated by memoir.
Package titling [2008/07/23] emulated by memoir.
Package tocbibind [2008/07/23] emulated by memoir.
Package tocloft [2008/07/23] emulated by memoir.
Package tocvsec2 [2008/07/23] emulated by memoir.
Package verse [2008/07/23] emulated by memoir.
) (/usr/local/texlive/2025/texmf-dist/tex/latex/scholax/scholax.sty
Package: scholax 2022/01/31 v1.033
 'scholax' v1.033, 2022/01/31 (msharpe) Style file for TeXGyreScholaX. (/usr/local/texlive/2025/texmf-dist/tex/latex/base/fontenc.sty
Package: fontenc 2021/04/29 v2.0v Standard LaTeX package
 (/usr/local/texlive/2025/texmf-dist/tex/latex/ly1/ly1enc.def
File: ly1enc.def 2022/06/11 v0.8 TeX 'n ANSI encoding (DPC/KB)
Now handling font encoding LY1 ...
... processing UTF-8 mapping file for font encoding LY1
 (/usr/local/texlive/2025/texmf-dist/tex/latex/base/ly1enc.dfu
File: ly1enc.dfu 2022/06/07 v1.3c UTF-8 support
   defining Unicode char U+00A0 (decimal 160)
   defining Unicode char U+00A1 (decimal 161)
   defining Unicode char U+00A2 (decimal 162)
   defining Unicode char U+00A3 (decimal 163)
   defining Unicode char U+00A4 (decimal 164)
   defining Unicode char U+00A5 (decimal 165)
   defining Unicode char U+00A6 (decimal 166)
   defining Unicode char U+00A7 (decimal 167)
   defining Unicode char U+00AA (decimal 170)
   defining Unicode char U+00AB (decimal 171)
   defining Unicode char U+00AD (decimal 173)
   defining Unicode char U+00AE (decimal 174)
   defining Unicode char U+00B0 (decimal 176)
   defining Unicode char U+00B5 (decimal 181)
   defining Unicode char U+00B6 (decimal 182)
   defining Unicode char U+00B7 (decimal 183)
   defining Unicode char U+00BA (decimal 186)
   defining Unicode char U+00BB (decimal 187)
   defining Unicode char U+00BC (decimal 188)
   defining Unicode char U+00BD (decimal 189)
   defining Unicode char U+00BE (decimal 190)
   defining Unicode char U+00BF (decimal 191)
   defining Unicode char U+00C0 (decimal 192)
   defining Unicode char U+00C1 (decimal 193)
   defining Unicode char U+00C2 (decimal 194)
   defining Unicode char U+00C3 (decimal 195)
   defining Unicode char U+00C4 (decimal 196)
   defining Unicode char U+00C5 (decimal 197)
   defining Unicode char U+00C6 (decimal 198)
   defining Unicode char U+00C7 (decimal 199)
   defining Unicode char U+00C8 (decimal 200)
   defining Unicode char U+00C9 (decimal 201)
   defining Unicode char U+00CA (decimal 202)
   defining Unicode char U+00CB (decimal 203)
   defining Unicode char U+00CC (decimal 204)
   defining Unicode char U+00CD (decimal 205)
   defining Unicode char U+00CE (decimal 206)
   defining Unicode char U+00CF (decimal 207)
   defining Unicode char U+00D0 (decimal 208)
   defining Unicode char U+00D1 (decimal 209)
   defining Unicode char U+00D2 (decimal 210)
   defining Unicode char U+00D3 (decimal 211)
   defining Unicode char U+00D4 (decimal 212)
   defining Unicode char U+00D5 (decimal 213)
   defining Unicode char U+00D6 (decimal 214)
   defining Unicode char U+00D8 (decimal 216)
   defining Unicode char U+00D9 (decimal 217)
   defining Unicode char U+00DA (decimal 218)
   defining Unicode char U+00DB (decimal 219)
   defining Unicode char U+00DC (decimal 220)
   defining Unicode char U+00DD (decimal 221)
   defining Unicode char U+00DE (decimal 222)
   defining Unicode char U+00DF (decimal 223)
   defining Unicode char U+00E0 (decimal 224)
   defining Unicode char U+00E1 (decimal 225)
   defining Unicode char U+00E2 (decimal 226)
   defining Unicode char U+00E3 (decimal 227)
   defining Unicode char U+00E4 (decimal 228)
   defining Unicode char U+00E5 (decimal 229)
   defining Unicode char U+00E6 (decimal 230)
   defining Unicode char U+00E7 (decimal 231)
   defining Unicode char U+00E8 (decimal 232)
   defining Unicode char U+00E9 (decimal 233)
   defining Unicode char U+00EA (decimal 234)
   defining Unicode char U+00EB (decimal 235)
   defining Unicode char U+00EC (decimal 236)
   defining Unicode char U+00ED (decimal 237)
   defining Unicode char U+00EE (decimal 238)
   defining Unicode char U+00EF (decimal 239)
   defining Unicode char U+00F0 (decimal 240)
   defining Unicode char U+00F1 (decimal 241)
   defining Unicode char U+00F2 (decimal 242)
   defining Unicode char U+00F3 (decimal 243)
   defining Unicode char U+00F4 (decimal 244)
   defining Unicode char U+00F5 (decimal 245)
   defining Unicode char U+00F6 (decimal 246)
   defining Unicode char U+00F8 (decimal 248)
   defining Unicode char U+00F9 (decimal 249)
   defining Unicode char U+00FA (decimal 250)
   defining Unicode char U+00FB (decimal 251)
   defining Unicode char U+00FC (decimal 252)
   defining Unicode char U+00FD (decimal 253)
   defining Unicode char U+00FE (decimal 254)
   defining Unicode char U+00FF (decimal 255)
   defining Unicode char U+0131 (decimal 305)
   defining Unicode char U+0141 (decimal 321)
   defining Unicode char U+0142 (decimal 322)
   defining Unicode char U+0152 (decimal 338)
   defining Unicode char U+0153 (decimal 339)
   defining Unicode char U+0160 (decimal 352)
   defining Unicode char U+0161 (decimal 353)
   defining Unicode char U+0174 (decimal 372)
   defining Unicode char U+0175 (decimal 373)
   defining Unicode char U+0176 (decimal 374)
   defining Unicode char U+0177 (decimal 375)
   defining Unicode char U+0178 (decimal 376)
   defining Unicode char U+017D (decimal 381)
   defining Unicode char U+017E (decimal 382)
   defining Unicode char U+0192 (decimal 402)
   defining Unicode char U+0218 (decimal 536)
   defining Unicode char U+0219 (decimal 537)
   defining Unicode char U+021A (decimal 538)
   defining Unicode char U+021B (decimal 539)
   defining Unicode char U+0237 (decimal 567)
   defining Unicode char U+02C6 (decimal 710)
   defining Unicode char U+02DC (decimal 732)
   defining Unicode char U+2013 (decimal 8211)
   defining Unicode char U+2014 (decimal 8212)
   defining Unicode char U+201C (decimal 8220)
   defining Unicode char U+201D (decimal 8221)
   defining Unicode char U+2020 (decimal 8224)
   defining Unicode char U+2021 (decimal 8225)
   defining Unicode char U+2022 (decimal 8226)
   defining Unicode char U+2026 (decimal 8230)
   defining Unicode char U+2030 (decimal 8240)
   defining Unicode char U+2039 (decimal 8249)
   defining Unicode char U+203A (decimal 8250)
   defining Unicode char U+2122 (decimal 8482)
   defining Unicode char U+FB00 (decimal 64256)
   defining Unicode char U+FB01 (decimal 64257)
   defining Unicode char U+FB02 (decimal 64258)
   defining Unicode char U+FB03 (decimal 64259)
   defining Unicode char U+FB04 (decimal 64260)
   defining Unicode char U+FB05 (decimal 64261)
   defining Unicode char U+FB06 (decimal 64262)
))) (/usr/local/texlive/2025/texmf-dist/tex/latex/base/textcomp.sty
Package: textcomp 2024/04/24 v2.1b Standard LaTeX package
) (/usr/local/texlive/2025/texmf-dist/tex/latex/base/ifthen.sty
Package: ifthen 2024/03/16 v1.1e Standard LaTeX ifthen package (DPC)
) (/usr/local/texlive/2025/texmf-dist/tex/generic/xstring/xstring.sty (/usr/local/texlive/2025/texmf-dist/tex/generic/xstring/xstring.tex
\xs_counta=\count322
\xs_countb=\count323
)
Package: xstring 2023/08/22 v1.86 String manipulations (CT)
) (/usr/local/texlive/2025/texmf-dist/tex/latex/carlisle/scalefnt.sty)
LaTeX Font Info:    Setting TeXGyreScholaX-LF sub-encoding to TS1/0 on input line 13.
LaTeX Font Info:    Setting TeXGyreScholaX-TLF sub-encoding to TS1/0 on input line 13.
LaTeX Font Info:    Setting TeXGyreScholaX-OsF sub-encoding to TS1/0 on input line 13.
LaTeX Font Info:    Setting TeXGyreScholaX-TOsF sub-encoding to TS1/0 on input line 13.
 (/usr/local/texlive/2025/texmf-dist/tex/latex/fontaxes/fontaxes.sty
Package: fontaxes 2020/07/21 v1.0e Font selection axes
LaTeX Info: Redefining \upshape on input line 29.
LaTeX Info: Redefining \itshape on input line 31.
LaTeX Info: Redefining \slshape on input line 33.
LaTeX Info: Redefining \swshape on input line 35.
LaTeX Info: Redefining \scshape on input line 37.
LaTeX Info: Redefining \sscshape on input line 39.
LaTeX Info: Redefining \ulcshape on input line 41.
LaTeX Info: Redefining \textsw on input line 47.
LaTeX Info: Redefining \textssc on input line 48.
LaTeX Info: Redefining \textulc on input line 49.
) (/usr/local/texlive/2025/texmf-dist/tex/latex/xkeyval/xkeyval.sty
Package: xkeyval 2022/06/16 v2.9 package option processing (HA)
 (/usr/local/texlive/2025/texmf-dist/tex/generic/xkeyval/xkeyval.tex (/usr/local/texlive/2025/texmf-dist/tex/generic/xkeyval/xkvutils.tex
\XKV@toks=\toks25
\XKV@tempa@toks=\toks26
)
\XKV@depth=\count324
File: xkeyval.tex 2014/12/03 v2.7a key=value parser (HA)
))) (/usr/local/texlive/2025/texmf-dist/tex/latex/amsmath/amsmath.sty
Package: amsmath 2024/11/05 v2.17t AMS math features
\@mathmargin=\skip191

For additional information on amsmath, use the `?' option.
(/usr/local/texlive/2025/texmf-dist/tex/latex/amsmath/amstext.sty
Package: amstext 2021/08/26 v2.01 AMS text
 (/usr/local/texlive/2025/texmf-dist/tex/latex/amsmath/amsgen.sty
File: amsgen.sty 1999/11/30 v2.0 generic functions
\@emptytoks=\toks27
\ex@=\dimen186
)) (/usr/local/texlive/2025/texmf-dist/tex/latex/amsmath/amsbsy.sty
Package: amsbsy 1999/11/29 v1.2d Bold Symbols
\pmbraise@=\dimen187
) (/usr/local/texlive/2025/texmf-dist/tex/latex/amsmath/amsopn.sty
Package: amsopn 2022/04/08 v2.04 operator names
)
\inf@bad=\count325
LaTeX Info: Redefining \frac on input line 233.
\uproot@=\count326
\leftroot@=\count327
LaTeX Info: Redefining \overline on input line 398.
LaTeX Info: Redefining \colon on input line 409.
\classnum@=\count328
\DOTSCASE@=\count329
LaTeX Info: Redefining \ldots on input line 495.
LaTeX Info: Redefining \dots on input line 498.
LaTeX Info: Redefining \cdots on input line 619.
\Mathstrutbox@=\box58
\strutbox@=\box59
LaTeX Info: Redefining \big on input line 721.
LaTeX Info: Redefining \Big on input line 722.
LaTeX Info: Redefining \bigg on input line 723.
LaTeX Info: Redefining \Bigg on input line 724.
\big@size=\dimen188
LaTeX Font Info:    Redeclaring font encoding OML on input line 742.
LaTeX Font Info:    Redeclaring font encoding OMS on input line 743.
\macc@depth=\count330
LaTeX Info: Redefining \bmod on input line 904.
LaTeX Info: Redefining \pmod on input line 909.
LaTeX Info: Redefining \smash on input line 939.
LaTeX Info: Redefining \relbar on input line 969.
LaTeX Info: Redefining \Relbar on input line 970.
\c@MaxMatrixCols=\count331
\dotsspace@=\muskip17
\c@parentequation=\count332
\dspbrk@lvl=\count333
\tag@help=\toks28
\row@=\count334
\column@=\count335
\maxfields@=\count336
\andhelp@=\toks29
\eqnshift@=\dimen189
\alignsep@=\dimen190
\tagshift@=\dimen191
\tagwidth@=\dimen192
\totwidth@=\dimen193
\lineht@=\dimen194
\@envbody=\toks30
\multlinegap=\skip192
\multlinetaggap=\skip193
\mathdisplay@stack=\toks31
LaTeX Info: Redefining \[ on input line 2953.
LaTeX Info: Redefining \] on input line 2954.
) (/usr/local/texlive/2025/texmf-dist/tex/latex/amscls/amsthm.sty
Package: amsthm 2020/05/29 v2.20.6
\thm@style=\toks32
\thm@bodyfont=\toks33
\thm@headfont=\toks34
\thm@notefont=\toks35
\thm@headpunct=\toks36
\thm@preskip=\skip194
\thm@postskip=\skip195
\thm@headsep=\skip196
\dth@everypar=\toks37
) (/usr/local/texlive/2025/texmf-dist/tex/latex/newtx/newtxmath.sty
Package: newtxmath 2024/09/22 v1.754
 `newtxmath' v1.754, 2024/09/22 Math macros based originally on txfonts (msharpe) (/usr/local/texlive/2025/texmf-dist/tex/latex/oberdiek/centernot.sty
Package: centernot 2016/05/16 v1.4 Centers the not symbol horizontally (HO)
)
\tx@cntz=\count337
 (/usr/local/texlive/2025/texmf-dist/tex/generic/kastrup/binhex.tex)
\tx@Isdigit=\count338
\tx@IsAlNum=\count339
\tx@tA=\toks38
\tx@tB=\toks39
\tx@su=\read3

amsthm NOT loaded
LaTeX Font Info:    Redeclaring symbol font `operators' on input line 402.
LaTeX Font Info:    Overwriting symbol font `operators' in version `normal'
(Font)                  OT1/cmr/m/n --> OT1/TeXGyreScholaX-TLF/m/n on input line 402.
LaTeX Font Info:    Overwriting symbol font `operators' in version `bold'
(Font)                  OT1/cmr/bx/n --> OT1/TeXGyreScholaX-TLF/m/n on input line 402.
LaTeX Font Info:    Overwriting symbol font `operators' in version `bold'
(Font)                  OT1/TeXGyreScholaX-TLF/m/n --> OT1/TeXGyreScholaX-TLF/b/n on input line 403.
LaTeX Font Info:    Redeclaring math alphabet \mathsf on input line 410.
LaTeX Font Info:    Overwriting math alphabet `\mathsf' in version `normal'
(Font)                  OT1/cmss/m/n --> OT1/cmss/m/n on input line 410.
LaTeX Font Info:    Overwriting math alphabet `\mathsf' in version `bold'
(Font)                  OT1/cmss/bx/n --> OT1/cmss/m/n on input line 410.
LaTeX Font Info:    Overwriting math alphabet `\mathsf' in version `bold'
(Font)                  OT1/cmss/m/n --> OT1/cmss/b/n on input line 412.
LaTeX Font Info:    Redeclaring math alphabet \mathit on input line 419.
LaTeX Font Info:    Overwriting math alphabet `\mathit' in version `normal'
(Font)                  OT1/cmr/m/it --> OT1/TeXGyreScholaX-TLF/m/it on input line 419.
LaTeX Font Info:    Overwriting math alphabet `\mathit' in version `bold'
(Font)                  OT1/cmr/bx/it --> OT1/TeXGyreScholaX-TLF/m/it on input line 419.
LaTeX Font Info:    Redeclaring math alphabet \mathtt on input line 420.
LaTeX Font Info:    Overwriting math alphabet `\mathtt' in version `normal'
(Font)                  OT1/cmtt/m/n --> T1/cmtt/m/n on input line 420.
LaTeX Font Info:    Overwriting math alphabet `\mathtt' in version `bold'
(Font)                  OT1/cmtt/m/n --> T1/cmtt/m/n on input line 420.
LaTeX Font Info:    Redeclaring math alphabet \mathbf on input line 422.
LaTeX Font Info:    Overwriting math alphabet `\mathbf' in version `normal'
(Font)                  OT1/cmr/bx/n --> OT1/TeXGyreScholaX-TLF/b/n on input line 422.
LaTeX Font Info:    Overwriting math alphabet `\mathbf' in version `bold'
(Font)                  OT1/cmr/bx/n --> OT1/TeXGyreScholaX-TLF/b/n on input line 422.
LaTeX Font Info:    Overwriting math alphabet `\mathit' in version `bold'
(Font)                  OT1/TeXGyreScholaX-TLF/m/it --> OT1/TeXGyreScholaX-TLF/b/it on input line 423.
LaTeX Font Info:    Overwriting math alphabet `\mathtt' in version `bold'
(Font)                  T1/cmtt/m/n --> T1/cmtt/b/n on input line 426.
LaTeX Font Info:    Redeclaring symbol font `letters' on input line 505.
LaTeX Font Info:    Overwriting symbol font `letters' in version `normal'
(Font)                  OML/cmm/m/it --> OML/zncfmi/m/it on input line 505.
LaTeX Font Info:    Overwriting symbol font `letters' in version `bold'
(Font)                  OML/cmm/b/it --> OML/zncfmi/m/it on input line 505.
LaTeX Font Info:    Overwriting symbol font `letters' in version `bold'
(Font)                  OML/zncfmi/m/it --> OML/zncfmi/b/it on input line 506.
\symlettersA=\mathgroup4
LaTeX Font Info:    Overwriting symbol font `lettersA' in version `bold'
(Font)                  U/ntxmia/m/it --> U/ntxmia/b/it on input line 582.
Now handling font encoding LMS ...
... no UTF-8 mapping file for font encoding LMS
LaTeX Font Info:    Redeclaring symbol font `symbols' on input line 604.
LaTeX Font Info:    Encoding `OMS' has changed to `LMS' for symbol font
(Font)              `symbols' in the math version `normal' on input line 604.
LaTeX Font Info:    Overwriting symbol font `symbols' in version `normal'
(Font)                  OMS/cmsy/m/n --> LMS/ntxsy/m/n on input line 604.
LaTeX Font Info:    Encoding `OMS' has changed to `LMS' for symbol font
(Font)              `symbols' in the math version `bold' on input line 604.
LaTeX Font Info:    Overwriting symbol font `symbols' in version `bold'
(Font)                  OMS/cmsy/b/n --> LMS/ntxsy/m/n on input line 604.
LaTeX Font Info:    Overwriting symbol font `symbols' in version `bold'
(Font)                  LMS/ntxsy/m/n --> LMS/ntxsy/b/n on input line 605.
\symAMSm=\mathgroup5
LaTeX Font Info:    Overwriting symbol font `AMSm' in version `bold'
(Font)                  U/ntxsym/m/n --> U/ntxsym/b/n on input line 630.
\symsymbolsC=\mathgroup6
LaTeX Font Info:    Overwriting symbol font `symbolsC' in version `bold'
(Font)                  U/ntxsyc/m/n --> U/ntxsyc/b/n on input line 651.
Now handling font encoding LMX ...
... no UTF-8 mapping file for font encoding LMX
LaTeX Font Info:    Redeclaring symbol font `largesymbols' on input line 664.
LaTeX Font Info:    Encoding `OMX' has changed to `LMX' for symbol font
(Font)              `largesymbols' in the math version `normal' on input line 664.
LaTeX Font Info:    Overwriting symbol font `largesymbols' in version `normal'
(Font)                  OMX/cmex/m/n --> LMX/ntxexx/m/n on input line 664.
LaTeX Font Info:    Encoding `OMX' has changed to `LMX' for symbol font
(Font)              `largesymbols' in the math version `bold' on input line 664.
LaTeX Font Info:    Overwriting symbol font `largesymbols' in version `bold'
(Font)                  OMX/cmex/m/n --> LMX/ntxexx/m/n on input line 664.
LaTeX Font Info:    Overwriting symbol font `largesymbols' in version `bold'
(Font)                  LMX/ntxexx/m/n --> LMX/ntxexx/b/n on input line 665.
\symlargesymbolsTXA=\mathgroup7
LaTeX Font Info:    Overwriting symbol font `largesymbolsTXA' in version `bold'
(Font)                  U/ntxexa/m/n --> U/ntxexa/b/n on input line 679.
\tx@sbptoks=\toks40
LaTeX Font Info:    Redeclaring math delimiter \lfloor on input line 902.
LaTeX Font Info:    Redeclaring math delimiter \rfloor on input line 903.
LaTeX Font Info:    Redeclaring math delimiter \lceil on input line 904.
LaTeX Font Info:    Redeclaring math delimiter \rceil on input line 905.
LaTeX Font Info:    Redeclaring math delimiter \lbrace on input line 910.
LaTeX Font Info:    Redeclaring math delimiter \rbrace on input line 911.
LaTeX Font Info:    Redeclaring math delimiter \langle on input line 913.
LaTeX Font Info:    Redeclaring math delimiter \rangle on input line 915.
LaTeX Font Info:    Redeclaring math delimiter \arrowvert on input line 919.
LaTeX Font Info:    Redeclaring math delimiter \vert on input line 920.
LaTeX Font Info:    Redeclaring math symbol \hbar on input line 966.
LaTeX Font Info:    Redeclaring math accent \dot on input line 991.
LaTeX Font Info:    Redeclaring math accent \ddot on input line 992.
LaTeX Font Info:    Redeclaring math accent \vec on input line 2057.
LaTeX Info: Redefining \Bbbk on input line 2847.
LaTeX Info: Redefining \not on input line 2995.
LaTeX Info: Redefining \textsquare on input line 3025.
LaTeX Info: Redefining \openbox on input line 3027.
)

Class memoir Warning: The titlesec package is not recommended with memoir.
(memoir)              With it we loose some of the features provides by the
(memoir)              class. We provide our own interface to adjust how 
(memoir)              sections and chapters should look like.
(memoir)              See the manual sections 6.4 through 6.6 for details.  on input line 13.

(/usr/local/texlive/2025/texmf-dist/tex/latex/titlesec/titlesec.sty
Package: titlesec 2025/01/04 v2.17 Sectioning titles
\ttl@box=\box60
\beforetitleunit=\skip197
\aftertitleunit=\skip198
\ttl@plus=\dimen195
\ttl@minus=\dimen196
\ttl@toksa=\toks41
\titlewidth=\dimen197
\titlewidthlast=\dimen198
\titlewidthfirst=\dimen199
) (/usr/local/texlive/2025/texmf-dist/tex/latex/anyfontsize/anyfontsize.sty
Package: anyfontsize 2007/11/22 anyfontsize.sty by pts
) (/usr/local/texlive/2025/texmf-dist/tex/latex/fancybox/fancybox.sty
Package: fancybox 2010/05/15 1.4

Style option: `fancybox' v1.4 <2010/05/15> (tvz)
\@fancybox=\box61
\shadowsize=\dimen256
\@Sbox=\box62
\do@VerbBox=\toks42
\the@fancyput=\toks43
\this@fancyput=\toks44
\EndVerbatimTokens=\toks45
\Verbatim@Outfile=\write4
\Verbatim@Infile=\read4
) (/usr/local/texlive/2025/texmf-dist/tex/latex/xcolor/xcolor.sty
Package: xcolor 2024/09/29 v3.02 LaTeX color extensions (UK)
 (/usr/local/texlive/2025/texmf-dist/tex/latex/graphics-cfg/color.cfg
File: color.cfg 2016/01/02 v1.6 sample color configuration
)

Package xcolor Warning: Package option `hyperref' is obsolete and ignored on input line 265.

Package xcolor Info: Driver file: pdftex.def on input line 274.
(/usr/local/texlive/2025/texmf-dist/tex/latex/graphics-def/pdftex.def
File: pdftex.def 2024/04/13 v1.2c Graphics/color driver for pdftex
) (/usr/local/texlive/2025/texmf-dist/tex/latex/graphics/mathcolor.ltx)
Package xcolor Info: Model `cmy' substituted by `cmy0' on input line 1349.
Package xcolor Info: Model `hsb' substituted by `rgb' on input line 1353.
Package xcolor Info: Model `RGB' extended on input line 1365.
Package xcolor Info: Model `HTML' substituted by `rgb' on input line 1367.
Package xcolor Info: Model `Hsb' substituted by `hsb' on input line 1368.
Package xcolor Info: Model `tHsb' substituted by `hsb' on input line 1369.
Package xcolor Info: Model `HSB' substituted by `hsb' on input line 1370.
Package xcolor Info: Model `Gray' substituted by `gray' on input line 1371.
Package xcolor Info: Model `wave' substituted by `hsb' on input line 1372.
) (/usr/local/texlive/2025/texmf-dist/tex/latex/graphics/dvipsnam.def
File: dvipsnam.def 2016/06/17 v3.0m Driver-dependent file (DPC,SPQR)
) (/usr/local/texlive/2025/texmf-dist/tex/latex/xcolor/svgnam.def
File: svgnam.def 2024/09/29 v3.02 Predefined colors according to SVG 1.1 (UK)
) (/usr/local/texlive/2025/texmf-dist/tex/latex/xcolor/x11nam.def
File: x11nam.def 2024/09/29 v3.02 Predefined colors according to Unix/X11 (UK)
) (/usr/local/texlive/2025/texmf-dist/tex/latex/comment/comment.sty
\CommentStream=\write5
 Excluding comment 'comment') (/usr/local/texlive/2025/texmf-dist/tex/latex/amsfonts/amsfonts.sty
Package: amsfonts 2013/01/14 v3.01 Basic AMSFonts support
\symAMSa=\mathgroup8
\symAMSb=\mathgroup9
LaTeX Font Info:    Redeclaring math delimiter \ulcorner on input line 74.
LaTeX Font Info:    Redeclaring math delimiter \urcorner on input line 75.
LaTeX Font Info:    Redeclaring math delimiter \llcorner on input line 76.
LaTeX Font Info:    Redeclaring math delimiter \lrcorner on input line 77.
LaTeX Font Info:    Redeclaring math symbol \square on input line 141.
LaTeX Font Info:    Redeclaring math symbol \lozenge on input line 142.
) (/usr/local/texlive/2025/texmf-dist/tex/latex/jknapltx/mathrsfs.sty
Package: mathrsfs 1996/01/01 Math RSFS package v1.0 (jk)
\symrsfs=\mathgroup10
) (/usr/local/texlive/2025/texmf-dist/tex/latex/preprint/fullpage.sty
Package: fullpage 1999/02/23 1.1 (PWD)
\FP@margin=\skip199
) (/usr/local/texlive/2025/texmf-dist/tex/latex/tools/bm.sty
Package: bm 2023/12/19 v1.2f Bold Symbol Support (DPC/FMi)
\symboldoperators=\mathgroup11
\symboldletters=\mathgroup12
\symboldsymbols=\mathgroup13
\symboldlargesymbols=\mathgroup14
Package bm Info: No bold for \U/msa/m/n, using \pmb.
Package bm Info: No bold for \U/msb/m/n, using \pmb.
Package bm Info: No bold for \U/rsfs/m/n, using \pmb.
LaTeX Font Info:    Redeclaring math alphabet \mathbf on input line 149.
) (/usr/local/texlive/2025/texmf-dist/tex/latex/cprotect/cprotect.sty
Package: cprotect 2011/01/27 v1.0e (Bruno Le Floch)
 (/usr/local/texlive/2025/texmf-dist/tex/latex/bigfoot/suffix.sty
Package: suffix 2006/07/15 1.5a Variant command support
)
\CPT@WriteOut=\write6
\c@CPT@WriteCount=\count340
\c@CPT@numB=\count341
\CPT@commandatend@toks=\toks46
) (/usr/local/texlive/2025/texmf-dist/tex/latex/fundus-calligra/calligra.sty
Package: calligra 2012/04/10 v1.9 LaTeX package calligra
) (/usr/local/texlive/2025/texmf-dist/tex/latex/emptypage/emptypage.sty
Package: emptypage 2010/05/30 v1.2 Suppress page numbers and headings on empty pages
)

Class memoir Warning: The titleps package is not recommended with memoir.
(memoir)              It cannot really work properly without the titlesec
(memoir)              package, which is already incomparible with memoir.
(memoir)              We have our own well integrated interface to 
(memoir)              handle headers and footers.
(memoir)              See the manual section 7.3 onwards for details.  on input line 30.

(/usr/local/texlive/2025/texmf-dist/tex/latex/titlesec/titleps.sty
Package: titleps 2025/01/04 v2.17 Page styles
) (/usr/local/texlive/2025/texmf-dist/tex/latex/microtype/microtype.sty
Package: microtype 2025/02/11 v3.2a Micro-typographical refinements (RS)
\MT@toks=\toks47
\MT@tempbox=\box63
\MT@count=\count342
LaTeX Info: Redefining \noprotrusionifhmode on input line 1087.
LaTeX Info: Redefining \leftprotrusion on input line 1088.
\MT@prot@toks=\toks48
LaTeX Info: Redefining \rightprotrusion on input line 1107.
LaTeX Info: Redefining \textls on input line 1449.
\MT@outer@kern=\dimen257
LaTeX Info: Redefining \microtypecontext on input line 2053.
LaTeX Info: Redefining \textmicrotypecontext on input line 2070.
\MT@listname@count=\count343
 (/usr/local/texlive/2025/texmf-dist/tex/latex/microtype/microtype-pdftex.def
File: microtype-pdftex.def 2025/02/11 v3.2a Definitions specific to pdftex (RS)
LaTeX Info: Redefining \lsstyle on input line 944.
LaTeX Info: Redefining \lslig on input line 944.
\MT@outer@space=\skip256
)
Package microtype Info: Loading configuration file microtype.cfg.
 (/usr/local/texlive/2025/texmf-dist/tex/latex/microtype/microtype.cfg
File: microtype.cfg 2025/02/11 v3.2a microtype main configuration file (RS)
)
LaTeX Info: Redefining \microtypesetup on input line 3065.
) (/usr/local/texlive/2025/texmf-dist/tex/latex/float/float.sty
Package: float 2001/11/08 v1.3d Float enhancements (AL)
\c@float@type=\count344
\float@exts=\toks49
\float@box=\box64
\@float@everytoks=\toks50
\@floatcapt=\box65
) (/usr/local/texlive/2025/texmf-dist/tex/latex/ocgx/ocgx.sty
Package: ocgx 2012/11/14 v0.5{} manage OCG in PDF document
 (/usr/local/texlive/2025/texmf-dist/tex/latex/ocg-p/ocg-p.sty
Package: ocg-p 2013/01/10 v0.4 Optional Content Group in a PDF document
 (/usr/local/texlive/2025/texmf-dist/tex/latex/eso-pic/eso-pic.sty
Package: eso-pic 2023/05/03 v3.0c eso-pic (RN)
\ESO@tempdima=\dimen258
\ESO@tempdimb=\dimen259
) (/usr/local/texlive/2025/texmf-dist/tex/generic/iftex/ifpdf.sty
Package: ifpdf 2019/10/25 v3.4 ifpdf legacy package. Use iftex instead.
) (/usr/local/texlive/2025/texmf-dist/tex/generic/iftex/ifxetex.sty
Package: ifxetex 2019/10/25 v0.7 ifxetex legacy package. Use iftex instead.
)
\@ocgp@num=\count345
\@ocgp@tonum=\count346
\@ocgp@sonum=\count347
)) (/usr/local/texlive/2025/texmf-dist/tex/latex/graphics/graphicx.sty
Package: graphicx 2021/09/16 v1.2d Enhanced LaTeX Graphics (DPC,SPQR)
 (/usr/local/texlive/2025/texmf-dist/tex/latex/graphics/graphics.sty
Package: graphics 2024/08/06 v1.4g Standard LaTeX Graphics (DPC,SPQR)
 (/usr/local/texlive/2025/texmf-dist/tex/latex/graphics/trig.sty
Package: trig 2023/12/02 v1.11 sin cos tan (DPC)
) (/usr/local/texlive/2025/texmf-dist/tex/latex/graphics-cfg/graphics.cfg
File: graphics.cfg 2016/06/04 v1.11 sample graphics configuration
)
Package graphics Info: Driver file: pdftex.def on input line 106.
)
\Gin@req@height=\dimen260
\Gin@req@width=\dimen261
) (/usr/local/texlive/2025/texmf-dist/tex/latex/pdfcomment/pdfcomment.sty
Package: pdfcomment 2018/11/01 pdfcomment.sty v2.4a - Josef Kleber (C) 2008-2012, 2015-2016, 2018
\c@pc@count@i=\count348
\c@pc@count@ii=\count349
\c@pc@count@iii=\count350
\c@pc@count@iv=\count351
\pc@mathannot@box=\box66
\pc@nullbox=\box67
\pc@dima=\skip257
\pc@dimb=\skip258
\pc@Sposx=\skip259
\pc@Sposy=\skip260
\pc@Eposx=\skip261
\pc@Eposy=\skip262
\pc@column=\skip263
\pc@box@width=\skip264
\pc@box@height=\skip265
\pc@box@depth=\skip266
 (/usr/local/texlive/2025/texmf-dist/tex/latex/datetime2/datetime2.sty
Package: datetime2 2021/03/21 v1.5.7 (NLCT) date and time formats
 (/usr/local/texlive/2025/texmf-dist/tex/latex/tracklang/tracklang.sty
Package: tracklang 2025/03/04 v1.6.5 (NLCT) Track Languages
 (/usr/local/texlive/2025/texmf-dist/tex/generic/tracklang/tracklang.tex))) (/usr/local/texlive/2025/texmf-dist/tex/latex/zref/zref-savepos.sty
Package: zref-savepos 2023-09-14 v2.35 Module savepos for zref (HO)
 (/usr/local/texlive/2025/texmf-dist/tex/latex/zref/zref-base.sty
Package: zref-base 2023-09-14 v2.35 Module base for zref (HO)
 (/usr/local/texlive/2025/texmf-dist/tex/generic/kvdefinekeys/kvdefinekeys.sty
Package: kvdefinekeys 2019-12-19 v1.6 Define keys (HO)
) (/usr/local/texlive/2025/texmf-dist/tex/generic/pdftexcmds/pdftexcmds.sty
Package: pdftexcmds 2020-06-27 v0.33 Utility functions of pdfTeX for LuaTeX (HO)
Package pdftexcmds Info: \pdf@primitive is available.
Package pdftexcmds Info: \pdf@ifprimitive is available.
Package pdftexcmds Info: \pdfdraftmode found.
) (/usr/local/texlive/2025/texmf-dist/tex/generic/etexcmds/etexcmds.sty
Package: etexcmds 2019/12/15 v1.7 Avoid name clashes with e-TeX commands (HO)
) (/usr/local/texlive/2025/texmf-dist/tex/latex/auxhook/auxhook.sty
Package: auxhook 2019-12-17 v1.6 Hooks for auxiliary files (HO)
)
Package zref Info: New property list: main on input line 767.
Package zref Info: New property: default on input line 768.
Package zref Info: New property: page on input line 769.
)
Package zref Info: New property list: savepos on input line 79.
Package zref Info: New property: posx on input line 81.
Package zref Info: New property: posy on input line 82.
)
\c@zref@unique=\count352
 (/usr/local/texlive/2025/texmf-dist/tex/latex/tools/calc.sty
Package: calc 2023/07/08 v4.3 Infix arithmetic (KKT,FJ)
\calc@Acount=\count353
\calc@Bcount=\count354
\calc@Adimen=\dimen262
\calc@Bdimen=\dimen263
\calc@Askip=\skip267
\calc@Bskip=\skip268
LaTeX Info: Redefining \setlength on input line 80.
LaTeX Info: Redefining \addtolength on input line 81.
\calc@Ccount=\count355
\calc@Cskip=\skip269
) (/usr/local/texlive/2025/texmf-dist/tex/latex/marginnote/marginnote.sty
Package: marginnote 2018/08/09 1.4b non floating margin notes for LaTeX
\c@mn@abspage=\count356
) (/usr/local/texlive/2025/texmf-dist/tex/generic/iftex/ifluatex.sty
Package: ifluatex 2019/10/25 v1.5 ifluatex legacy package. Use iftex instead.
) (/usr/local/texlive/2025/texmf-dist/tex/latex/soulpos/soulpos.sty
Package: soulpos 2021/10/15 v1.2 Fancy underlining
\ulp@subcnt=\count357
\ulp@cnt=\count358
\ulp@out=\write7
\ulp@in=\read5
\ulwidth=\dimen264
) (/usr/local/texlive/2025/texmf-dist/tex/latex/hyperref/hyperref.sty
Package: hyperref 2024-11-05 v7.01l Hypertext links for LaTeX
 (/usr/local/texlive/2025/texmf-dist/tex/generic/pdfescape/pdfescape.sty
Package: pdfescape 2019/12/09 v1.15 Implements pdfTeX's escape features (HO)
) (/usr/local/texlive/2025/texmf-dist/tex/latex/hycolor/hycolor.sty
Package: hycolor 2020-01-27 v1.10 Color options for hyperref/bookmark (HO)
) (/usr/local/texlive/2025/texmf-dist/tex/generic/stringenc/stringenc.sty
Package: stringenc 2019/11/29 v1.12 Convert strings between diff. encodings (HO)
)
\@linkdim=\dimen265
\Hy@linkcounter=\count359
\Hy@pagecounter=\count360
 (/usr/local/texlive/2025/texmf-dist/tex/latex/hyperref/pd1enc.def
File: pd1enc.def 2024-11-05 v7.01l Hyperref: PDFDocEncoding definition (HO)
Now handling font encoding PD1 ...
... no UTF-8 mapping file for font encoding PD1
) (/usr/local/texlive/2025/texmf-dist/tex/generic/intcalc/intcalc.sty
Package: intcalc 2019/12/15 v1.3 Expandable calculations with integers (HO)
)
\Hy@SavedSpaceFactor=\count361
 (/usr/local/texlive/2025/texmf-dist/tex/latex/hyperref/puenc.def
File: puenc.def 2024-11-05 v7.01l Hyperref: PDF Unicode definition (HO)
Now handling font encoding PU ...
... no UTF-8 mapping file for font encoding PU
)
Package hyperref Info: Option `unicode' set `true' on input line 4040.
Package hyperref Info: Hyper figures OFF on input line 4157.
Package hyperref Info: Link nesting OFF on input line 4162.
Package hyperref Info: Hyper index ON on input line 4165.
Package hyperref Info: Plain pages OFF on input line 4172.
Package hyperref Info: Backreferencing OFF on input line 4177.
Package hyperref Info: Implicit mode ON; LaTeX internals redefined.
Package hyperref Info: Bookmarks ON on input line 4424.
\c@Hy@tempcnt=\count362
 (/usr/local/texlive/2025/texmf-dist/tex/latex/url/url.sty
\Urlmuskip=\muskip18
Package: url 2013/09/16  ver 3.4  Verb mode for urls, etc.
)
LaTeX Info: Redefining \url on input line 4763.
\XeTeXLinkMargin=\dimen266
 (/usr/local/texlive/2025/texmf-dist/tex/generic/bitset/bitset.sty
Package: bitset 2019/12/09 v1.3 Handle bit-vector datatype (HO)
 (/usr/local/texlive/2025/texmf-dist/tex/generic/bigintcalc/bigintcalc.sty
Package: bigintcalc 2019/12/15 v1.5 Expandable calculations on big integers (HO)
))
\Fld@menulength=\count363
\Field@Width=\dimen267
\Fld@charsize=\dimen268
Package hyperref Info: Hyper figures OFF on input line 6042.
Package hyperref Info: Link nesting OFF on input line 6047.
Package hyperref Info: Hyper index ON on input line 6050.
Package hyperref Info: backreferencing OFF on input line 6057.
Package hyperref Info: Link coloring OFF on input line 6062.
Package hyperref Info: Link coloring with OCG OFF on input line 6067.
Package hyperref Info: PDF/A mode OFF on input line 6072.
 (/usr/local/texlive/2025/texmf-dist/tex/latex/base/atbegshi-ltx.sty
Package: atbegshi-ltx 2021/01/10 v1.0c Emulation of the original atbegshi
package with kernel methods
)
\Hy@abspage=\count364
\c@Item=\count365
\c@Hfootnote=\count366
)
Package hyperref Info: Driver: hpdftex.
 (/usr/local/texlive/2025/texmf-dist/tex/latex/hyperref/hpdftex.def
File: hpdftex.def 2024-11-05 v7.01l Hyperref driver for pdfTeX
 (/usr/local/texlive/2025/texmf-dist/tex/latex/base/atveryend-ltx.sty
Package: atveryend-ltx 2020/08/19 v1.0a Emulation of the original atveryend package
with kernel methods
)
\Fld@listcount=\count367
\c@bookmark@seq@number=\count368
 (/usr/local/texlive/2025/texmf-dist/tex/latex/rerunfilecheck/rerunfilecheck.sty
Package: rerunfilecheck 2022-07-10 v1.10 Rerun checks for auxiliary files (HO)
 (/usr/local/texlive/2025/texmf-dist/tex/generic/uniquecounter/uniquecounter.sty
Package: uniquecounter 2019/12/15 v1.4 Provide unlimited unique counter (HO)
)
Package uniquecounter Info: New unique counter `rerunfilecheck' on input line 285.
)
\Hy@SectionHShift=\skip270
) (/usr/local/texlive/2025/texmf-dist/tex/latex/memoir/memhfixc.sty
Package: memhfixc 2025/03/06 v1.23 hyperref package fixes for memoir class
\c@memhycontfloat=\count369
\c@mem@Hpagenote=\count370
)
Package zref Info: New property list: pdfcomment on input line 2735.
Package zref Info: New property: PCPDFOBJID on input line 2736.
) (/usr/local/texlive/2025/texmf-dist/tex/latex/enumitem/enumitem.sty
Package: enumitem 2025/02/06 v3.11 Customized lists
\labelindent=\skip271
\enit@outerparindent=\dimen269
\enit@toks=\toks51
\enit@inbox=\box68
\enit@count@id=\count371
\enitdp@description=\count372
) (/usr/local/texlive/2025/texmf-dist/tex/latex/mathtools/mathtools.sty
Package: mathtools 2024/10/04 v1.31 mathematical typesetting tools
 (/usr/local/texlive/2025/texmf-dist/tex/latex/mathtools/mhsetup.sty
Package: mhsetup 2021/03/18 v1.4 programming setup (MH)
)
\g_MT_multlinerow_int=\count373
\l_MT_multwidth_dim=\dimen270
\origjot=\skip272
\l_MT_shortvdotswithinadjustabove_dim=\dimen271
\l_MT_shortvdotswithinadjustbelow_dim=\dimen272
\l_MT_above_intertext_sep=\dimen273
\l_MT_below_intertext_sep=\dimen274
\l_MT_above_shortintertext_sep=\dimen275
\l_MT_below_shortintertext_sep=\dimen276
\xmathstrut@box=\box69
\xmathstrut@dim=\dimen277
) (/usr/local/texlive/2025/texmf-dist/tex/latex/tikz-cd/tikz-cd.sty
Package: tikz-cd 2021/05/04 v1.0 Commutative diagrams with TikZ
 (/usr/local/texlive/2025/texmf-dist/tex/latex/pgf/frontendlayer/tikz.sty (/usr/local/texlive/2025/texmf-dist/tex/latex/pgf/basiclayer/pgf.sty (/usr/local/texlive/2025/texmf-dist/tex/latex/pgf/utilities/pgfrcs.sty (/usr/local/texlive/2025/texmf-dist/tex/generic/pgf/utilities/pgfutil-common.tex
\pgfutil@everybye=\toks52
\pgfutil@tempdima=\dimen278
\pgfutil@tempdimb=\dimen279
) (/usr/local/texlive/2025/texmf-dist/tex/generic/pgf/utilities/pgfutil-latex.def
\pgfutil@abb=\box70
) (/usr/local/texlive/2025/texmf-dist/tex/generic/pgf/utilities/pgfrcs.code.tex (/usr/local/texlive/2025/texmf-dist/tex/generic/pgf/pgf.revision.tex)
Package: pgfrcs 2023-01-15 v3.1.10 (3.1.10)
))
Package: pgf 2023-01-15 v3.1.10 (3.1.10)
 (/usr/local/texlive/2025/texmf-dist/tex/latex/pgf/basiclayer/pgfcore.sty (/usr/local/texlive/2025/texmf-dist/tex/latex/pgf/systemlayer/pgfsys.sty (/usr/local/texlive/2025/texmf-dist/tex/generic/pgf/systemlayer/pgfsys.code.tex
Package: pgfsys 2023-01-15 v3.1.10 (3.1.10)
 (/usr/local/texlive/2025/texmf-dist/tex/generic/pgf/utilities/pgfkeys.code.tex
\pgfkeys@pathtoks=\toks53
\pgfkeys@temptoks=\toks54
 (/usr/local/texlive/2025/texmf-dist/tex/generic/pgf/utilities/pgfkeyslibraryfiltered.code.tex
\pgfkeys@tmptoks=\toks55
))
\pgf@x=\dimen280
\pgf@y=\dimen281
\pgf@xa=\dimen282
\pgf@ya=\dimen283
\pgf@xb=\dimen284
\pgf@yb=\dimen285
\pgf@xc=\dimen286
\pgf@yc=\dimen287
\pgf@xd=\dimen288
\pgf@yd=\dimen289
\w@pgf@writea=\write8
\r@pgf@reada=\read6
\c@pgf@counta=\count374
\c@pgf@countb=\count375
\c@pgf@countc=\count376
\c@pgf@countd=\count377
\t@pgf@toka=\toks56
\t@pgf@tokb=\toks57
\t@pgf@tokc=\toks58
\pgf@sys@id@count=\count378
 (/usr/local/texlive/2025/texmf-dist/tex/generic/pgf/systemlayer/pgf.cfg
File: pgf.cfg 2023-01-15 v3.1.10 (3.1.10)
)
Driver file for pgf: pgfsys-pdftex.def
 (/usr/local/texlive/2025/texmf-dist/tex/generic/pgf/systemlayer/pgfsys-pdftex.def
File: pgfsys-pdftex.def 2023-01-15 v3.1.10 (3.1.10)
 (/usr/local/texlive/2025/texmf-dist/tex/generic/pgf/systemlayer/pgfsys-common-pdf.def
File: pgfsys-common-pdf.def 2023-01-15 v3.1.10 (3.1.10)
))) (/usr/local/texlive/2025/texmf-dist/tex/generic/pgf/systemlayer/pgfsyssoftpath.code.tex
File: pgfsyssoftpath.code.tex 2023-01-15 v3.1.10 (3.1.10)
\pgfsyssoftpath@smallbuffer@items=\count379
\pgfsyssoftpath@bigbuffer@items=\count380
) (/usr/local/texlive/2025/texmf-dist/tex/generic/pgf/systemlayer/pgfsysprotocol.code.tex
File: pgfsysprotocol.code.tex 2023-01-15 v3.1.10 (3.1.10)
)) (/usr/local/texlive/2025/texmf-dist/tex/generic/pgf/basiclayer/pgfcore.code.tex
Package: pgfcore 2023-01-15 v3.1.10 (3.1.10)
 (/usr/local/texlive/2025/texmf-dist/tex/generic/pgf/math/pgfmath.code.tex (/usr/local/texlive/2025/texmf-dist/tex/generic/pgf/math/pgfmathutil.code.tex) (/usr/local/texlive/2025/texmf-dist/tex/generic/pgf/math/pgfmathparser.code.tex
\pgfmath@dimen=\dimen290
\pgfmath@count=\count381
\pgfmath@box=\box71
\pgfmath@toks=\toks59
\pgfmath@stack@operand=\toks60
\pgfmath@stack@operation=\toks61
) (/usr/local/texlive/2025/texmf-dist/tex/generic/pgf/math/pgfmathfunctions.code.tex) (/usr/local/texlive/2025/texmf-dist/tex/generic/pgf/math/pgfmathfunctions.basic.code.tex) (/usr/local/texlive/2025/texmf-dist/tex/generic/pgf/math/pgfmathfunctions.trigonometric.code.tex) (/usr/local/texlive/2025/texmf-dist/tex/generic/pgf/math/pgfmathfunctions.random.code.tex) (/usr/local/texlive/2025/texmf-dist/tex/generic/pgf/math/pgfmathfunctions.comparison.code.tex) (/usr/local/texlive/2025/texmf-dist/tex/generic/pgf/math/pgfmathfunctions.base.code.tex) (/usr/local/texlive/2025/texmf-dist/tex/generic/pgf/math/pgfmathfunctions.round.code.tex) (/usr/local/texlive/2025/texmf-dist/tex/generic/pgf/math/pgfmathfunctions.misc.code.tex) (/usr/local/texlive/2025/texmf-dist/tex/generic/pgf/math/pgfmathfunctions.integerarithmetics.code.tex) (/usr/local/texlive/2025/texmf-dist/tex/generic/pgf/math/pgfmathcalc.code.tex) (/usr/local/texlive/2025/texmf-dist/tex/generic/pgf/math/pgfmathfloat.code.tex
\c@pgfmathroundto@lastzeros=\count382
)) (/usr/local/texlive/2025/texmf-dist/tex/generic/pgf/math/pgfint.code.tex) (/usr/local/texlive/2025/texmf-dist/tex/generic/pgf/basiclayer/pgfcorepoints.code.tex
File: pgfcorepoints.code.tex 2023-01-15 v3.1.10 (3.1.10)
\pgf@picminx=\dimen291
\pgf@picmaxx=\dimen292
\pgf@picminy=\dimen293
\pgf@picmaxy=\dimen294
\pgf@pathminx=\dimen295
\pgf@pathmaxx=\dimen296
\pgf@pathminy=\dimen297
\pgf@pathmaxy=\dimen298
\pgf@xx=\dimen299
\pgf@xy=\dimen300
\pgf@yx=\dimen301
\pgf@yy=\dimen302
\pgf@zx=\dimen303
\pgf@zy=\dimen304
) (/usr/local/texlive/2025/texmf-dist/tex/generic/pgf/basiclayer/pgfcorepathconstruct.code.tex
File: pgfcorepathconstruct.code.tex 2023-01-15 v3.1.10 (3.1.10)
\pgf@path@lastx=\dimen305
\pgf@path@lasty=\dimen306
) (/usr/local/texlive/2025/texmf-dist/tex/generic/pgf/basiclayer/pgfcorepathusage.code.tex
File: pgfcorepathusage.code.tex 2023-01-15 v3.1.10 (3.1.10)
\pgf@shorten@end@additional=\dimen307
\pgf@shorten@start@additional=\dimen308
) (/usr/local/texlive/2025/texmf-dist/tex/generic/pgf/basiclayer/pgfcorescopes.code.tex
File: pgfcorescopes.code.tex 2023-01-15 v3.1.10 (3.1.10)
\pgfpic=\box72
\pgf@hbox=\box73
\pgf@layerbox@main=\box74
\pgf@picture@serial@count=\count383
) (/usr/local/texlive/2025/texmf-dist/tex/generic/pgf/basiclayer/pgfcoregraphicstate.code.tex
File: pgfcoregraphicstate.code.tex 2023-01-15 v3.1.10 (3.1.10)
\pgflinewidth=\dimen309
) (/usr/local/texlive/2025/texmf-dist/tex/generic/pgf/basiclayer/pgfcoretransformations.code.tex
File: pgfcoretransformations.code.tex 2023-01-15 v3.1.10 (3.1.10)
\pgf@pt@x=\dimen310
\pgf@pt@y=\dimen311
\pgf@pt@temp=\dimen312
) (/usr/local/texlive/2025/texmf-dist/tex/generic/pgf/basiclayer/pgfcorequick.code.tex
File: pgfcorequick.code.tex 2023-01-15 v3.1.10 (3.1.10)
) (/usr/local/texlive/2025/texmf-dist/tex/generic/pgf/basiclayer/pgfcoreobjects.code.tex
File: pgfcoreobjects.code.tex 2023-01-15 v3.1.10 (3.1.10)
) (/usr/local/texlive/2025/texmf-dist/tex/generic/pgf/basiclayer/pgfcorepathprocessing.code.tex
File: pgfcorepathprocessing.code.tex 2023-01-15 v3.1.10 (3.1.10)
) (/usr/local/texlive/2025/texmf-dist/tex/generic/pgf/basiclayer/pgfcorearrows.code.tex
File: pgfcorearrows.code.tex 2023-01-15 v3.1.10 (3.1.10)
\pgfarrowsep=\dimen313
) (/usr/local/texlive/2025/texmf-dist/tex/generic/pgf/basiclayer/pgfcoreshade.code.tex
File: pgfcoreshade.code.tex 2023-01-15 v3.1.10 (3.1.10)
\pgf@max=\dimen314
\pgf@sys@shading@range@num=\count384
\pgf@shadingcount=\count385
) (/usr/local/texlive/2025/texmf-dist/tex/generic/pgf/basiclayer/pgfcoreimage.code.tex
File: pgfcoreimage.code.tex 2023-01-15 v3.1.10 (3.1.10)
) (/usr/local/texlive/2025/texmf-dist/tex/generic/pgf/basiclayer/pgfcoreexternal.code.tex
File: pgfcoreexternal.code.tex 2023-01-15 v3.1.10 (3.1.10)
\pgfexternal@startupbox=\box75
) (/usr/local/texlive/2025/texmf-dist/tex/generic/pgf/basiclayer/pgfcorelayers.code.tex
File: pgfcorelayers.code.tex 2023-01-15 v3.1.10 (3.1.10)
) (/usr/local/texlive/2025/texmf-dist/tex/generic/pgf/basiclayer/pgfcoretransparency.code.tex
File: pgfcoretransparency.code.tex 2023-01-15 v3.1.10 (3.1.10)
) (/usr/local/texlive/2025/texmf-dist/tex/generic/pgf/basiclayer/pgfcorepatterns.code.tex
File: pgfcorepatterns.code.tex 2023-01-15 v3.1.10 (3.1.10)
) (/usr/local/texlive/2025/texmf-dist/tex/generic/pgf/basiclayer/pgfcorerdf.code.tex
File: pgfcorerdf.code.tex 2023-01-15 v3.1.10 (3.1.10)
))) (/usr/local/texlive/2025/texmf-dist/tex/generic/pgf/modules/pgfmoduleshapes.code.tex
File: pgfmoduleshapes.code.tex 2023-01-15 v3.1.10 (3.1.10)
\pgfnodeparttextbox=\box76
) (/usr/local/texlive/2025/texmf-dist/tex/generic/pgf/modules/pgfmoduleplot.code.tex
File: pgfmoduleplot.code.tex 2023-01-15 v3.1.10 (3.1.10)
) (/usr/local/texlive/2025/texmf-dist/tex/latex/pgf/compatibility/pgfcomp-version-0-65.sty
Package: pgfcomp-version-0-65 2023-01-15 v3.1.10 (3.1.10)
\pgf@nodesepstart=\dimen315
\pgf@nodesepend=\dimen316
) (/usr/local/texlive/2025/texmf-dist/tex/latex/pgf/compatibility/pgfcomp-version-1-18.sty
Package: pgfcomp-version-1-18 2023-01-15 v3.1.10 (3.1.10)
)) (/usr/local/texlive/2025/texmf-dist/tex/latex/pgf/utilities/pgffor.sty (/usr/local/texlive/2025/texmf-dist/tex/latex/pgf/utilities/pgfkeys.sty (/usr/local/texlive/2025/texmf-dist/tex/generic/pgf/utilities/pgfkeys.code.tex)) (/usr/local/texlive/2025/texmf-dist/tex/latex/pgf/math/pgfmath.sty (/usr/local/texlive/2025/texmf-dist/tex/generic/pgf/math/pgfmath.code.tex)) (/usr/local/texlive/2025/texmf-dist/tex/generic/pgf/utilities/pgffor.code.tex
Package: pgffor 2023-01-15 v3.1.10 (3.1.10)
\pgffor@iter=\dimen317
\pgffor@skip=\dimen318
\pgffor@stack=\toks62
\pgffor@toks=\toks63
)) (/usr/local/texlive/2025/texmf-dist/tex/generic/pgf/frontendlayer/tikz/tikz.code.tex
Package: tikz 2023-01-15 v3.1.10 (3.1.10)
 (/usr/local/texlive/2025/texmf-dist/tex/generic/pgf/libraries/pgflibraryplothandlers.code.tex
File: pgflibraryplothandlers.code.tex 2023-01-15 v3.1.10 (3.1.10)
\pgf@plot@mark@count=\count386
\pgfplotmarksize=\dimen319
)
\tikz@lastx=\dimen320
\tikz@lasty=\dimen321
\tikz@lastxsaved=\dimen322
\tikz@lastysaved=\dimen323
\tikz@lastmovetox=\dimen324
\tikz@lastmovetoy=\dimen325
\tikzleveldistance=\dimen326
\tikzsiblingdistance=\dimen327
\tikz@figbox=\box77
\tikz@figbox@bg=\box78
\tikz@tempbox=\box79
\tikz@tempbox@bg=\box80
\tikztreelevel=\count387
\tikznumberofchildren=\count388
\tikznumberofcurrentchild=\count389
\tikz@fig@count=\count390
 (/usr/local/texlive/2025/texmf-dist/tex/generic/pgf/modules/pgfmodulematrix.code.tex
File: pgfmodulematrix.code.tex 2023-01-15 v3.1.10 (3.1.10)
\pgfmatrixcurrentrow=\count391
\pgfmatrixcurrentcolumn=\count392
\pgf@matrix@numberofcolumns=\count393
)
\tikz@expandcount=\count394
 (/usr/local/texlive/2025/texmf-dist/tex/generic/pgf/frontendlayer/tikz/libraries/tikzlibrarytopaths.code.tex
File: tikzlibrarytopaths.code.tex 2023-01-15 v3.1.10 (3.1.10)
))) (/usr/local/texlive/2025/texmf-dist/tex/generic/tikz-cd/tikzlibrarycd.code.tex (/usr/local/texlive/2025/texmf-dist/tex/generic/pgf/frontendlayer/tikz/libraries/tikzlibrarymatrix.code.tex
File: tikzlibrarymatrix.code.tex 2023-01-15 v3.1.10 (3.1.10)
) (/usr/local/texlive/2025/texmf-dist/tex/generic/pgf/frontendlayer/tikz/libraries/tikzlibraryquotes.code.tex
File: tikzlibraryquotes.code.tex 2023-01-15 v3.1.10 (3.1.10)
) (/usr/local/texlive/2025/texmf-dist/tex/generic/pgf/libraries/pgflibraryarrows.meta.code.tex
File: pgflibraryarrows.meta.code.tex 2023-01-15 v3.1.10 (3.1.10)
\pgfarrowinset=\dimen328
\pgfarrowlength=\dimen329
\pgfarrowwidth=\dimen330
\pgfarrowlinewidth=\dimen331
))) (/usr/local/texlive/2025/texmf-dist/tex/latex/relsize/relsize.sty
Package: relsize 2013/03/29 ver 4.1
) (/usr/local/texlive/2025/texmf-dist/tex/latex/caption/caption.sty
Package: caption 2023/08/05 v3.6o Customizing captions (AR)
 (/usr/local/texlive/2025/texmf-dist/tex/latex/caption/caption3.sty
Package: caption3 2023/07/31 v2.4d caption3 kernel (AR)
\caption@tempdima=\dimen332
\captionmargin=\dimen333
\caption@leftmargin=\dimen334
\caption@rightmargin=\dimen335
\caption@width=\dimen336
\caption@indent=\dimen337
\caption@parindent=\dimen338
\caption@hangindent=\dimen339
Package caption Info: memoir document class detected.
 (/usr/local/texlive/2025/texmf-dist/tex/latex/caption/caption-memoir.sto
File: caption-memoir.sto 2023/09/08 v2.2c Adaption of the caption package to the memoir document class (AR)
))
\c@caption@flags=\count395
\c@continuedfloat=\count396
Package caption Info: changepage package is loaded.
\caption@adjustwidth@hsize=\dimen340
\caption@adjustwidth@linewidth=\dimen341
Package caption Info: float package is loaded.
Package caption Info: hyperref package is loaded.
) (/usr/local/texlive/2025/texmf-dist/tex/generic/ulem/ulem.sty
\UL@box=\box81
\UL@hyphenbox=\box82
\UL@skip=\skip273
\UL@hook=\toks64
\UL@height=\dimen342
\UL@pe=\count397
\UL@pixel=\dimen343
\ULC@box=\box83
Package: ulem 2019/11/18
\ULdepth=\dimen344
) (/usr/local/texlive/2025/texmf-dist/tex/latex/pgfplots/pgfplots.sty (/usr/local/texlive/2025/texmf-dist/tex/generic/pgfplots/pgfplots.revision.tex)
Package: pgfplots 2021/05/15 v1.18.1 Data Visualization (1.18.1)
 (/usr/local/texlive/2025/texmf-dist/tex/generic/pgfplots/pgfplots.code.tex (/usr/local/texlive/2025/texmf-dist/tex/generic/pgfplots/pgfplotscore.code.tex
\t@pgfplots@toka=\toks65
\t@pgfplots@tokb=\toks66
\t@pgfplots@tokc=\toks67
\pgfplots@tmpa=\dimen345
\c@pgfplots@coordindex=\count398
\c@pgfplots@scanlineindex=\count399
 (/usr/local/texlive/2025/texmf-dist/tex/generic/pgfplots/sys/pgfplotssysgeneric.code.tex)) (/usr/local/texlive/2025/texmf-dist/tex/generic/pgfplots/libs/pgfplotslibrary.code.tex)
(/usr/local/texlive/2025/texmf-dist/tex/generic/pgfplots/oldpgfcompatib/pgfplotsoldpgfsupp_loader.code.tex (/usr/local/texlive/2025/texmf-dist/tex/generic/pgf/libraries/pgflibraryfpu.code.tex)
Package pgfplots: loading complementary utilities for your pgf version...
\t@pgf@toka=\toks68
\t@pgf@tokb=\toks69
\t@pgf@tokc=\toks70
(/usr/local/texlive/2025/texmf-dist/tex/generic/pgfplots/oldpgfcompatib/pgfplotsoldpgfsupp_pgfutil-common-lists.tex)) (/usr/local/texlive/2025/texmf-dist/tex/generic/pgfplots/util/pgfplotsutil.code.tex (/usr/local/texlive/2025/texmf-dist/tex/generic/pgfplots/liststructure/pgfplotsliststructure.code.tex) (/usr/local/texlive/2025/texmf-dist/tex/generic/pgfplots/liststructure/pgfplotsliststructureext.code.tex) (/usr/local/texlive/2025/texmf-dist/tex/generic/pgfplots/liststructure/pgfplotsarray.code.tex
\c@pgfplotsarray@tmp=\count400
) (/usr/local/texlive/2025/texmf-dist/tex/generic/pgfplots/liststructure/pgfplotsmatrix.code.tex) (/usr/local/texlive/2025/texmf-dist/tex/generic/pgfplots/numtable/pgfplotstableshared.code.tex
\c@pgfplotstable@counta=\count401
\t@pgfplotstable@a=\toks71
) (/usr/local/texlive/2025/texmf-dist/tex/generic/pgfplots/liststructure/pgfplotsdeque.code.tex) (/usr/local/texlive/2025/texmf-dist/tex/generic/pgfplots/util/pgfplotsbinary.code.tex (/usr/local/texlive/2025/texmf-dist/tex/generic/pgfplots/util/pgfplotsbinary.data.code.tex)) (/usr/local/texlive/2025/texmf-dist/tex/generic/pgfplots/util/pgfplotsutil.verb.code.tex) (/usr/local/texlive/2025/texmf-dist/tex/generic/pgfplots/libs/pgflibrarypgfplots.surfshading.code.tex
\c@pgfplotslibrarysurf@no=\count402
 (/usr/local/texlive/2025/texmf-dist/tex/generic/pgfplots/sys/pgflibrarypgfplots.surfshading.pgfsys-pdftex.def))) (/usr/local/texlive/2025/texmf-dist/tex/generic/pgfplots/util/pgfplotscolormap.code.tex (/usr/local/texlive/2025/texmf-dist/tex/generic/pgfplots/util/pgfplotscolor.code.tex)) (/usr/local/texlive/2025/texmf-dist/tex/generic/pgfplots/pgfplotsstackedplots.code.tex) (/usr/local/texlive/2025/texmf-dist/tex/generic/pgfplots/pgfplotsplothandlers.code.tex (/usr/local/texlive/2025/texmf-dist/tex/generic/pgfplots/pgfplotsmeshplothandler.code.tex (/usr/local/texlive/2025/texmf-dist/tex/generic/pgfplots/pgfplotsmeshplotimage.code.tex))) (/usr/local/texlive/2025/texmf-dist/tex/generic/pgfplots/pgfplots.scaling.code.tex) (/usr/local/texlive/2025/texmf-dist/tex/generic/pgfplots/pgfplotscoordprocessing.code.tex) (/usr/local/texlive/2025/texmf-dist/tex/generic/pgfplots/pgfplots.errorbars.code.tex) (/usr/local/texlive/2025/texmf-dist/tex/generic/pgfplots/pgfplots.markers.code.tex) (/usr/local/texlive/2025/texmf-dist/tex/generic/pgfplots/pgfplotsticks.code.tex) (/usr/local/texlive/2025/texmf-dist/tex/generic/pgfplots/pgfplots.paths.code.tex) (/usr/local/texlive/2025/texmf-dist/tex/generic/pgf/frontendlayer/tikz/libraries/tikzlibrarydecorations.code.tex (/usr/local/texlive/2025/texmf-dist/tex/generic/pgf/modules/pgfmoduledecorations.code.tex
\pgfdecoratedcompleteddistance=\dimen346
\pgfdecoratedremainingdistance=\dimen347
\pgfdecoratedinputsegmentcompleteddistance=\dimen348
\pgfdecoratedinputsegmentremainingdistance=\dimen349
\pgf@decorate@distancetomove=\dimen350
\pgf@decorate@repeatstate=\count403
\pgfdecorationsegmentamplitude=\dimen351
\pgfdecorationsegmentlength=\dimen352
)
\tikz@lib@dec@box=\box84
) (/usr/local/texlive/2025/texmf-dist/tex/generic/pgf/frontendlayer/tikz/libraries/tikzlibrarydecorations.pathmorphing.code.tex (/usr/local/texlive/2025/texmf-dist/tex/generic/pgf/libraries/decorations/pgflibrarydecorations.pathmorphing.code.tex)) (/usr/local/texlive/2025/texmf-dist/tex/generic/pgf/frontendlayer/tikz/libraries/tikzlibrarydecorations.pathreplacing.code.tex (/usr/local/texlive/2025/texmf-dist/tex/generic/pgf/libraries/decorations/pgflibrarydecorations.pathreplacing.code.tex)) (/usr/local/texlive/2025/texmf-dist/tex/generic/pgfplots/libs/tikzlibrarypgfplots.contourlua.code.tex)
\pgfplots@numplots=\count404
\pgfplots@xmin@reg=\dimen353
\pgfplots@xmax@reg=\dimen354
\pgfplots@ymin@reg=\dimen355
\pgfplots@ymax@reg=\dimen356
\pgfplots@zmin@reg=\dimen357
\pgfplots@zmax@reg=\dimen358
) (/usr/local/texlive/2025/texmf-dist/tex/generic/pgf/frontendlayer/tikz/libraries/tikzlibraryplotmarks.code.tex
File: tikzlibraryplotmarks.code.tex 2023-01-15 v3.1.10 (3.1.10)
 (/usr/local/texlive/2025/texmf-dist/tex/generic/pgf/libraries/pgflibraryplotmarks.code.tex
File: pgflibraryplotmarks.code.tex 2023-01-15 v3.1.10 (3.1.10)
))) (/usr/local/texlive/2025/texmf-dist/tex/latex/datetime/datetime.sty
Package: datetime 2015/03/20 v2.60 Date Time Package
 (/usr/local/texlive/2025/texmf-dist/tex/latex/fmtcount/fmtcount.sty
Package: fmtcount 2025/02/09 v3.10 Displaying the values of LaTeX counters (NT,VB,NE)
 (/usr/local/texlive/2025/texmf-dist/tex/latex/fmtcount/fcprefix.sty
Package: fcprefix 2012/09/28
 (/usr/local/texlive/2025/texmf-dist/tex/latex/fmtcount/fcnumparser.sty
Package: fcnumparser 2017/06/15
\fc@digit@counter=\count405
))
\c@padzeroesN=\count406
\fc@tmpcatcode=\count407
\@DT@modctr=\count408
\@ordinalctr=\count409
\@orgargctr=\count410
\@strctr=\count411
\@tmpstrctr=\count412
\@DT@loopN=\count413
\@DT@X=\count414


Package fmtcount Warning: \ordinal already defined use \FCordinal instead. on input line 438.

) (/usr/local/texlive/2025/texmf-dist/tex/latex/datetime/datetime-defaults.sty
Package: datetime-defaults 2013/09/10
)
\@day=\count415
\@month=\count416
\@year=\count417
\c@HOUR=\count418
\c@HOURXII=\count419
\c@MINUTE=\count420
\c@TOHOUR=\count421
\c@TOMINUTE=\count422
\c@SECOND=\count423
\currenthour=\count424
\currentminute=\count425
\currentsecond=\count426
Package datetime Info: No datetime.cfg file found, using default settings on input line 308.
\@dtctr=\count427
\dayofyear=\count428
\dayofweek=\count429
LaTeX Info: Redefining \today on input line 736.
\dt@a=\toks72
\dt@b=\toks73
) (/usr/local/texlive/2025/texmf-dist/tex/latex/geometry/geometry.sty
Package: geometry 2020/01/02 v5.9 Page Geometry
 (/usr/local/texlive/2025/texmf-dist/tex/generic/iftex/ifvtex.sty
Package: ifvtex 2019/10/25 v1.7 ifvtex legacy package. Use iftex instead.
)
\Gm@cnth=\count430
\Gm@cntv=\count431
\c@Gm@tempcnt=\count432
\Gm@bindingoffset=\dimen359
\Gm@wd@mp=\dimen360
\Gm@odd@mp=\dimen361
\Gm@even@mp=\dimen362
\Gm@layoutwidth=\dimen363
\Gm@layoutheight=\dimen364
\Gm@layouthoffset=\dimen365
\Gm@layoutvoffset=\dimen366
\Gm@dimlist=\toks74
)

Class memoir Warning: The fancyhdr package is not recommended with memoir.
(memoir)              We have our own well integrated interface to handle
(memoir)              headers and footers. See the manual section 7.3
(memoir)              onwards for details. on input line 62.

(/usr/local/texlive/2025/texmf-dist/tex/latex/fancyhdr/fancyhdr.sty
Package: fancyhdr 2025/02/07 v5.2 Extensive control of page headers and footers
\f@nch@headwidth=\skip274
\f@nch@offset@elh=\skip275
\f@nch@offset@erh=\skip276
\f@nch@offset@olh=\skip277
\f@nch@offset@orh=\skip278
\f@nch@offset@elf=\skip279
\f@nch@offset@erf=\skip280
\f@nch@offset@olf=\skip281
\f@nch@offset@orf=\skip282
\f@nch@height=\skip283
\f@nch@footalignment=\skip284
\f@nch@widthL=\skip285
\f@nch@widthC=\skip286
\f@nch@widthR=\skip287
\@temptokenb=\toks75
) (/usr/local/texlive/2025/texmf-dist/tex/latex/base/fontenc.sty
Package: fontenc 2021/04/29 v2.0v Standard LaTeX package
LaTeX Font Info:    Trying to load font information for T1+TeXGyreScholaX-TLF on input line 116.
 (/usr/local/texlive/2025/texmf-dist/tex/latex/scholax/T1TeXGyreScholaX-TLF.fd
File: T1TeXGyreScholaX-TLF.fd 2017/07/11 (autoinst) Font definitions for T1/TeXGyreScholaX-TLF.
)
LaTeX Font Info:    Font shape `T1/TeXGyreScholaX-TLF/m/n' will be
(Font)              scaled to size 10.95pt on input line 116.
) (/usr/local/texlive/2025/texmf-dist/tex/latex/contour/contour.sty
Package: contour 2004/11/18 v2.14 Print contoured text (HH, MH)
\con@length=\skip288

Loading configuration file `contour.cfg'.
(/usr/local/texlive/2025/texmf-dist/tex/latex/contour/contour.cfg
File: contour.cfg 2004/11/18 v2.14 Print contoured text (HH, MH)
)
contour: Using driver file `pdftex.cnt'.
(/usr/local/texlive/2025/texmf-dist/tex/latex/contour/pdftex.cnt
File: pdftex.cnt 2004/11/18 v2.14 Print contoured text (HH, MH)
)) (/usr/local/texlive/2025/texmf-dist/tex/latex/thmtools/thmtools.sty
Package: thmtools 2023/05/04 v0.76
\thmt@toks=\toks76
\c@thmt@dummyctr=\count433
 (/usr/local/texlive/2025/texmf-dist/tex/latex/thmtools/thm-patch.sty
Package: thm-patch 2023/05/04 v0.76
 (/usr/local/texlive/2025/texmf-dist/tex/latex/thmtools/parseargs.sty
Package: parseargs 2023/05/04 v0.76
\@parsespec=\toks77
)) (/usr/local/texlive/2025/texmf-dist/tex/latex/thmtools/thm-kv.sty
Package: thm-kv 2023/05/04 v0.76
Package thm-kv Info: Theorem names will be uppercased on input line 42.
Package thm-kv Info: kvsetkeys patch (v1.16 or later) on input line 158.
) (/usr/local/texlive/2025/texmf-dist/tex/latex/thmtools/thm-autoref.sty
Package: thm-autoref 2023/05/04 v0.76
 (/usr/local/texlive/2025/texmf-dist/tex/latex/thmtools/aliasctr.sty
Package: aliasctr 2023/05/04 v0.76
)) (/usr/local/texlive/2025/texmf-dist/tex/latex/thmtools/thm-listof.sty
Package: thm-listof 2023/05/04 v0.76
) (/usr/local/texlive/2025/texmf-dist/tex/latex/thmtools/thm-restate.sty
Package: thm-restate 2023/05/04 v0.76
) (/usr/local/texlive/2025/texmf-dist/tex/latex/thmtools/thm-amsthm.sty
Package: thm-amsthm 2023/05/04 v0.76
\thmt@style@headstyle=\toks78
))
\c@theorem=\count434
\c@example=\count435
\c@definition=\count436
\c@exercise=\count437
 (/usr/local/texlive/2025/texmf-dist/tex/latex/thmtools/unique.sty
Package: unique 2023/05/04 v0.76
\uniq@channel=\write9
 (./_main.unq)
\openout9 = `_main.unq'.

)
Package thmtools Info: Automatically pulling in `thmdef-shaded' on input line 132.
 (/usr/local/texlive/2025/texmf-dist/tex/latex/thmtools/thmdef-shaded.sty
Package: thmdef-shaded 2023/05/04 v0.76
)
\c@axiom=\count438
 (/usr/local/texlive/2025/texmf-dist/tex/latex/shadethm/shadethm.sty
Package: shadethm 1999/11/23
\saveparindent=\skip289
\shadeboxsep=\skip290
\shadeboxrule=\skip291
\shadedtextwidth=\skip292
\shadeleftshift=\skip293
\shaderightshift=\skip294
\shadesavebox=\box85
) (/usr/local/texlive/2025/texmf-dist/tex/latex/cancel/cancel.sty
Package: cancel 2013/04/12 v2.2 Cancel math terms
) (/Users/gcrescenzo/Documents/School/LaTeX Documents/latex-class-notes/makros.tex) (/usr/local/texlive/2025/texmf-dist/tex/generic/stringenc/se-pdfdoc.def
File: se-pdfdoc.def 2019/11/29 v1.12 stringenc: PDFDocEncoding
)
Package hyperref Info: Option `colorlinks' set `true' on input line 151.
LaTeX Font Info:    Trying to load font information for T1+TeXGyreScholaX-OsF on input line 153.
 (/usr/local/texlive/2025/texmf-dist/tex/latex/scholax/T1TeXGyreScholaX-OsF.fd
File: T1TeXGyreScholaX-OsF.fd 2017/07/11 (autoinst) Font definitions for T1/TeXGyreScholaX-OsF.
)
LaTeX Font Info:    Font shape `T1/TeXGyreScholaX-OsF/m/n' will be
(Font)              scaled to size 10.95pt on input line 153.

No file _main.aux.
\openout1 = `_main.aux'.

LaTeX Font Info:    Checking defaults for OML/zncfmi/m/it on input line 153.
LaTeX Font Info:    Trying to load font information for OML+zncfmi on input line 153.
(/usr/local/texlive/2025/texmf-dist/tex/latex/scholax/omlzncfmi.fd
File: omlzncfmi.fd 2019/12/10 Fontinst v1.933 font definitions for OML/zncfmi.
)
LaTeX Font Info:    ... okay on input line 153.
LaTeX Font Info:    Checking defaults for OMS/cmsy/m/n on input line 153.
LaTeX Font Info:    ... okay on input line 153.
LaTeX Font Info:    Checking defaults for OT1/cmr/m/n on input line 153.
LaTeX Font Info:    ... okay on input line 153.
LaTeX Font Info:    Checking defaults for T1/cmr/m/n on input line 153.
LaTeX Font Info:    ... okay on input line 153.
LaTeX Font Info:    Checking defaults for TS1/cmr/m/n on input line 153.
LaTeX Font Info:    ... okay on input line 153.
LaTeX Font Info:    Checking defaults for OMX/cmex/m/n on input line 153.
LaTeX Font Info:    ... okay on input line 153.
LaTeX Font Info:    Checking defaults for U/ntxexa/m/n on input line 153.
LaTeX Font Info:    Trying to load font information for U+ntxexa on input line 153.
 (/usr/local/texlive/2025/texmf-dist/tex/latex/newtx/untxexa.fd
File: untxexa.fd 2012/04/16 Fontinst v1.933 font definitions for U/ntxexa.
)
LaTeX Font Info:    ... okay on input line 153.
LaTeX Font Info:    Checking defaults for LY1/ptm/m/n on input line 153.
LaTeX Font Info:    Trying to load font information for LY1+ptm on input line 153.
 (/usr/local/texlive/2025/texmf-dist/tex/latex/ly1/ly1ptm.fd
File: ly1ptm.fd 2001/02/01 font definitions for LY1/ptm using Berry names.
)
LaTeX Font Info:    ... okay on input line 153.
LaTeX Font Info:    Checking defaults for LMS/ntxsy/m/n on input line 153.
LaTeX Font Info:    Trying to load font information for LMS+ntxsy on input line 153.
 (/usr/local/texlive/2025/texmf-dist/tex/latex/newtx/lmsntxsy.fd
File: lmsntxsy.fd 2016/07/02 Fontinst v1.933 font definitions for LMS/ntxsy.
)
LaTeX Font Info:    ... okay on input line 153.
LaTeX Font Info:    Checking defaults for LMX/ntxexx/m/n on input line 153.
LaTeX Font Info:    Trying to load font information for LMX+ntxexx on input line 153.
 (/usr/local/texlive/2025/texmf-dist/tex/latex/newtx/lmxntxexx.fd
File: lmxntxexx.fd 2016/07/03 Fontinst v1.933 font definitions for LMX/ntxexx.
)
LaTeX Font Info:    ... okay on input line 153.
LaTeX Font Info:    Checking defaults for PD1/pdf/m/n on input line 153.
LaTeX Font Info:    ... okay on input line 153.
LaTeX Font Info:    Checking defaults for PU/pdf/m/n on input line 153.
LaTeX Font Info:    ... okay on input line 153.
\c@mv@tabular=\count439
\c@mv@boldtabular=\count440
LaTeX Info: Command `\dddot' is already robust on input line 153.
LaTeX Info: Command `\ddddot' is already robust on input line 153.
 (/usr/local/texlive/2025/texmf-dist/tex/context/base/mkii/supp-pdf.mkii
[Loading MPS to PDF converter (version 2006.09.02).]
\scratchcounter=\count441
\scratchdimen=\dimen367
\scratchbox=\box86
\nofMPsegments=\count442
\nofMParguments=\count443
\everyMPshowfont=\toks79
\MPscratchCnt=\count444
\MPscratchDim=\dimen368
\MPnumerator=\count445
\makeMPintoPDFobject=\count446
\everyMPtoPDFconversion=\toks80
) (/usr/local/texlive/2025/texmf-dist/tex/latex/epstopdf-pkg/epstopdf-base.sty
Package: epstopdf-base 2020-01-24 v2.11 Base part for package epstopdf
Package epstopdf-base Info: Redefining graphics rule for `.eps' on input line 485.
 (/usr/local/texlive/2025/texmf-dist/tex/latex/latexconfig/epstopdf-sys.cfg
File: epstopdf-sys.cfg 2010/07/13 v1.3 Configuration of (r)epstopdf for TeX Live
))
LaTeX Info: Redefining \microtypecontext on input line 153.
Package microtype Info: Applying patch `item' on input line 153.
Package microtype Info: Applying patch `toc' on input line 153.
Package microtype Info: Applying patch `eqnum' on input line 153.
Package microtype Info: Applying patch `footnote' on input line 153.
Package microtype Info: Applying patch `verbatim' on input line 153.
LaTeX Info: Redefining \microtypesetup on input line 153.
Package microtype Info: Generating PDF output.
Package microtype Info: Character protrusion enabled (level 2).
Package microtype Info: Using default protrusion set `alltext'.
Package microtype Info: Automatic font expansion enabled (level 2),
(microtype)             stretch: 20, shrink: 20, step: 1, non-selected.
Package microtype Info: Using default expansion set `alltext-nott'.
LaTeX Info: Redefining \showhyphens on input line 153.
Package microtype Info: No adjustment of tracking.
Package microtype Info: No adjustment of interword spacing.
Package microtype Info: No adjustment of character kerning.
Package microtype Info: Loading generic protrusion settings for font family
(microtype)             `TeXGyreScholaX-OsF' (encoding: T1).
(microtype)             For optimal results, create family-specific settings.
(microtype)             See the microtype manual for details.
Package soulpos Info: Loading soulutf8 on input line 153.
 (/usr/local/texlive/2025/texmf-dist/tex/generic/soul/soulutf8.sty
Package: soulutf8 2023-06-14 v3.1 Permit use of UTF-8 characters in soul (HO)


Package soulutf8 Warning: This package is obsolete,
(soulutf8)                use the soul package directly. 
(soulutf8)                 on input line 29.

) (/usr/local/texlive/2025/texmf-dist/tex/generic/soul/soul.sty
Package: soul 2023-06-14 v3.1 Permit use of UTF-8 characters in soul (HO)
 (/usr/local/texlive/2025/texmf-dist/tex/generic/soul/soul-ori.sty
Package: soul-ori 2023-06-14 v3.1 letterspacing/underlining (mf)


/usr/local/texlive/2025/texmf-dist/tex/generic/soul/soul-ori.sty:98: LaTeX Error: Command \st already defined.
               Or name \end... illegal, see p.192 of the manual.

See the LaTeX manual or LaTeX Companion for explanation.
Type  H <return>  for immediate help.
 ...                                              
                                                  
l.98     \newcommand*\st{}
                          
Your command was ignored.
Type  I <command> <return>  to replace it with another command,
or  <return>  to continue without it.

\SOUL@word=\toks81
\SOUL@lasttoken=\toks82
\SOUL@syllable=\toks83
\SOUL@cmds=\toks84
\SOUL@buffer=\toks85
\SOUL@token=\toks86
\SOUL@syllgoal=\dimen369
\SOUL@syllwidth=\dimen370
\SOUL@charkern=\dimen371
\SOUL@hyphkern=\dimen372
\SOUL@dimen=\dimen373
\SOUL@dimeni=\dimen374
\SOUL@minus=\count447
\SOUL@comma=\count448
\SOUL@apo=\count449
\SOUL@grave=\count450
\SOUL@spaceskip=\skip295
\SOUL@ttwidth=\dimen375
\SOUL@uldp=\dimen376
\SOUL@ulht=\dimen377
))
Package hyperref Info: Link coloring ON on input line 153.
\@outlinefile=\write10
\openout10 = `_main.out'.

Package caption Info: Begin \AtBeginDocument code.
Package caption Info: End \AtBeginDocument code.


Package pgfplots Warning: running in backwards compatibility mode (unsuitable tick labels; missing features). Consider writing \pgfplotsset{compat=1.18} into your preamble.
 on input line 153.

(/usr/local/texlive/2025/texmf-dist/tex/latex/fmtcount/fc-english.def
File: fc-english.def 2016/01/12
)
*geometry* driver: auto-detecting
*geometry* detected driver: pdftex
*geometry* verbose mode - [ preamble ] result:
* driver: pdftex
* paper: <default>
* layout: <same size as paper>
* layoutoffset:(h,v)=(0.0pt,0.0pt)
* modes: twoside 
* h-part:(L,W,R)=(65.04256pt, 484.20988pt, 65.04256pt)
* v-part:(T,H,B)=(65.04256pt, 664.88487pt, 65.04256pt)
* \paperwidth=614.295pt
* \paperheight=794.96999pt
* \textwidth=484.20988pt
* \textheight=664.88487pt
* \oddsidemargin=-7.22743pt
* \evensidemargin=-7.22743pt
* \topmargin=-7.22743pt
* \headheight=0.0pt
* \headsep=30.0pt
* \topskip=11.0pt
* \footskip=27.46295pt
* \marginparwidth=111.0pt
* \marginparsep=7.0pt
* \columnsep=10.0pt
* \skip\footins=12.0pt plus 4.0pt minus 4.0pt
* \hoffset=0.0pt
* \voffset=-28.90755pt
* \mag=1000
* \@twocolumnfalse
* \@twosidetrue
* \@mparswitchtrue
* \@reversemarginfalse
* (1in=72.27pt=25.4mm, 1cm=28.453pt)

LaTeX Font Info:    Font shape `T1/TeXGyreScholaX-OsF/m/n' will be
(Font)              scaled to size 24.88pt on input line 157.
LaTeX Font Info:    Font shape `T1/TeXGyreScholaX-OsF/b/n' will be
(Font)              scaled to size 24.88pt on input line 157.
No file _main.toc.



Class memoir Warning: The material used in the headers is too large
(13.59999pt) for the given head height (0.0pt), it is recommended to
either increase the head height or redesign the header
(in both cases you will find help in the memoir manual). on input line 164.


Overfull \vbox (13.59999pt too high) has occurred while \output is active []

 [1

\openout7 = `_main.upa'.

{/usr/local/texlive/2025/texmf-var/fonts/map/pdftex/updmap/pdftex.map}{/usr/local/texlive/2025/texmf-dist/fonts/enc/dvips/scholax/zcs_2ulndi.enc}]
\openout2 = `orderings-and-functions.aux'.

 (./orderings-and-functions.tex
LaTeX Font Info:    Font shape `T1/TeXGyreScholaX-OsF/m/n' will be
(Font)              scaled to size 17.28pt on input line 1.
LaTeX Font Info:    Trying to load font information for OT1+TeXGyreScholaX-TLF on input line 1.
 (/usr/local/texlive/2025/texmf-dist/tex/latex/scholax/OT1TeXGyreScholaX-TLF.fd
File: OT1TeXGyreScholaX-TLF.fd 2017/07/11 (autoinst) Font definitions for OT1/TeXGyreScholaX-TLF.
)
LaTeX Font Info:    Font shape `OT1/TeXGyreScholaX-TLF/m/n' will be
(Font)              scaled to size 17.28pt on input line 1.
Package microtype Info: Loading generic protrusion settings for font family
(microtype)             `TeXGyreScholaX-TLF' (encoding: OT1).
(microtype)             For optimal results, create family-specific settings.
(microtype)             See the microtype manual for details.
LaTeX Font Info:    Font shape `OT1/TeXGyreScholaX-TLF/m/n' will be
(Font)              scaled to size 12.5pt on input line 1.
LaTeX Font Info:    Font shape `OT1/TeXGyreScholaX-TLF/m/n' will be
(Font)              scaled to size 9.4pt on input line 1.
LaTeX Font Info:    Font shape `OML/zncfmi/m/it' will be
(Font)              scaled to size 18.57594pt on input line 1.
LaTeX Font Info:    Font shape `OML/zncfmi/m/it' will be
(Font)              scaled to size 13.43745pt on input line 1.
LaTeX Font Info:    Font shape `OML/zncfmi/m/it' will be
(Font)              scaled to size 10.10495pt on input line 1.
LaTeX Font Info:    Font shape `LMS/ntxsy/m/n' will be
(Font)              scaled to size 18.57594pt on input line 1.
LaTeX Font Info:    Font shape `LMS/ntxsy/m/n' will be
(Font)              scaled to size 13.43745pt on input line 1.
LaTeX Font Info:    Font shape `LMS/ntxsy/m/n' will be
(Font)              scaled to size 10.10495pt on input line 1.
LaTeX Font Info:    Font shape `LMX/ntxexx/m/n' will be
(Font)              scaled to size 18.57594pt on input line 1.
LaTeX Font Info:    Font shape `LMX/ntxexx/m/n' will be
(Font)              scaled to size 13.43745pt on input line 1.
LaTeX Font Info:    Font shape `LMX/ntxexx/m/n' will be
(Font)              scaled to size 10.10495pt on input line 1.
LaTeX Font Info:    Trying to load font information for U+ntxmia on input line 1.
 (/usr/local/texlive/2025/texmf-dist/tex/latex/newtx/untxmia.fd
File: untxmia.fd 2024/04/09 Fontinst v1.933 font definitions for U/ntxmia.
)
LaTeX Font Info:    Font shape `U/ntxmia/m/it' will be
(Font)              scaled to size 18.57594pt on input line 1.
LaTeX Font Info:    Font shape `U/ntxmia/m/it' will be
(Font)              scaled to size 13.43745pt on input line 1.
LaTeX Font Info:    Font shape `U/ntxmia/m/it' will be
(Font)              scaled to size 10.10495pt on input line 1.
LaTeX Font Info:    Trying to load font information for U+ntxsym on input line 1.
 (/usr/local/texlive/2025/texmf-dist/tex/latex/newtx/untxsym.fd
File: untxsym.fd 2023/08/16 Fontinst v1.933 font definitions for U/ntxsym.
)
LaTeX Font Info:    Font shape `U/ntxsym/m/n' will be
(Font)              scaled to size 18.57594pt on input line 1.
LaTeX Font Info:    Font shape `U/ntxsym/m/n' will be
(Font)              scaled to size 13.43745pt on input line 1.
LaTeX Font Info:    Font shape `U/ntxsym/m/n' will be
(Font)              scaled to size 10.10495pt on input line 1.
LaTeX Font Info:    Trying to load font information for U+ntxsyc on input line 1.
 (/usr/local/texlive/2025/texmf-dist/tex/latex/newtx/untxsyc.fd
File: untxsyc.fd 2012/04/12 Fontinst v1.933 font definitions for U/ntxsyc.
)
LaTeX Font Info:    Font shape `U/ntxsyc/m/n' will be
(Font)              scaled to size 18.57594pt on input line 1.
LaTeX Font Info:    Font shape `U/ntxsyc/m/n' will be
(Font)              scaled to size 13.43745pt on input line 1.
LaTeX Font Info:    Font shape `U/ntxsyc/m/n' will be
(Font)              scaled to size 10.10495pt on input line 1.
LaTeX Font Info:    Font shape `U/ntxexa/m/n' will be
(Font)              scaled to size 18.57594pt on input line 1.
LaTeX Font Info:    Font shape `U/ntxexa/m/n' will be
(Font)              scaled to size 13.43745pt on input line 1.
LaTeX Font Info:    Font shape `U/ntxexa/m/n' will be
(Font)              scaled to size 10.10495pt on input line 1.
LaTeX Font Info:    Trying to load font information for U+msa on input line 1.
 (/usr/local/texlive/2025/texmf-dist/tex/latex/amsfonts/umsa.fd
File: umsa.fd 2013/01/14 v3.01 AMS symbols A
) (/usr/local/texlive/2025/texmf-dist/tex/latex/microtype/mt-msa.cfg
File: mt-msa.cfg 2006/02/04 v1.1 microtype config. file: AMS symbols (a) (RS)
)
LaTeX Font Info:    Trying to load font information for U+msb on input line 1.
 (/usr/local/texlive/2025/texmf-dist/tex/latex/amsfonts/umsb.fd
File: umsb.fd 2013/01/14 v3.01 AMS symbols B
) (/usr/local/texlive/2025/texmf-dist/tex/latex/microtype/mt-msb.cfg
File: mt-msb.cfg 2005/06/01 v1.0 microtype config. file: AMS symbols (b) (RS)
)
LaTeX Font Info:    Trying to load font information for U+rsfs on input line 1.
 (/usr/local/texlive/2025/texmf-dist/tex/latex/jknapltx/ursfs.fd
File: ursfs.fd 1998/03/24 rsfs font definition file (jk)
)
LaTeX Font Info:    Font shape `OT1/TeXGyreScholaX-TLF/b/n' will be
(Font)              scaled to size 17.28pt on input line 1.
LaTeX Font Info:    Font shape `OT1/TeXGyreScholaX-TLF/b/n' will be
(Font)              scaled to size 12.5pt on input line 1.
LaTeX Font Info:    Font shape `OT1/TeXGyreScholaX-TLF/b/n' will be
(Font)              scaled to size 9.4pt on input line 1.
LaTeX Font Info:    Font shape `OML/zncfmi/b/it' will be
(Font)              scaled to size 18.57594pt on input line 1.
LaTeX Font Info:    Font shape `OML/zncfmi/b/it' will be
(Font)              scaled to size 13.43745pt on input line 1.
LaTeX Font Info:    Font shape `OML/zncfmi/b/it' will be
(Font)              scaled to size 10.10495pt on input line 1.
LaTeX Font Info:    Font shape `LMS/ntxsy/b/n' will be
(Font)              scaled to size 18.57594pt on input line 1.
LaTeX Font Info:    Font shape `LMS/ntxsy/b/n' will be
(Font)              scaled to size 13.43745pt on input line 1.
LaTeX Font Info:    Font shape `LMS/ntxsy/b/n' will be
(Font)              scaled to size 10.10495pt on input line 1.
LaTeX Font Info:    Font shape `LMX/ntxexx/b/n' will be
(Font)              scaled to size 18.57594pt on input line 1.
LaTeX Font Info:    Font shape `LMX/ntxexx/b/n' will be
(Font)              scaled to size 13.43745pt on input line 1.
LaTeX Font Info:    Font shape `LMX/ntxexx/b/n' will be
(Font)              scaled to size 10.10495pt on input line 1.
LaTeX Font Info:    Font shape `T1/TeXGyreScholaX-OsF/m/n' will be
(Font)              scaled to size 14.4pt on input line 6.
LaTeX Font Info:    Font shape `T1/TeXGyreScholaX-OsF/b/n' will be
(Font)              scaled to size 14.4pt on input line 6.
LaTeX Font Info:    Font shape `T1/TeXGyreScholaX-OsF/b/n' will be
(Font)              scaled to size 10.95pt on input line 8.
Package hyperref Info: bookmark level for unknown definition defaults to 0 on input line 8.
LaTeX Font Info:    Font shape `T1/TeXGyreScholaX-OsF/m/it' will be
(Font)              scaled to size 10.95pt on input line 10.
LaTeX Font Info:    Font shape `OT1/TeXGyreScholaX-TLF/m/n' will be
(Font)              scaled to size 10.95pt on input line 10.
LaTeX Font Info:    Font shape `OT1/TeXGyreScholaX-TLF/m/n' will be
(Font)              scaled to size 8.0pt on input line 10.
LaTeX Font Info:    Font shape `OT1/TeXGyreScholaX-TLF/m/n' will be
(Font)              scaled to size 6.1pt on input line 10.
LaTeX Font Info:    Font shape `OML/zncfmi/m/it' will be
(Font)              scaled to size 11.77121pt on input line 10.
LaTeX Font Info:    Font shape `OML/zncfmi/m/it' will be
(Font)              scaled to size 8.59998pt on input line 10.
LaTeX Font Info:    Font shape `OML/zncfmi/m/it' will be
(Font)              scaled to size 6.55748pt on input line 10.
LaTeX Font Info:    Font shape `LMS/ntxsy/m/n' will be
(Font)              scaled to size 11.77121pt on input line 10.
LaTeX Font Info:    Font shape `LMS/ntxsy/m/n' will be
(Font)              scaled to size 8.59998pt on input line 10.
LaTeX Font Info:    Font shape `LMS/ntxsy/m/n' will be
(Font)              scaled to size 6.55748pt on input line 10.
LaTeX Font Info:    Font shape `LMX/ntxexx/m/n' will be
(Font)              scaled to size 11.77121pt on input line 10.
LaTeX Font Info:    Font shape `LMX/ntxexx/m/n' will be
(Font)              scaled to size 8.59998pt on input line 10.
LaTeX Font Info:    Font shape `LMX/ntxexx/m/n' will be
(Font)              scaled to size 6.55748pt on input line 10.
LaTeX Font Info:    Font shape `U/ntxmia/m/it' will be
(Font)              scaled to size 11.77121pt on input line 10.
LaTeX Font Info:    Font shape `U/ntxmia/m/it' will be
(Font)              scaled to size 8.59998pt on input line 10.
LaTeX Font Info:    Font shape `U/ntxmia/m/it' will be
(Font)              scaled to size 6.55748pt on input line 10.
LaTeX Font Info:    Font shape `U/ntxsym/m/n' will be
(Font)              scaled to size 11.77121pt on input line 10.
LaTeX Font Info:    Font shape `U/ntxsym/m/n' will be
(Font)              scaled to size 8.59998pt on input line 10.
LaTeX Font Info:    Font shape `U/ntxsym/m/n' will be
(Font)              scaled to size 6.55748pt on input line 10.
LaTeX Font Info:    Font shape `U/ntxsyc/m/n' will be
(Font)              scaled to size 11.77121pt on input line 10.
LaTeX Font Info:    Font shape `U/ntxsyc/m/n' will be
(Font)              scaled to size 8.59998pt on input line 10.
LaTeX Font Info:    Font shape `U/ntxsyc/m/n' will be
(Font)              scaled to size 6.55748pt on input line 10.
LaTeX Font Info:    Font shape `U/ntxexa/m/n' will be
(Font)              scaled to size 11.77121pt on input line 10.
LaTeX Font Info:    Font shape `U/ntxexa/m/n' will be
(Font)              scaled to size 8.59998pt on input line 10.
LaTeX Font Info:    Font shape `U/ntxexa/m/n' will be
(Font)              scaled to size 6.55748pt on input line 10.
LaTeX Font Info:    Font shape `OT1/TeXGyreScholaX-TLF/b/n' will be
(Font)              scaled to size 10.95pt on input line 10.
LaTeX Font Info:    Font shape `OT1/TeXGyreScholaX-TLF/b/n' will be
(Font)              scaled to size 8.0pt on input line 10.
LaTeX Font Info:    Font shape `OT1/TeXGyreScholaX-TLF/b/n' will be
(Font)              scaled to size 6.1pt on input line 10.
LaTeX Font Info:    Font shape `OML/zncfmi/b/it' will be
(Font)              scaled to size 11.77121pt on input line 10.
LaTeX Font Info:    Font shape `OML/zncfmi/b/it' will be
(Font)              scaled to size 8.59998pt on input line 10.
LaTeX Font Info:    Font shape `OML/zncfmi/b/it' will be
(Font)              scaled to size 6.55748pt on input line 10.
LaTeX Font Info:    Font shape `LMS/ntxsy/b/n' will be
(Font)              scaled to size 11.77121pt on input line 10.
LaTeX Font Info:    Font shape `LMS/ntxsy/b/n' will be
(Font)              scaled to size 8.59998pt on input line 10.
LaTeX Font Info:    Font shape `LMS/ntxsy/b/n' will be
(Font)              scaled to size 6.55748pt on input line 10.
LaTeX Font Info:    Font shape `LMX/ntxexx/b/n' will be
(Font)              scaled to size 11.77121pt on input line 10.
LaTeX Font Info:    Font shape `LMX/ntxexx/b/n' will be
(Font)              scaled to size 8.59998pt on input line 10.
LaTeX Font Info:    Font shape `LMX/ntxexx/b/n' will be
(Font)              scaled to size 6.55748pt on input line 10.
Package hyperref Info: bookmark level for unknown example defaults to 0 on input line 19.



Overfull \vbox (13.59999pt too high) has occurred while \output is active []

 [1


{/usr/local/texlive/2025/texmf-dist/fonts/enc/dvips/scholax/zcs_fn6vum.enc}
pdfTeX warning (ext4): destination with the same identifier (name{definition.1}) has been already used, duplicate ignored
<argument> ...shipout:D \box_use:N \l_shipout_box 
                                                  \__shipout_drop_firstpage_...
l.50             \item L
                        et $S$ be any set. The subsets of $S$ (i.e., element...
pdfTeX warning (ext4): destination with the same identifier (name{example.1}) has been already used, duplicate ignored
<argument> ...shipout:D \box_use:N \l_shipout_box 
                                                  \__shipout_drop_firstpage_...
l.50             \item L
                        et $S$ be any set. The subsets of $S$ (i.e., element...]

Package marginnote Warning: Consecutive odd pages found.
(marginnote)                Note, it is not recommended to use consecutive
(marginnote)                odd pages in a double-ended document.
(marginnote)                The pages of your document should always
(marginnote)                be a sequence: odd-even-odd-even-...
(marginnote)                Maybe you've forgotten a \cleardoublepage before
(marginnote)                changing the page numbering on page 1.

Package marginnote Info: Using workaround for absolute page number on input line 50.

pdfTeX warning (ext4): destination with the same identifier (name{definition.2}) has been already used, duplicate ignored
<to be read again> 
                   \relax 
l.56         A
              n ordered set $(A, \leq_R)$ is \textui{total} (or \textui{line...
pdfTeX warning (ext4): destination with the same identifier (name{definition.3}) has been already used, duplicate ignored
<to be read again> 
                   \relax 
l.64         L
              et $(X,\leq)$ be an ordered set. Let $A \subseteq X$.
LaTeX Font Info:    Font shape `T1/TeXGyreScholaX-OsF/m/n' will be
(Font)              scaled to size 8.0pt on input line 70.
LaTeX Font Info:    Font shape `T1/TeXGyreScholaX-OsF/m/n' will be
(Font)              scaled to size 6.1pt on input line 70.
Package hyperref Info: bookmark level for unknown proposition defaults to 0 on input line 79.


LaTeX Font Info:    Font shape `T1/TeXGyreScholaX-OsF/m/n' will be
(Font)              scaled to size 7.0pt on input line 84.

Package fancyhdr Warning: \headheight is too small (0.0pt): 
(fancyhdr)                Make it at least 8.0pt, for example:
(fancyhdr)                \setlength{\headheight}{8.0pt}.
(fancyhdr)                You might also make \topmargin smaller:
(fancyhdr)                \addtolength{\topmargin}{-8.0pt}.

LaTeX Font Info:    Font shape `T1/TeXGyreScholaX-OsF/m/n' will be
(Font)              scaled to size 9.0pt on input line 84.
[2]
Package hyperref Info: bookmark level for unknown lemma defaults to 0 on input line 93.
LaTeX Font Info:    Trying to load font information for TS1+TeXGyreScholaX-OsF on input line 100.
 (/usr/local/texlive/2025/texmf-dist/tex/latex/scholax/TS1TeXGyreScholaX-OsF.fd
File: TS1TeXGyreScholaX-OsF.fd 2017/07/11 (autoinst) Font definitions for TS1/TeXGyreScholaX-OsF.
)
LaTeX Font Info:    Font shape `TS1/TeXGyreScholaX-OsF/m/n' will be
(Font)              scaled to size 10.95pt on input line 100.
Package microtype Info: Loading generic protrusion settings for font family
(microtype)             `TeXGyreScholaX-OsF' (encoding: TS1).
(microtype)             For optimal results, create family-specific settings.
(microtype)             See the microtype manual for details.

pdfTeX warning (ext4): destination with the same identifier (name{definition.4}) has been already used, duplicate ignored
<to be read again> 
                   \relax 
l.108         L
               et $(X,\leq)$ be an ordered set and $A \subseteq X$. If $A$ i...
pdfTeX warning (ext4): destination with the same identifier (name{definition.1}) has been already used, duplicate ignored
<to be read again> 
                   \relax 
l.117         L
               et $X$ and $Y$ be sets. A \textui{function} from $X$ to $Y$ i...
pdfTeX warning (ext4): destination with the same identifier (name{example.1}) has been already used, duplicate ignored
<to be read again> 
                   \relax 
l.129         L
               et $X$ be a set.


Package fancyhdr Warning: \headheight is too small (0.0pt): 
(fancyhdr)                Make it at least 8.0pt, for example:
(fancyhdr)                \setlength{\headheight}{8.0pt}.
(fancyhdr)                You might also make \topmargin smaller:
(fancyhdr)                \addtolength{\topmargin}{-8.0pt}.

[3{/usr/local/texlive/2025/texmf-dist/fonts/enc/dvips/scholax/zcs_72zhkj.enc}]
pdfTeX warning (ext4): destination with the same identifier (name{definition.2}) has been already used, duplicate ignored
<to be read again> 
                   \relax 
l.145         G
               iven $f,g : X \rightarrow \bfR$ and $\alpha \in \bfR$, the \t...
pdfTeX warning (ext4): destination with the same identifier (name{definition.3}) has been already used, duplicate ignored
<to be read again> 
                   \relax 
l.155         L
               et $f:X \rightarrow Y$ and $g: Y \rightarrow Z$ be maps betwe...
pdfTeX warning (ext4): destination with the same identifier (name{definition.4}) has been already used, duplicate ignored
<to be read again> 
                   \relax 
l.164         L
               et $f:X \rightarrow Y$ be a map between sets.
pdfTeX warning (ext4): destination with the same identifier (name{example.2}) has been already used, duplicate ignored
<to be read again> 
                   \relax 
l.173         T
               he \textit{shift function} is a map $s: \bfN \rightarrow \bfN...
pdfTeX warning (ext4): destination with the same identifier (name{example.3}) has been already used, duplicate ignored
<to be read again> 
                   \relax 
l.193         T
               he function $g$ defined above is right invertible, but not le...
pdfTeX warning (ext4): destination with the same identifier (name{proposition.1}) has been already used, duplicate ignored
<to be read again> 
                   \relax 
l.197         L
               et $f:X \rightarrow Y$ be a map between sets. The following a...


Package fancyhdr Warning: \headheight is too small (0.0pt): 
(fancyhdr)                Make it at least 8.0pt, for example:
(fancyhdr)                \setlength{\headheight}{8.0pt}.
(fancyhdr)                You might also make \topmargin smaller:
(fancyhdr)                \addtolength{\topmargin}{-8.0pt}.

[4]
pdfTeX warning (ext4): destination with the same identifier (name{definition.5}) has been already used, duplicate ignored
<to be read again> 
                   \relax 
l.218         L
               et $f:X \rightarrow Y$ be a map between sets.
Package hyperref Info: bookmark level for unknown corollary defaults to 0 on input line 251.

pdfTeX warning (ext4): destination with the same identifier (name{definition.1}) has been already used, duplicate ignored
<to be read again> 
                   \relax 
l.259             L
                   et $A,B$ be sets. Then $\card(A) = \card(B)$ if there exi...


Package fancyhdr Warning: \headheight is too small (0.0pt): 
(fancyhdr)                Make it at least 8.0pt, for example:
(fancyhdr)                \setlength{\headheight}{8.0pt}.
(fancyhdr)                You might also make \topmargin smaller:
(fancyhdr)                \addtolength{\topmargin}{-8.0pt}.

[5]
pdfTeX warning (ext4): destination with the same identifier (name{example.1}) has been already used, duplicate ignored
<to be read again> 
                   \relax 
l.263             \phantom{a}
                             
pdfTeX warning (ext4): destination with the same identifier (name{definition.2}) has been already used, duplicate ignored
<to be read again> 
                   \relax 
l.296             A
                    set $A$ is called \textui{finite} if there exists an $N ...
Overfull \hbox (10.41133pt too wide) in paragraph at lines 296--297
[][]\T1/TeXGyreScholaX-OsF/b/n/10.95 (-20) Definition 1.4.2. []\T1/TeXGyreScholaX-OsF/m/n/10.95 (-20) A set $\OML/zncfmi/m/it/10.95 A$ \T1/TeXGyreScholaX-OsF/m/n/10.95 (-20) is called |   [] if there ex-ists an $\OML/zncfmi/m/it/10.95 N \LMS/ntxsy/m/n/10.95 2 \OT1/TeXGyreScholaX-TLF/b/n/10.95 N$ \T1/TeXGyreScholaX-OsF/m/n/10.95 (-20) such that $[]\LMS/ntxsy/m/n/10.95 ¹\OML/zncfmi/m/it/10.95 A\LMS/ntxsy/m/n/10.95 º \U/ntxmia/m/it/10.95 = []\LMS/ntxsy/m/n/10.95 ¹f\OT1/TeXGyreScholaX-TLF/m/n/10.95 1\OML/zncfmi/m/it/10.95 ; :::; N\LMS/ntxsy/m/n/10.95 gº$\T1/TeXGyreScholaX-OsF/m/n/10.95 (-20) .
 []


pdfTeX warning (ext4): destination with the same identifier (name{proposition.1}) has been already used, duplicate ignored
<to be read again> 
                   \relax 
l.300             G
                   iven $m,n \in \bfN$, $m \neq n$, then $\card(\{1,...,m\})...
pdfTeX warning (ext4): destination with the same identifier (name{proposition.2}) has been already used, duplicate ignored
<to be read again> 
                   \relax 
l.307             $
                   \bfN$ is infinite.

LaTeX Warning: Reference `prop:card-pigeon-hole' on page 6 undefined on input line 310.

Package hyperref Info: bookmark level for unknown exercise defaults to 0 on input line 313.



Package fancyhdr Warning: \headheight is too small (0.0pt): 
(fancyhdr)                Make it at least 8.0pt, for example:
(fancyhdr)                \setlength{\headheight}{8.0pt}.
(fancyhdr)                You might also make \topmargin smaller:
(fancyhdr)                \addtolength{\topmargin}{-8.0pt}.

[6]
pdfTeX warning (ext4): destination with the same identifier (name{example.2}) has been already used, duplicate ignored
<to be read again> 
                   \relax 
l.321                 D
                       efine $k:\bfZ \rightarrow \bfN$ by $k(n) = (-1)^{n-1}...
pdfTeX warning (ext4): destination with the same identifier (name{definition.3}) has been already used, duplicate ignored
<to be read again> 
                   \relax 
l.325         L
               et $X$ and $Y$ be sets.

LaTeX Warning: Reference `example:examples-of-functions' on page 7 undefined on input line 344.

Package hyperref Info: bookmark level for unknown theorem defaults to 0 on input line 354.



Package fancyhdr Warning: \headheight is too small (0.0pt): 
(fancyhdr)                Make it at least 8.0pt, for example:
(fancyhdr)                \setlength{\headheight}{8.0pt}.
(fancyhdr)                You might also make \topmargin smaller:
(fancyhdr)                \addtolength{\topmargin}{-8.0pt}.

[7]

LaTeX Warning: Reference `example:examples-of-cardiality' on page 8 undefined on input line 393.


pdfTeX warning (ext4): destination with the same identifier (name{definition.4}) has been already used, duplicate ignored
<to be read again> 
                   \relax 
l.397         L
               et $A$ and $B$ be sets.
pdfTeX warning (ext4): destination with the same identifier (name{example.3}) has been already used, duplicate ignored
<to be read again> 
                   \relax 
l.405         \phantom{a}
                         


Package fancyhdr Warning: \headheight is too small (0.0pt): 
(fancyhdr)                Make it at least 8.0pt, for example:
(fancyhdr)                \setlength{\headheight}{8.0pt}.
(fancyhdr)                You might also make \topmargin smaller:
(fancyhdr)                \addtolength{\topmargin}{-8.0pt}.

[8]

LaTeX Warning: Reference `example:more-cardinality-examples' on page 9 undefined on input line 435.


LaTeX Warning: Reference `lemma:zorns' on page 9 undefined on input line 469.




Package fancyhdr Warning: \headheight is too small (0.0pt): 
(fancyhdr)                Make it at least 8.0pt, for example:
(fancyhdr)                \setlength{\headheight}{8.0pt}.
(fancyhdr)                You might also make \topmargin smaller:
(fancyhdr)                \addtolength{\topmargin}{-8.0pt}.

[9]

LaTeX Warning: Reference `example:n-z-q' on page 10 undefined on input line 483.


LaTeX Warning: Reference `thm:cardinal-orderings' on page 10 undefined on input line 483.


pdfTeX warning (ext4): destination with the same identifier (name{definition.5}) has been already used, duplicate ignored
<to be read again> 
                   \relax 
l.487         A
                set $A$ is \textui{countable} if $\card(A) \leq \card(\bfN)$...

LaTeX Warning: Reference `thm:cantors-diagonal' on page 10 undefined on input line 495.


LaTeX Warning: Reference `exercise:infinite-implies-injection' on page 10 undefined on input line 502.


LaTeX Warning: Reference `thm:cardinal-orderings' on page 10 undefined on input line 502.


LaTeX Warning: Reference `thm:cardinal-orderings' on page 10 undefined on input line 527.




Package fancyhdr Warning: \headheight is too small (0.0pt): 
(fancyhdr)                Make it at least 8.0pt, for example:
(fancyhdr)                \setlength{\headheight}{8.0pt}.
(fancyhdr)                You might also make \topmargin smaller:
(fancyhdr)                \addtolength{\topmargin}{-8.0pt}.

[10]
LaTeX Font Info:    Font shape `OT1/TeXGyreScholaX-TLF/m/n' will be
(Font)              scaled to size 7.3pt on input line 551.
LaTeX Font Info:    Font shape `OML/zncfmi/m/it' will be
(Font)              scaled to size 7.84747pt on input line 551.
LaTeX Font Info:    Font shape `LMS/ntxsy/m/n' will be
(Font)              scaled to size 7.84747pt on input line 551.
LaTeX Font Info:    Font shape `LMX/ntxexx/m/n' will be
(Font)              scaled to size 7.84747pt on input line 551.
LaTeX Font Info:    Font shape `U/ntxmia/m/it' will be
(Font)              scaled to size 7.84747pt on input line 551.
LaTeX Font Info:    Font shape `U/ntxsym/m/n' will be
(Font)              scaled to size 7.84747pt on input line 551.
LaTeX Font Info:    Font shape `U/ntxsyc/m/n' will be
(Font)              scaled to size 7.84747pt on input line 551.
LaTeX Font Info:    Font shape `U/ntxexa/m/n' will be
(Font)              scaled to size 7.84747pt on input line 551.
LaTeX Font Info:    Font shape `OT1/TeXGyreScholaX-TLF/b/n' will be
(Font)              scaled to size 7.3pt on input line 551.
LaTeX Font Info:    Font shape `OML/zncfmi/b/it' will be
(Font)              scaled to size 7.84747pt on input line 551.
LaTeX Font Info:    Font shape `LMS/ntxsy/b/n' will be
(Font)              scaled to size 7.84747pt on input line 551.
LaTeX Font Info:    Font shape `LMX/ntxexx/b/n' will be
(Font)              scaled to size 7.84747pt on input line 551.

Underfull \vbox (badness 10000) has occurred while \output is active []




Package fancyhdr Warning: \headheight is too small (0.0pt): 
(fancyhdr)                Make it at least 8.0pt, for example:
(fancyhdr)                \setlength{\headheight}{8.0pt}.
(fancyhdr)                You might also make \topmargin smaller:
(fancyhdr)                \addtolength{\topmargin}{-8.0pt}.

[11]

LaTeX Warning: Reference `lemma:1' on page 12 undefined on input line 581.


LaTeX Warning: Reference `lemma:2' on page 12 undefined on input line 581.


LaTeX Warning: Reference `lemma:3' on page 12 undefined on input line 581.

)


Package fancyhdr Warning: \headheight is too small (0.0pt): 
(fancyhdr)                Make it at least 8.0pt, for example:
(fancyhdr)                \setlength{\headheight}{8.0pt}.
(fancyhdr)                You might also make \topmargin smaller:
(fancyhdr)                \addtolength{\topmargin}{-8.0pt}.

[12]
\openout2 = `ordered-fields.aux'.

 (./ordered-fields.tex
LaTeX Font Info:    Font shape `OT1/TeXGyreScholaX-TLF/m/n' will be
(Font)              scaled to size 14.4pt on input line 4.
LaTeX Font Info:    Font shape `OT1/TeXGyreScholaX-TLF/m/n' will be
(Font)              scaled to size 10.5pt on input line 4.
LaTeX Font Info:    Font shape `OT1/TeXGyreScholaX-TLF/m/n' will be
(Font)              scaled to size 7.9pt on input line 4.
LaTeX Font Info:    Font shape `OML/zncfmi/m/it' will be
(Font)              scaled to size 15.47993pt on input line 4.
LaTeX Font Info:    Font shape `OML/zncfmi/m/it' will be
(Font)              scaled to size 11.28746pt on input line 4.
LaTeX Font Info:    Font shape `OML/zncfmi/m/it' will be
(Font)              scaled to size 8.49246pt on input line 4.
LaTeX Font Info:    Font shape `LMS/ntxsy/m/n' will be
(Font)              scaled to size 15.47993pt on input line 4.
LaTeX Font Info:    Font shape `LMS/ntxsy/m/n' will be
(Font)              scaled to size 11.28746pt on input line 4.
LaTeX Font Info:    Font shape `LMS/ntxsy/m/n' will be
(Font)              scaled to size 8.49246pt on input line 4.
LaTeX Font Info:    Font shape `LMX/ntxexx/m/n' will be
(Font)              scaled to size 15.47993pt on input line 4.
LaTeX Font Info:    Font shape `LMX/ntxexx/m/n' will be
(Font)              scaled to size 11.28746pt on input line 4.
LaTeX Font Info:    Font shape `LMX/ntxexx/m/n' will be
(Font)              scaled to size 8.49246pt on input line 4.
LaTeX Font Info:    Font shape `U/ntxmia/m/it' will be
(Font)              scaled to size 15.47993pt on input line 4.
LaTeX Font Info:    Font shape `U/ntxmia/m/it' will be
(Font)              scaled to size 11.28746pt on input line 4.
LaTeX Font Info:    Font shape `U/ntxmia/m/it' will be
(Font)              scaled to size 8.49246pt on input line 4.
LaTeX Font Info:    Font shape `U/ntxsym/m/n' will be
(Font)              scaled to size 15.47993pt on input line 4.
LaTeX Font Info:    Font shape `U/ntxsym/m/n' will be
(Font)              scaled to size 11.28746pt on input line 4.
LaTeX Font Info:    Font shape `U/ntxsym/m/n' will be
(Font)              scaled to size 8.49246pt on input line 4.
LaTeX Font Info:    Font shape `U/ntxsyc/m/n' will be
(Font)              scaled to size 15.47993pt on input line 4.
LaTeX Font Info:    Font shape `U/ntxsyc/m/n' will be
(Font)              scaled to size 11.28746pt on input line 4.
LaTeX Font Info:    Font shape `U/ntxsyc/m/n' will be
(Font)              scaled to size 8.49246pt on input line 4.
LaTeX Font Info:    Font shape `U/ntxexa/m/n' will be
(Font)              scaled to size 15.47993pt on input line 4.
LaTeX Font Info:    Font shape `U/ntxexa/m/n' will be
(Font)              scaled to size 11.28746pt on input line 4.
LaTeX Font Info:    Font shape `U/ntxexa/m/n' will be
(Font)              scaled to size 8.49246pt on input line 4.
LaTeX Font Info:    Font shape `OT1/TeXGyreScholaX-TLF/b/n' will be
(Font)              scaled to size 14.4pt on input line 4.
LaTeX Font Info:    Font shape `OT1/TeXGyreScholaX-TLF/b/n' will be
(Font)              scaled to size 10.5pt on input line 4.
LaTeX Font Info:    Font shape `OT1/TeXGyreScholaX-TLF/b/n' will be
(Font)              scaled to size 7.9pt on input line 4.
LaTeX Font Info:    Font shape `OML/zncfmi/b/it' will be
(Font)              scaled to size 15.47993pt on input line 4.
LaTeX Font Info:    Font shape `OML/zncfmi/b/it' will be
(Font)              scaled to size 11.28746pt on input line 4.
LaTeX Font Info:    Font shape `OML/zncfmi/b/it' will be
(Font)              scaled to size 8.49246pt on input line 4.
LaTeX Font Info:    Font shape `LMS/ntxsy/b/n' will be
(Font)              scaled to size 15.47993pt on input line 4.
LaTeX Font Info:    Font shape `LMS/ntxsy/b/n' will be
(Font)              scaled to size 11.28746pt on input line 4.
LaTeX Font Info:    Font shape `LMS/ntxsy/b/n' will be
(Font)              scaled to size 8.49246pt on input line 4.
LaTeX Font Info:    Font shape `LMX/ntxexx/b/n' will be
(Font)              scaled to size 15.47993pt on input line 4.
LaTeX Font Info:    Font shape `LMX/ntxexx/b/n' will be
(Font)              scaled to size 11.28746pt on input line 4.
LaTeX Font Info:    Font shape `LMX/ntxexx/b/n' will be
(Font)              scaled to size 8.49246pt on input line 4.


Package hyperref Warning: Token not allowed in a PDF string (Unicode):
(hyperref)                removing `math shift' on input line 4.


Package hyperref Warning: Token not allowed in a PDF string (Unicode):
(hyperref)                removing `\tx@BbbZ' on input line 4.


Package hyperref Warning: Token not allowed in a PDF string (Unicode):
(hyperref)                removing `math shift' on input line 4.


pdfTeX warning (ext4): destination with the same identifier (name{definition.1}) has been already used, duplicate ignored
<to be read again> 
                   \relax 
l.6         D
             efine $\bfZ^+  = \{n \in \bfZ \mid n \geq_a 0\}$, where $\geq_a...

LaTeX Warning: Reference `example:orderings' on page 13 undefined on input line 6.


pdfTeX warning (ext4): destination with the same identifier (name{proposition.1}) has been already used, duplicate ignored
<to be read again> 
                   \relax 
l.15         \phantom{a}
                        

Package hyperref Warning: Token not allowed in a PDF string (Unicode):
(hyperref)                removing `math shift' on input line 32.


Package hyperref Warning: Token not allowed in a PDF string (Unicode):
(hyperref)                removing `\tx@BbbQ' on input line 32.


Package hyperref Warning: Token not allowed in a PDF string (Unicode):
(hyperref)                removing `math shift' on input line 32.


pdfTeX warning (ext4): destination with the same identifier (name{proposition.1}) has been already used, duplicate ignored
<to be read again> 
                   \relax 
l.34         D
              efine $Q := \bfZ \times \bfN$. Show that $\sim$ forms an equiv...
pdfTeX warning (ext4): destination with the same identifier (name{definition.1}) has been already used, duplicate ignored
<to be read again> 
                   \relax 
l.41         T
              he set of equivalence classes of $Q$ is $\bfQ = Q/\sim = \{ [(...
pdfTeX warning (ext4): destination with the same identifier (name{proposition.2}) has been already used, duplicate ignored
<to be read again> 
                   \relax 
l.45         T
              he operations
LaTeX Font Info:    Font shape `T1/TeXGyreScholaX-OsF/m/it' will be
(Font)              scaled to size 8.0pt on input line 50.
LaTeX Font Info:    Font shape `T1/TeXGyreScholaX-OsF/m/it' will be
(Font)              scaled to size 6.1pt on input line 50.



Overfull \vbox (13.59999pt too high) has occurred while \output is active []

 [13




]
pdfTeX warning (ext4): destination with the same identifier (name{lemma.3}) has been already used, duplicate ignored
<to be read again> 
                   \relax 
l.59         T
              here is an injective map $\bfZ \xhookrightarrow{j} \bfQ$ defin...
pdfTeX warning (ext4): destination with the same identifier (name{theorem.4}) has been already used, duplicate ignored
<to be read again> 
                   \relax 
l.74         $
              (\bfQ,\leq_Q)$ is a total ordering, where $\leq_Q$ is a well-d...
pdfTeX warning (ext4): destination with the same identifier (name{definition.2}) has been already used, duplicate ignored
<to be read again> 
                   \relax 
l.81         D
              efine $\bfQ_+ := \{q \in \bfQ \mid q \geq_Q 0\}$ as the \textu...
pdfTeX warning (ext4): destination with the same identifier (name{definition.1}) has been already used, duplicate ignored
<to be read again> 
                   \relax 
l.103         A
                \textui{ring} is a non-empty set $R$ equipped with two binar...


Package fancyhdr Warning: \headheight is too small (0.0pt): 
(fancyhdr)                Make it at least 8.0pt, for example:
(fancyhdr)                \setlength{\headheight}{8.0pt}.
(fancyhdr)                You might also make \topmargin smaller:
(fancyhdr)                \addtolength{\topmargin}{-8.0pt}.

[14]
pdfTeX warning (ext4): destination with the same identifier (name{definition.2}) has been already used, duplicate ignored
<to be read again> 
                   \relax 
l.126         A
                \textui{field} is a commutative division ring.
pdfTeX warning (ext4): destination with the same identifier (name{example.1}) has been already used, duplicate ignored
<to be read again> 
                   \relax 
l.130         \phantom{a}
                         
pdfTeX warning (ext4): destination with the same identifier (name{definition.3}) has been already used, duplicate ignored
<to be read again> 
                   \relax 
l.146         A
               n \textui{ordered field} is a field $F$ equipped with a total...
pdfTeX warning (ext4): destination with the same identifier (name{proposition.1}) has been already used, duplicate ignored
<to be read again> 
                   \relax 
l.155         L
               et $(F,\leq_F)$ be an ordered field.


Package fancyhdr Warning: \headheight is too small (0.0pt): 
(fancyhdr)                Make it at least 8.0pt, for example:
(fancyhdr)                \setlength{\headheight}{8.0pt}.
(fancyhdr)                You might also make \topmargin smaller:
(fancyhdr)                \addtolength{\topmargin}{-8.0pt}.

[15]
pdfTeX warning (ext4): destination with the same identifier (name{example.2}) has been already used, duplicate ignored
<to be read again> 
                   \relax 
l.167         \phantom{a}
                         
pdfTeX warning (ext4): destination with the same identifier (name{proposition.2}) has been already used, duplicate ignored
<to be read again> 
                   \relax 
l.175         L
               et $(F,\leq)$ be an ordered field with $1_F \neq 0_F$.)


Package fancyhdr Warning: \headheight is too small (0.0pt): 
(fancyhdr)                Make it at least 8.0pt, for example:
(fancyhdr)                \setlength{\headheight}{8.0pt}.
(fancyhdr)                You might also make \topmargin smaller:
(fancyhdr)                \addtolength{\topmargin}{-8.0pt}.

[16]
\openout2 = `real-numbers.aux'.

 (./real-numbers.tex

Package hyperref Warning: Token not allowed in a PDF string (Unicode):
(hyperref)                removing `math shift' on input line 4.


Package hyperref Warning: Token not allowed in a PDF string (Unicode):
(hyperref)                removing `\tx@BbbQ' on input line 4.


Package hyperref Warning: Token not allowed in a PDF string (Unicode):
(hyperref)                removing `math shift' on input line 4.


pdfTeX warning (ext4): destination with the same identifier (name{definition.1}) has been already used, duplicate ignored
<to be read again> 
                   \relax 
l.6         A
              \textui{Dedekind cut} is a nonempty subset $D$ of $\bfQ$ with ...
pdfTeX warning (ext4): destination with the same identifier (name{example.1}) has been already used, duplicate ignored
<to be read again> 
                   \relax 
l.15         T
              he following examples are Dedekind cuts:
pdfTeX warning (ext4): destination with the same identifier (name{definition.2}) has been already used, duplicate ignored
<to be read again> 
                   \relax 
l.24         L
              et $C$ and $D$ be Dedekind cuts.

Package hyperref Warning: Token not allowed in a PDF string (Unicode):
(hyperref)                removing `math shift' on input line 28.


Package hyperref Warning: Token not allowed in a PDF string (Unicode):
(hyperref)                removing `\tx@BbbR' on input line 28.


Package hyperref Warning: Token not allowed in a PDF string (Unicode):
(hyperref)                removing `math shift' on input line 28.

Package hyperref Info: bookmark level for unknown axiom defaults to 0 on input line 30.

Overfull \hbox (2.0pt too wide) in paragraph at lines 31--31
[][] 
 []


pdfTeX warning (ext4): destination with the same identifier (name{proposition.1}) has been already used, duplicate ignored
<to be read again> 
                   \relax 
l.34         $
              \bfQ^+ \subseteq \bfR^+$.
pdfTeX warning (ext4): destination with the same identifier (name{proposition.2}) has been already used, duplicate ignored
<to be read again> 
                   \relax 
l.41         T
              he maps $Z \xhookrightarrow{j} \bfQ \xhookrightarrow{i} \bfR$ ...

LaTeX Warning: Reference `lemma:order-embedding-z-q' on page 17 undefined on input line 41.


LaTeX Warning: Reference `thm:q-total-ordering' on page 17 undefined on input line 41.




Overfull \vbox (13.59999pt too high) has occurred while \output is active []

 [17




]

LaTeX Warning: Reference `prop:average' on page 18 undefined on input line 58.


pdfTeX warning (ext4): destination with the same identifier (name{proposition.5}) has been already used, duplicate ignored
<to be read again> 
                   \relax 
l.62         S
              uppose $a \in \bfR$. For all $\epsilon > 0$, if $0 \leq a \leq...

LaTeX Warning: Reference `cor:after-average' on page 18 undefined on input line 65.


pdfTeX warning (ext4): destination with the same identifier (name{definition.1}) has been already used, duplicate ignored
<to be read again> 
                   \relax 
l.69         L
              et $a_1,a_2,...,a_n > 0$. The \textui{arithmetic mean} is $\fr...
pdfTeX warning (ext4): destination with the same identifier (name{proposition.6}) has been already used, duplicate ignored
<to be read again> 
                   \relax 
l.73         F
              or all $a_1, a_2, ... ,a_n \geq 0$, then $\left(\prod_{j = 1}^...
LaTeX Font Info:    Font shape `OT1/TeXGyreScholaX-TLF/m/n' will be
(Font)              scaled to size 9.0pt on input line 93.
LaTeX Font Info:    Font shape `OT1/TeXGyreScholaX-TLF/m/n' will be
(Font)              scaled to size 6.6pt on input line 93.
LaTeX Font Info:    Font shape `OML/zncfmi/m/it' will be
(Font)              scaled to size 9.67497pt on input line 93.
LaTeX Font Info:    Font shape `OML/zncfmi/m/it' will be
(Font)              scaled to size 7.09499pt on input line 93.
LaTeX Font Info:    Font shape `LMS/ntxsy/m/n' will be
(Font)              scaled to size 9.67497pt on input line 93.
LaTeX Font Info:    Font shape `LMS/ntxsy/m/n' will be
(Font)              scaled to size 7.09499pt on input line 93.
LaTeX Font Info:    Font shape `LMX/ntxexx/m/n' will be
(Font)              scaled to size 9.67497pt on input line 93.
LaTeX Font Info:    Font shape `LMX/ntxexx/m/n' will be
(Font)              scaled to size 7.09499pt on input line 93.
LaTeX Font Info:    Font shape `U/ntxmia/m/it' will be
(Font)              scaled to size 9.67497pt on input line 93.
LaTeX Font Info:    Font shape `U/ntxmia/m/it' will be
(Font)              scaled to size 7.09499pt on input line 93.
LaTeX Font Info:    Font shape `U/ntxsym/m/n' will be
(Font)              scaled to size 9.67497pt on input line 93.
LaTeX Font Info:    Font shape `U/ntxsym/m/n' will be
(Font)              scaled to size 7.09499pt on input line 93.
LaTeX Font Info:    Font shape `U/ntxsyc/m/n' will be
(Font)              scaled to size 9.67497pt on input line 93.
LaTeX Font Info:    Font shape `U/ntxsyc/m/n' will be
(Font)              scaled to size 7.09499pt on input line 93.
LaTeX Font Info:    Font shape `U/ntxexa/m/n' will be
(Font)              scaled to size 9.67497pt on input line 93.
LaTeX Font Info:    Font shape `U/ntxexa/m/n' will be
(Font)              scaled to size 7.09499pt on input line 93.
LaTeX Font Info:    Font shape `OT1/TeXGyreScholaX-TLF/b/n' will be
(Font)              scaled to size 9.0pt on input line 93.
LaTeX Font Info:    Font shape `OT1/TeXGyreScholaX-TLF/b/n' will be
(Font)              scaled to size 6.6pt on input line 93.
LaTeX Font Info:    Font shape `OML/zncfmi/b/it' will be
(Font)              scaled to size 9.67497pt on input line 93.
LaTeX Font Info:    Font shape `OML/zncfmi/b/it' will be
(Font)              scaled to size 7.09499pt on input line 93.
LaTeX Font Info:    Font shape `LMS/ntxsy/b/n' will be
(Font)              scaled to size 9.67497pt on input line 93.
LaTeX Font Info:    Font shape `LMS/ntxsy/b/n' will be
(Font)              scaled to size 7.09499pt on input line 93.
LaTeX Font Info:    Font shape `LMX/ntxexx/b/n' will be
(Font)              scaled to size 9.67497pt on input line 93.
LaTeX Font Info:    Font shape `LMX/ntxexx/b/n' will be
(Font)              scaled to size 7.09499pt on input line 93.
LaTeX Font Info:    Font shape `T1/TeXGyreScholaX-OsF/m/n' will be
(Font)              scaled to size 6.6pt on input line 93.



Package fancyhdr Warning: \headheight is too small (0.0pt): 
(fancyhdr)                Make it at least 8.0pt, for example:
(fancyhdr)                \setlength{\headheight}{8.0pt}.
(fancyhdr)                You might also make \topmargin smaller:
(fancyhdr)                \addtolength{\topmargin}{-8.0pt}.

[18]
Package hyperref Info: bookmark level for unknown question defaults to 0 on input line 129.
Package hyperref Info: bookmark level for unknown answer defaults to 0 on input line 132.


Package hyperref Warning: Token not allowed in a PDF string (Unicode):
(hyperref)                removing `math shift' on input line 157.


Package hyperref Warning: Token not allowed in a PDF string (Unicode):
(hyperref)                removing `\tx@BbbR' on input line 157.


Package hyperref Warning: Token not allowed in a PDF string (Unicode):
(hyperref)                removing `superscript' on input line 157.


Package hyperref Warning: Token not allowed in a PDF string (Unicode):
(hyperref)                removing `math shift' on input line 157.


pdfTeX warning (ext4): destination with the same identifier (name{definition.1}) has been already used, duplicate ignored
<to be read again> 
                   \relax 
l.159         T
               he \textui{absolute value} is a function $|\cdot|: \bfR \righ...


Package fancyhdr Warning: \headheight is too small (0.0pt): 
(fancyhdr)                Make it at least 8.0pt, for example:
(fancyhdr)                \setlength{\headheight}{8.0pt}.
(fancyhdr)                You might also make \topmargin smaller:
(fancyhdr)                \addtolength{\topmargin}{-8.0pt}.

[19]
pdfTeX warning (ext4): destination with the same identifier (name{proposition.1}) has been already used, duplicate ignored
<to be read again> 
                   \relax 
l.170         L
               et $a,b \in \bfR$ and $\delta > 0$.
pdfTeX warning (ext4): destination with the same identifier (name{lemma.2}) has been already used, duplicate ignored
<to be read again> 
                   \relax 
l.188         $
               \pm x \leq \delta$ if and only if $|x| \leq \delta$.
pdfTeX warning (ext4): destination with the same identifier (name{lemma.3}) has been already used, duplicate ignored
<to be read again> 
                   \relax 
l.195         $
               A \subseteq \bfR$ is bounded if and only if there exists an $...
pdfTeX warning (ext4): destination with the same identifier (name{definition.2}) has been already used, duplicate ignored
<to be read again> 
                   \relax 
l.210         A
                function $f:D \rightarrow \bfR$ is \textui{bounded} if $\Ima...
pdfTeX warning (ext4): destination with the same identifier (name{example.1}) has been already used, duplicate ignored
<to be read again> 
                   \relax 
l.214         C
               onsider the function $f:[3,7] \rightarrow \bfR$ defined by $f...


Package fancyhdr Warning: \headheight is too small (0.0pt): 
(fancyhdr)                Make it at least 8.0pt, for example:
(fancyhdr)                \setlength{\headheight}{8.0pt}.
(fancyhdr)                You might also make \topmargin smaller:
(fancyhdr)                \addtolength{\topmargin}{-8.0pt}.

[20]
pdfTeX warning (ext4): destination with the same identifier (name{definition.3}) has been already used, duplicate ignored
<to be read again> 
                   \relax 
l.231         L
               et $s,t \in \bfR$. We define the \textui{distance} between $s...
pdfTeX warning (ext4): destination with the same identifier (name{definition.4}) has been already used, duplicate ignored
<to be read again> 
                   \relax 
l.235         L
               et $X$ be a nonempty set equipped with a map $d:X \times X \r...


Package fancyhdr Warning: \headheight is too small (0.0pt): 
(fancyhdr)                Make it at least 8.0pt, for example:
(fancyhdr)                \setlength{\headheight}{8.0pt}.
(fancyhdr)                You might also make \topmargin smaller:
(fancyhdr)                \addtolength{\topmargin}{-8.0pt}.

[21]
pdfTeX warning (ext4): destination with the same identifier (name{definition.5}) has been already used, duplicate ignored
<to be read again> 
                   \relax 
l.277         L
               et $(X,d)$ be a metric space.
pdfTeX warning (ext4): destination with the same identifier (name{example.2}) has been already used, duplicate ignored
<to be read again> 
                   \relax 
l.287         C
               onsider $X = \bfR$ and $d(s,t) = |s-t|$. Observe that:
pdfTeX warning (ext4): destination with the same identifier (name{proposition.5}) has been already used, duplicate ignored
<to be read again> 
                   \relax 
l.302         I
               f $I$ is an open interval, then $I$ is open.)


Package fancyhdr Warning: \headheight is too small (0.0pt): 
(fancyhdr)                Make it at least 8.0pt, for example:
(fancyhdr)                \setlength{\headheight}{8.0pt}.
(fancyhdr)                You might also make \topmargin smaller:
(fancyhdr)                \addtolength{\topmargin}{-8.0pt}.

[22]
\openout2 = `sup-inf.aux'.

 (./sup-inf.tex
pdfTeX warning (ext4): destination with the same identifier (name{example.1}) has been already used, duplicate ignored
<to be read again> 
                   \relax 
l.19         C
              laim: $\Sup([0,1)) = 1$. If $s \in [0,1)$, by definition $s<1$...

LaTeX Warning: Reference `thm:supremum-property' on page 23 undefined on input line 25.


pdfTeX warning (ext4): destination with the same identifier (name{proposition.2}) has been already used, duplicate ignored
<to be read again> 
                   \relax 
l.29         L
              et $A,B \subseteq \bfR$ and $a \leq b$ for all $a \in A$ and $...
Overfull \hbox (2.0pt too wide) in paragraph at lines 37--37
[][] 
 []


pdfTeX warning (ext4): destination with the same identifier (name{lemma.3}) has been already used, duplicate ignored
<to be read again> 
                   \relax 
l.40         F
              or $A \subseteq \bfR$ which is bounded below, $\sup(-A) = -\in...
Overfull \hbox (2.0pt too wide) in paragraph at lines 48--48
[][] 
 []




pdfTeX warning (ext4): destination with the same identifier (name{proposition.4}) has been already used, duplicate ignored
<to be read again> 
                   \relax 
l.51         I
              f $x \in \bfR$, then there exists $n_x \in \bfN$ with $x < n_x$.
Overfull \vbox (13.59999pt too high) has occurred while \output is active []

 [23




]

LaTeX Warning: Reference `thm:supremum-property' on page 24 undefined on input line 54.


pdfTeX warning (ext4): destination with the same identifier (name{proposition.5}) has been already used, duplicate ignored
<to be read again> 
                   \relax 
l.58         I
              f $t > 0$, there exists $n_t \in \bfN$ with $\frac{1}{n_t} < t$.

LaTeX Warning: Reference `prop:arch-1' on page 24 undefined on input line 61.


LaTeX Warning: Reference `prop:arch-2' on page 24 undefined on input line 68.


LaTeX Warning: Reference `prop:power-set-bigger' on page 24 undefined on input line 68.


LaTeX Warning: Reference `exercise:power-set-2n' on page 24 undefined on input line 68.


LaTeX Warning: Reference `prop:bernoulli' on page 24 undefined on input line 74.


pdfTeX warning (ext4): destination with the same identifier (name{example.2}) has been already used, duplicate ignored
<to be read again> 
                   \relax 
l.78         \phantom{a}
                        

LaTeX Warning: Reference `prop:arch-1' on page 24 undefined on input line 89.


LaTeX Warning: Reference `axiom:wop' on page 24 undefined on input line 89.


LaTeX Warning: Reference `axiom:wop' on page 24 undefined on input line 91.


pdfTeX warning (ext4): destination with the same identifier (name{definition.1}) has been already used, duplicate ignored
<to be read again> 
                   \relax 
l.95         L
              et $I$ be an open interval. A subset $D \subseteq \bfR$ is \te...
pdfTeX warning (ext4): destination with the same identifier (name{theorem.8}) has been already used, duplicate ignored
<to be read again> 
                   \relax 
l.99         $
              \bfQ \subseteq \bfR$ is dense.

LaTeX Warning: Reference `prop:arch-2' on page 24 undefined on input line 102.


LaTeX Warning: Reference `cor:natural-density' on page 24 undefined on input line 102.




Package fancyhdr Warning: \headheight is too small (0.0pt): 
(fancyhdr)                Make it at least 8.0pt, for example:
(fancyhdr)                \setlength{\headheight}{8.0pt}.
(fancyhdr)                You might also make \topmargin smaller:
(fancyhdr)                \addtolength{\topmargin}{-8.0pt}.

[24]
pdfTeX warning (ext4): destination with the same identifier (name{corollary.9}) has been already used, duplicate ignored
<to be read again> 
                   \relax 
l.106         $
               \bfR \setminus \bfQ \subseteq \bfR$ is dense.

LaTeX Warning: Reference `thm:density-of-q' on page 25 undefined on input line 109.

LaTeX Font Info:    Font shape `T1/TeXGyreScholaX-OsF/m/n' will be
(Font)              scaled to size 12.0pt on input line 125.
LaTeX Font Info:    Font shape `T1/TeXGyreScholaX-OsF/m/n' will be
(Font)              scaled to size 13.13995pt on input line 125.
LaTeX Font Info:    Calculating math sizes for size <13.13995> on input line 125.
LaTeX Font Info:    Font shape `OT1/TeXGyreScholaX-TLF/m/n' will be
(Font)              scaled to size 13.13995pt on input line 125.
LaTeX Font Info:    Font shape `OT1/TeXGyreScholaX-TLF/m/n' will be
(Font)              scaled to size 9.5921pt on input line 125.
LaTeX Font Info:    Font shape `OT1/TeXGyreScholaX-TLF/m/n' will be
(Font)              scaled to size 7.227pt on input line 125.
LaTeX Font Info:    Font shape `OML/zncfmi/m/it' will be
(Font)              scaled to size 14.1254pt on input line 125.
LaTeX Font Info:    Font shape `OML/zncfmi/m/it' will be
(Font)              scaled to size 10.31148pt on input line 125.
LaTeX Font Info:    Font shape `OML/zncfmi/m/it' will be
(Font)              scaled to size 7.769pt on input line 125.
LaTeX Font Info:    Font shape `LMS/ntxsy/m/n' will be
(Font)              scaled to size 14.1254pt on input line 125.
LaTeX Font Info:    Font shape `LMS/ntxsy/m/n' will be
(Font)              scaled to size 10.31148pt on input line 125.
LaTeX Font Info:    Font shape `LMS/ntxsy/m/n' will be
(Font)              scaled to size 7.769pt on input line 125.
LaTeX Font Info:    Font shape `LMX/ntxexx/m/n' will be
(Font)              scaled to size 14.1254pt on input line 125.
LaTeX Font Info:    Font shape `LMX/ntxexx/m/n' will be
(Font)              scaled to size 10.31148pt on input line 125.
LaTeX Font Info:    Font shape `LMX/ntxexx/m/n' will be
(Font)              scaled to size 7.769pt on input line 125.
LaTeX Font Info:    Font shape `U/ntxmia/m/it' will be
(Font)              scaled to size 14.1254pt on input line 125.
LaTeX Font Info:    Font shape `U/ntxmia/m/it' will be
(Font)              scaled to size 10.31148pt on input line 125.
LaTeX Font Info:    Font shape `U/ntxmia/m/it' will be
(Font)              scaled to size 7.769pt on input line 125.
LaTeX Font Info:    Font shape `U/ntxsym/m/n' will be
(Font)              scaled to size 14.1254pt on input line 125.
LaTeX Font Info:    Font shape `U/ntxsym/m/n' will be
(Font)              scaled to size 10.31148pt on input line 125.
LaTeX Font Info:    Font shape `U/ntxsym/m/n' will be
(Font)              scaled to size 7.769pt on input line 125.
LaTeX Font Info:    Font shape `U/ntxsyc/m/n' will be
(Font)              scaled to size 14.1254pt on input line 125.
LaTeX Font Info:    Font shape `U/ntxsyc/m/n' will be
(Font)              scaled to size 10.31148pt on input line 125.
LaTeX Font Info:    Font shape `U/ntxsyc/m/n' will be
(Font)              scaled to size 7.769pt on input line 125.
LaTeX Font Info:    Font shape `U/ntxexa/m/n' will be
(Font)              scaled to size 14.1254pt on input line 125.
LaTeX Font Info:    Font shape `U/ntxexa/m/n' will be
(Font)              scaled to size 10.31148pt on input line 125.
LaTeX Font Info:    Font shape `U/ntxexa/m/n' will be
(Font)              scaled to size 7.769pt on input line 125.
LaTeX Font Info:    Font shape `OT1/TeXGyreScholaX-TLF/b/n' will be
(Font)              scaled to size 13.13995pt on input line 125.
LaTeX Font Info:    Font shape `OT1/TeXGyreScholaX-TLF/b/n' will be
(Font)              scaled to size 9.5921pt on input line 125.
LaTeX Font Info:    Font shape `OT1/TeXGyreScholaX-TLF/b/n' will be
(Font)              scaled to size 7.227pt on input line 125.
LaTeX Font Info:    Font shape `OML/zncfmi/b/it' will be
(Font)              scaled to size 14.1254pt on input line 125.
LaTeX Font Info:    Font shape `OML/zncfmi/b/it' will be
(Font)              scaled to size 10.31148pt on input line 125.
LaTeX Font Info:    Font shape `OML/zncfmi/b/it' will be
(Font)              scaled to size 7.769pt on input line 125.
LaTeX Font Info:    Font shape `LMS/ntxsy/b/n' will be
(Font)              scaled to size 14.1254pt on input line 125.
LaTeX Font Info:    Font shape `LMS/ntxsy/b/n' will be
(Font)              scaled to size 10.31148pt on input line 125.
LaTeX Font Info:    Font shape `LMS/ntxsy/b/n' will be
(Font)              scaled to size 7.769pt on input line 125.
LaTeX Font Info:    Font shape `LMX/ntxexx/b/n' will be
(Font)              scaled to size 14.1254pt on input line 125.
LaTeX Font Info:    Font shape `LMX/ntxexx/b/n' will be
(Font)              scaled to size 10.31148pt on input line 125.
LaTeX Font Info:    Font shape `LMX/ntxexx/b/n' will be
(Font)              scaled to size 7.769pt on input line 125.

LaTeX Warning: Reference `prop:arch-2' on page 25 undefined on input line 170.

Package hyperref Info: bookmark level for unknown remark defaults to 0 on input line 176.



Package fancyhdr Warning: \headheight is too small (0.0pt): 
(fancyhdr)                Make it at least 8.0pt, for example:
(fancyhdr)                \setlength{\headheight}{8.0pt}.
(fancyhdr)                You might also make \topmargin smaller:
(fancyhdr)                \addtolength{\topmargin}{-8.0pt}.

[25]
Overfull \hbox (2.0pt too wide) in paragraph at lines 200--200
[][] 
 []


pdfTeX warning (ext4): destination with the same identifier (name{theorem.1}) has been already used, duplicate ignored
<to be read again> 
                   \relax 
l.202         L
               et $S \subseteq \bfR$ be any subset containing at least two p...

LaTeX Warning: Reference `axiom:4' on page 26 undefined on input line 202.


pdfTeX warning (ext4): destination with the same identifier (name{definition.1}) has been already used, duplicate ignored
<to be read again> 
                   \relax 
l.213         A
                sequence of intervals $(I_n)_{n\geq 1}$ is said to be $\text...
pdfTeX warning (ext4): destination with the same identifier (name{proposition.2}) has been already used, duplicate ignored
<to be read again> 
                   \relax 
l.217         $
               \bigcap_{n\geq 1}\left[0,\frac{1}{n}\right) = \{0 \}$.
pdfTeX warning (ext4): destination with the same identifier (name{proposition.3}) has been already used, duplicate ignored
<to be read again> 
                   \relax 
l.224         $
               \bigcap_{n\geq 1}\left[n,\infty\right) = \emptyset$.
pdfTeX warning (ext4): destination with the same identifier (name{theorem.4}) has been already used, duplicate ignored
<to be read again> 
                   \relax 
l.231         L
               et $(I_n)_{n \geq 1}$ be a sequence of closed and bounded nes...


Package fancyhdr Warning: \headheight is too small (0.0pt): 
(fancyhdr)                Make it at least 8.0pt, for example:
(fancyhdr)                \setlength{\headheight}{8.0pt}.
(fancyhdr)                You might also make \topmargin smaller:
(fancyhdr)                \addtolength{\topmargin}{-8.0pt}.

[26]
pdfTeX warning (ext4): destination with the same identifier (name{corollary.5}) has been already used, duplicate ignored
<to be read again> 
                   \relax 
l.273         $
               [0,1]$ is uncountable.)


Package fancyhdr Warning: \headheight is too small (0.0pt): 
(fancyhdr)                Make it at least 8.0pt, for example:
(fancyhdr)                \setlength{\headheight}{8.0pt}.
(fancyhdr)                You might also make \topmargin smaller:
(fancyhdr)                \addtolength{\topmargin}{-8.0pt}.

[27]
\openout2 = `sequences2.aux'.

 (./sequences2.tex
pdfTeX warning (ext4): destination with the same identifier (name{definition.1}) has been already used, duplicate ignored
<to be read again> 
                   \relax 
l.6         A
              \textui{sequence} in a metric space $X$ is a map $x:\bfN \righ...
pdfTeX warning (ext4): destination with the same identifier (name{example.1}) has been already used, duplicate ignored
<to be read again> 
                   \relax 
l.10         \phantom{a}
                        


Overfull \vbox (13.59999pt too high) has occurred while \output is active []

 [28




]
pdfTeX warning (ext4): destination with the same identifier (name{example.2}) has been already used, duplicate ignored
<to be read again> 
                   \relax 
l.63         L
              et $F$ be a field. The set $F^\bfN = \{x\mid x:\bfN \rightarro...
pdfTeX warning (ext4): destination with the same identifier (name{definition.2}) has been already used, duplicate ignored
<to be read again> 
                   \relax 
l.67         L
              et $(x_n)_n$ be a sequence.
pdfTeX warning (ext4): destination with the same identifier (name{definition.3}) has been already used, duplicate ignored
<to be read again> 
                   \relax 
l.77         A
               sequence is said to \textui{eventually} have a certain proper...
pdfTeX warning (ext4): destination with the same identifier (name{definition.4}) has been already used, duplicate ignored
<to be read again> 
                   \relax 
l.81         A
               sequence $(x_n)_n$ is \textui{monotone} if it is either incre...
pdfTeX warning (ext4): destination with the same identifier (name{definition.1}) has been already used, duplicate ignored
<to be read again> 
                   \relax 
l.86         L
              et $(x_n)_n$ be a sequence in a metric space $X$.


Package fancyhdr Warning: \headheight is too small (0.0pt): 
(fancyhdr)                Make it at least 8.0pt, for example:
(fancyhdr)                \setlength{\headheight}{8.0pt}.
(fancyhdr)                You might also make \topmargin smaller:
(fancyhdr)                \addtolength{\topmargin}{-8.0pt}.

[29]
pdfTeX warning (ext4): destination with the same identifier (name{example.1}) has been already used, duplicate ignored
<to be read again> 
                   \relax 
l.122         L
               et $(x_n)_n$ be a real sequence. Then $d(x_n,x) < \epsilon \i...
pdfTeX warning (ext4): destination with the same identifier (name{example.2}) has been already used, duplicate ignored
<to be read again> 
                   \relax 
l.160         \phantom{a}
                         
Package hyperref Info: bookmark level for unknown solution defaults to 0 on input line 164.

pdfTeX warning (ext4): destination with the same identifier (name{proposition.1}) has been already used, duplicate ignored
<to be read again> 
                   \relax 
l.186         L
               et $(X,d)$ be a metric space. Then $(x_n)_n \rightarrow x$ if...


Package fancyhdr Warning: \headheight is too small (0.0pt): 
(fancyhdr)                Make it at least 8.0pt, for example:
(fancyhdr)                \setlength{\headheight}{8.0pt}.
(fancyhdr)                You might also make \topmargin smaller:
(fancyhdr)                \addtolength{\topmargin}{-8.0pt}.

[30]
pdfTeX warning (ext4): destination with the same identifier (name{example.3}) has been already used, duplicate ignored
<to be read again> 
                   \relax 
l.218         \phantom{a}
                         
pdfTeX warning (ext4): destination with the same identifier (name{proposition.3}) has been already used, duplicate ignored
<to be read again> 
                   \relax 
l.260         L
               et $k\geq 1$ be fixed. Given a sequence $(x_n)_n$ in a metric...
pdfTeX warning (ext4): destination with the same identifier (name{proposition.4}) has been already used, duplicate ignored
<to be read again> 
                   \relax 
l.269         I
               f $(x_n)_n$ is a real sequence with $\left(\left|\frac{x_{n+1...


Package fancyhdr Warning: \headheight is too small (0.0pt): 
(fancyhdr)                Make it at least 8.0pt, for example:
(fancyhdr)                \setlength{\headheight}{8.0pt}.
(fancyhdr)                You might also make \topmargin smaller:
(fancyhdr)                \addtolength{\topmargin}{-8.0pt}.

[31]
pdfTeX warning (ext4): destination with the same identifier (name{example.4}) has been already used, duplicate ignored
<to be read again> 
                   \relax 
l.290         \phantom{a}
                         
pdfTeX warning (ext4): destination with the same identifier (name{proposition.5}) has been already used, duplicate ignored
<to be read again> 
                   \relax 
l.323         L
               et $(X,d)$ be a metric space. A sequence $(x_n)_n$ can have a...


Package fancyhdr Warning: \headheight is too small (0.0pt): 
(fancyhdr)                Make it at least 8.0pt, for example:
(fancyhdr)                \setlength{\headheight}{8.0pt}.
(fancyhdr)                You might also make \topmargin smaller:
(fancyhdr)                \addtolength{\topmargin}{-8.0pt}.

[32]
pdfTeX warning (ext4): destination with the same identifier (name{lemma.7}) has been already used, duplicate ignored
<to be read again> 
                   \relax 
l.348         L
               et $(t_n)_n$ be a sequence in $(X,d)$. $(t_n)_n \rightarrow 0...

LaTeX Warning: Reference `lemma:blarf' on page 33 undefined on input line 351.


pdfTeX warning (ext4): destination with the same identifier (name{example.5}) has been already used, duplicate ignored
<to be read again> 
                   \relax 
l.376         \phantom{a}
                         


Package fancyhdr Warning: \headheight is too small (0.0pt): 
(fancyhdr)                Make it at least 8.0pt, for example:
(fancyhdr)                \setlength{\headheight}{8.0pt}.
(fancyhdr)                You might also make \topmargin smaller:
(fancyhdr)                \addtolength{\topmargin}{-8.0pt}.

[33]

LaTeX Warning: Reference `example:sequence-dne' on page 34 undefined on input line 396.


pdfTeX warning (ext4): destination with the same identifier (name{example.6}) has been already used, duplicate ignored
<to be read again> 
                   \relax 
l.428         \phantom{a}
                         


Package fancyhdr Warning: \headheight is too small (0.0pt): 
(fancyhdr)                Make it at least 8.0pt, for example:
(fancyhdr)                \setlength{\headheight}{8.0pt}.
(fancyhdr)                You might also make \topmargin smaller:
(fancyhdr)                \addtolength{\topmargin}{-8.0pt}.

[34]

Package amsmath Warning: Foreign command \atopwithdelims;
(amsmath)                \frac or \genfrac should be used instead
(amsmath)                 on input line 465.


pdfTeX warning (ext4): destination with the same identifier (name{proposition.9}) has been already used, duplicate ignored
<to be read again> 
                   \relax 
l.491         A
                convergent sequence is bounded.
pdfTeX warning (ext4): destination with the same identifier (name{theorem.10}) has been already used, duplicate ignored
<to be read again> 
                   \relax 
l.504             L
                   et $x_n$, $y_n$, $z_n$ be convergent sequences with $(x_n...


Package fancyhdr Warning: \headheight is too small (0.0pt): 
(fancyhdr)                Make it at least 8.0pt, for example:
(fancyhdr)                \setlength{\headheight}{8.0pt}.
(fancyhdr)                You might also make \topmargin smaller:
(fancyhdr)                \addtolength{\topmargin}{-8.0pt}.

[35]


Package fancyhdr Warning: \headheight is too small (0.0pt): 
(fancyhdr)                Make it at least 8.0pt, for example:
(fancyhdr)                \setlength{\headheight}{8.0pt}.
(fancyhdr)                You might also make \topmargin smaller:
(fancyhdr)                \addtolength{\topmargin}{-8.0pt}.

[36]

LaTeX Warning: Reference `prop:conv-seq-bounded' on page 37 undefined on input line 607.


LaTeX Warning: Reference `thm:monotome-conv-thm' on page 37 undefined on input line 639.




Package fancyhdr Warning: \headheight is too small (0.0pt): 
(fancyhdr)                Make it at least 8.0pt, for example:
(fancyhdr)                \setlength{\headheight}{8.0pt}.
(fancyhdr)                You might also make \topmargin smaller:
(fancyhdr)                \addtolength{\topmargin}{-8.0pt}.

[37]

LaTeX Warning: Reference `thm:monotome-conv-thm' on page 38 undefined on input line 689.




Package fancyhdr Warning: \headheight is too small (0.0pt): 
(fancyhdr)                Make it at least 8.0pt, for example:
(fancyhdr)                \setlength{\headheight}{8.0pt}.
(fancyhdr)                You might also make \topmargin smaller:
(fancyhdr)                \addtolength{\topmargin}{-8.0pt}.

[38]
pdfTeX warning (ext4): destination with the same identifier (name{definition.1}) has been already used, duplicate ignored
<to be read again> 
                   \relax 
l.718         A
                \textui{natural sequence} is a strictly increasing sequence ...
pdfTeX warning (ext4): destination with the same identifier (name{example.1}) has been already used, duplicate ignored
<to be read again> 
                   \relax 
l.722         \phantom{a}
                         
pdfTeX warning (ext4): destination with the same identifier (name{exercise.1}) has been already used, duplicate ignored
<to be read again> 
                   \relax 
l.730         G
               iven a natural sequence $(n_k)_k$, prove $n_k \geq k$.
pdfTeX warning (ext4): destination with the same identifier (name{definition.2}) has been already used, duplicate ignored
<to be read again> 
                   \relax 
l.734         L
               et $(x_n)_n$ be a sequence. A \textui{subsequence} of $(x_n)_...
pdfTeX warning (ext4): destination with the same identifier (name{example.2}) has been already used, duplicate ignored
<to be read again> 
                   \relax 
l.743         \phantom{a}
                         
pdfTeX warning (ext4): destination with the same identifier (name{proposition.1}) has been already used, duplicate ignored
<to be read again> 
                   \relax 
l.751         S
               uppose $(x_n)_n \rightarrow x$. For any subsequence $(x_{n_k}...

LaTeX Warning: Reference `exercise:' on page 39 undefined on input line 754.


pdfTeX warning (ext4): destination with the same identifier (name{example.3}) has been already used, duplicate ignored
<to be read again> 
                   \relax 
l.758         W
               e give an alternate proof of $(b^n)_n \rightarrow 0$ for $0 <...

LaTeX Warning: Reference `thm:monotome-conv-thm' on page 39 undefined on input line 758.




Package fancyhdr Warning: \headheight is too small (0.0pt): 
(fancyhdr)                Make it at least 8.0pt, for example:
(fancyhdr)                \setlength{\headheight}{8.0pt}.
(fancyhdr)                You might also make \topmargin smaller:
(fancyhdr)                \addtolength{\topmargin}{-8.0pt}.

[39]
pdfTeX warning (ext4): destination with the same identifier (name{proposition.2}) has been already used, duplicate ignored
<to be read again> 
                   \relax 
l.770         L
               et $(x_n)_n$ be a sequence. Then $(x_n)_n \not\rightarrow x$ ...
pdfTeX warning (ext4): destination with the same identifier (name{definition.3}) has been already used, duplicate ignored
<to be read again> 
                   \relax 
l.795         I
               f $(x_n)_n$ is a sequence of real numbers, a \textui{peak} of...
pdfTeX warning (ext4): destination with the same identifier (name{proposition.3}) has been already used, duplicate ignored
<to be read again> 
                   \relax 
l.799         L
               et $(x_n)_n$ be a real sequence. There is a subsequence that ...
pdfTeX warning (ext4): destination with the same identifier (name{theorem.4}) has been already used, duplicate ignored
<to be read again> 
                   \relax 
l.808         I
               f $(x_n)_n$ is a real sequence that is bounded, it admits a c...

LaTeX Warning: Reference `prop:monotone-subsequence' on page 40 undefined on input line 811.


LaTeX Warning: Reference `thm:monotome-conv-thm' on page 40 undefined on input line 811.


pdfTeX warning (ext4): destination with the same identifier (name{definition.1}) has been already used, duplicate ignored
<to be read again> 
                   \relax 
l.816         L
               et $X = (x_n)_n$ be a fixed bounded sequence who's limit may ...


Package fancyhdr Warning: \headheight is too small (0.0pt): 
(fancyhdr)                Make it at least 8.0pt, for example:
(fancyhdr)                \setlength{\headheight}{8.0pt}.
(fancyhdr)                You might also make \topmargin smaller:
(fancyhdr)                \addtolength{\topmargin}{-8.0pt}.

[40]
pdfTeX warning (ext4): destination with the same identifier (name{example.1}) has been already used, duplicate ignored
<to be read again> 
                   \relax 
l.826         L
               et $X = ((-1)^n)_n$. Then $\overline{X} = \{-1,1\}$.
pdfTeX warning (ext4): destination with the same identifier (name{example.2}) has been already used, duplicate ignored
<to be read again> 
                   \relax 
l.840         F
               ix a bounded sequence $(x_n)_n$. Let

LaTeX Warning: Reference `thm:monotome-conv-thm' on page 41 undefined on input line 887.




Package fancyhdr Warning: \headheight is too small (0.0pt): 
(fancyhdr)                Make it at least 8.0pt, for example:
(fancyhdr)                \setlength{\headheight}{8.0pt}.
(fancyhdr)                You might also make \topmargin smaller:
(fancyhdr)                \addtolength{\topmargin}{-8.0pt}.

[41]
pdfTeX warning (ext4): destination with the same identifier (name{definition.2}) has been already used, duplicate ignored
<to be read again> 
                   \relax 
l.891         L
               et $(x_n)_n$ be a bounded sequence.
pdfTeX warning (ext4): destination with the same identifier (name{proposition.1}) has been already used, duplicate ignored
<to be read again> 
                   \relax 
l.899         L
               et $X = (x_n)_n$ be a bounded sequence with $l = \liminf x_n$...
pdfTeX warning (ext4): destination with the same identifier (name{proposition.2}) has been already used, duplicate ignored
<to be read again> 
                   \relax 
l.922         L
               et $(x_n)_n=X$ be a bounded sequence with $u_m = \sup_{n \geq...


Package fancyhdr Warning: \headheight is too small (0.0pt): 
(fancyhdr)                Make it at least 8.0pt, for example:
(fancyhdr)                \setlength{\headheight}{8.0pt}.
(fancyhdr)                You might also make \topmargin smaller:
(fancyhdr)                \addtolength{\topmargin}{-8.0pt}.

[42]
pdfTeX warning (ext4): destination with the same identifier (name{proposition.3}) has been already used, duplicate ignored
<to be read again> 
                   \relax 
l.960         L
               et $(x_n)_n$ be bounded.
pdfTeX warning (ext4): destination with the same identifier (name{definition.1}) has been already used, duplicate ignored
<to be read again> 
                   \relax 
l.974         A
                sequence $(x_n)_n$ is \textui{Cauchy} if:
pdfTeX warning (ext4): destination with the same identifier (name{example.1}) has been already used, duplicate ignored
<to be read again> 
                   \relax 
l.983         P
               rove $\left(\frac{1}{n}\right)_n$ is Cauchy.
pdfTeX warning (ext4): destination with the same identifier (name{proposition.1}) has been already used, duplicate ignored
<to be read again> 
                   \relax 
l.1000         C
                auchy sequences are bounded.
pdfTeX warning (ext4): destination with the same identifier (name{exercise.1}) has been already used, duplicate ignored
<to be read again> 
                   \relax 
l.1007         I
                f $(x_n)_n$ is Cauchy and there exists a subsequence $(x_{n_...
pdfTeX warning (ext4): destination with the same identifier (name{theorem.2}) has been already used, duplicate ignored
<to be read again> 
                   \relax 
l.1011         L
                et $(x_n)_n$ be a sequence. $(x_n)_n$ is Cauchy if and only ...

LaTeX Warning: Reference `exercise:homework3' on page 43 undefined on input line 1016.


pdfTeX warning (ext4): destination with the same identifier (name{example.2}) has been already used, duplicate ignored
<to be read again> 
                   \relax 
l.1020         W
                e will show that $x_n = \sum_{k = 0}^n \frac{(-1)^k}{k!}$ is...


Package fancyhdr Warning: \headheight is too small (0.0pt): 
(fancyhdr)                Make it at least 8.0pt, for example:
(fancyhdr)                \setlength{\headheight}{8.0pt}.
(fancyhdr)                You might also make \topmargin smaller:
(fancyhdr)                \addtolength{\topmargin}{-8.0pt}.

[43]
pdfTeX warning (ext4): destination with the same identifier (name{definition.2}) has been already used, duplicate ignored
<to be read again> 
                   \relax 
l.1038         A
                 sequence $(x_n)_n$ is \textui{contractive} if there exists ...
pdfTeX warning (ext4): destination with the same identifier (name{proposition.3}) has been already used, duplicate ignored
<to be read again> 
                   \relax 
l.1042         C
                ontractive sequences are Cauchy.
pdfTeX warning (ext4): destination with the same identifier (name{example.3}) has been already used, duplicate ignored
<to be read again> 
                   \relax 
l.1063         {\color{red} f
                             ibonacci finish later}
pdfTeX warning (ext4): destination with the same identifier (name{definition.1}) has been already used, duplicate ignored
<to be read again> 
                   \relax 
l.1068         L
                et $\Omega$ be a nonempty set. The set of all functions $\Om...


Package fancyhdr Warning: \headheight is too small (0.0pt): 
(fancyhdr)                Make it at least 8.0pt, for example:
(fancyhdr)                \setlength{\headheight}{8.0pt}.
(fancyhdr)                You might also make \topmargin smaller:
(fancyhdr)                \addtolength{\topmargin}{-8.0pt}.

[44]
pdfTeX warning (ext4): destination with the same identifier (name{exercise.1}) has been already used, duplicate ignored
<to be read again> 
                   \relax 
l.1072         S
                how that $\cF(\Omega,X)$ is an algebra under pointwise opera...
pdfTeX warning (ext4): destination with the same identifier (name{definition.2}) has been already used, duplicate ignored
<to be read again> 
                   \relax 
l.1076         A
                 sequence in $(f_n)_n : \bfN \rightarrow \cF(\Omega,\bfR)$ c...
pdfTeX warning (ext4): destination with the same identifier (name{example.1}) has been already used, duplicate ignored
<to be read again> 
                   \relax 
l.1085         \phantom{a}
                          
pdfTeX warning (ext4): destination with the same identifier (name{definition.3}) has been already used, duplicate ignored
<to be read again> 
                   \relax 
l.1124         A
                 sequence $(f_n)_n \in \cF(\Omega,\bfR)$ converges \textui{u...
pdfTeX warning (ext4): destination with the same identifier (name{example.2}) has been already used, duplicate ignored
<to be read again> 
                   \relax 
l.1134         C
                onsider the sequence of functions $f_n: \bfR \rightarrow \bf...
pdfTeX warning (ext4): destination with the same identifier (name{proposition.1}) has been already used, duplicate ignored
<to be read again> 
                   \relax 
l.1140         \phantom{a}
                          
Package hyperref Info: bookmark level for unknown note defaults to 0 on input line 1148.



Package fancyhdr Warning: \headheight is too small (0.0pt): 
(fancyhdr)                Make it at least 8.0pt, for example:
(fancyhdr)                \setlength{\headheight}{8.0pt}.
(fancyhdr)                You might also make \topmargin smaller:
(fancyhdr)                \addtolength{\topmargin}{-8.0pt}.

[45]
pdfTeX warning (ext4): destination with the same identifier (name{example.3}) has been already used, duplicate ignored
<to be read again> 
                   \relax 
l.1152         C
                onsider the sequence of functions $h_n: [0,\infty) \rightarr...
pdfTeX warning (ext4): destination with the same identifier (name{lemma.2}) has been already used, duplicate ignored
<to be read again> 
                   \relax 
l.1173         $
                (f_n)_n \not\rightarrow f$ uniformly if and only if:)


Package fancyhdr Warning: \headheight is too small (0.0pt): 
(fancyhdr)                Make it at least 8.0pt, for example:
(fancyhdr)                \setlength{\headheight}{8.0pt}.
(fancyhdr)                You might also make \topmargin smaller:
(fancyhdr)                \addtolength{\topmargin}{-8.0pt}.

[46]
\openout2 = `series.aux'.

 (./series.tex
pdfTeX warning (ext4): destination with the same identifier (name{definition.1}) has been already used, duplicate ignored
<to be read again> 
                   \relax 
l.6         L
             et $(x_k)_k$ be a sequence of real numbers.
pdfTeX warning (ext4): destination with the same identifier (name{example.1}) has been already used, duplicate ignored
<to be read again> 
                   \relax 
l.16         C
              onsider $\sum_{k = 0}^\infty (-1)^k$. We have that $s_n = \fra...
pdfTeX warning (ext4): destination with the same identifier (name{example.2}) has been already used, duplicate ignored
<to be read again> 
                   \relax 
l.20         F
              ix $b \in \bfR$, $b\neq 0$. Consider $\sum_{k = 0}^\infty b^k$...
pdfTeX warning (ext4): destination with the same identifier (name{proposition.1}) has been already used, duplicate ignored
<to be read again> 
                   \relax 
l.24         L
              et $(x_k)_k$ be a sequence and let $k_0 \in \bfN$. Then $\sum_...
pdfTeX warning (ext4): destination with the same identifier (name{lemma.2}) has been already used, duplicate ignored
<to be read again> 
                   \relax 
l.28         I
              f $\sum_{k = 0}^\infty x_k$ converges, then $(x_k)_k \rightarr...
pdfTeX warning (ext4): destination with the same identifier (name{example.3}) has been already used, duplicate ignored
<to be read again> 
                   \relax 
l.35         C
              onsider $\sum_{k = 1}^\infty \arctan(k)$. Note that $(\arctan(...)


Overfull \vbox (13.59999pt too high) has occurred while \output is active []

 [47




]
\openout2 = `limits.aux'.

 (./limits.tex
pdfTeX warning (ext4): destination with the same identifier (name{definition.1}) has been already used, duplicate ignored
<to be read again> 
                   \relax 
l.6         L
             et $c \in \bfR$ and $\delta > 0$.
pdfTeX warning (ext4): destination with the same identifier (name{definition.2}) has been already used, duplicate ignored
<to be read again> 
                   \relax 
l.22         L
              et $D \subseteq \bfR$. A number $c \in \bfR$ is called a \text...
pdfTeX warning (ext4): destination with the same identifier (name{example.1}) has been already used, duplicate ignored
<to be read again> 
                   \relax 
l.31         \phantom{a}
                        
pdfTeX warning (ext4): destination with the same identifier (name{definition.3}) has been already used, duplicate ignored
<to be read again> 
                   \relax 
l.40         I
              f $D \subseteq \bfR$ is a subset, then $$\displaystyle \overli...
pdfTeX warning (ext4): destination with the same identifier (name{proposition.2}) has been already used, duplicate ignored
<to be read again> 
                   \relax 
l.44         L
              et $D \subseteq \bfR$ and $c \in \bfR$.
pdfTeX warning (ext4): destination with the same identifier (name{definition.1}) has been already used, duplicate ignored
<to be read again> 
                   \relax 
l.58         L
              et $f:D \rightarrow \bfR$ and $c$ be a cluster point of $D$. T...


Overfull \vbox (13.59999pt too high) has occurred while \output is active []

 [48




]
pdfTeX warning (ext4): destination with the same identifier (name{example.1}) has been already used, duplicate ignored
<to be read again> 
                   \relax 
l.68         \phantom{a}
                        
pdfTeX warning (ext4): destination with the same identifier (name{proposition.1}) has been already used, duplicate ignored
<to be read again> 
                   \relax 
l.98         L
              et $f:D \rightarrow \bfR$ and $c$ a cluster point of $D$. Then:
pdfTeX warning (ext4): destination with the same identifier (name{theorem.2}) has been already used, duplicate ignored
<to be read again> 
                   \relax 
l.118         L
               et $f:D \rightarrow \bfR$ and $c$ a cluster point of $D$.

LaTeX Warning: Reference `prop:seq-char-lim' on page 49 undefined on input line 125.


LaTeX Warning: Reference `prop:seq-char-lim' on page 49 undefined on input line 125.




Package fancyhdr Warning: \headheight is too small (0.0pt): 
(fancyhdr)                Make it at least 8.0pt, for example:
(fancyhdr)                \setlength{\headheight}{8.0pt}.
(fancyhdr)                You might also make \topmargin smaller:
(fancyhdr)                \addtolength{\topmargin}{-8.0pt}.

[49]
pdfTeX warning (ext4): destination with the same identifier (name{example.2}) has been already used, duplicate ignored
<to be read again> 
                   \relax 
l.129         \phantom{a}
                         
pdfTeX warning (ext4): destination with the same identifier (name{theorem.4}) has been already used, duplicate ignored
<to be read again> 
                   \relax 
l.160         L
               et $f:D \rightarrow \bfR$ and $c$ a cluster point of $D$.
pdfTeX warning (ext4): destination with the same identifier (name{definition.2}) has been already used, duplicate ignored
<to be read again> 
                   \relax 
l.179         L
               et $D \subseteq \bfR$ and $f:D \rightarrow \bfR$.


Package fancyhdr Warning: \headheight is too small (0.0pt): 
(fancyhdr)                Make it at least 8.0pt, for example:
(fancyhdr)                \setlength{\headheight}{8.0pt}.
(fancyhdr)                You might also make \topmargin smaller:
(fancyhdr)                \addtolength{\topmargin}{-8.0pt}.

[50]
pdfTeX warning (ext4): destination with the same identifier (name{example.3}) has been already used, duplicate ignored
<to be read again> 
                   \relax 
l.200         $
               \limit_{x \rightarrow 0^+}\sgn(x) = 1$.
pdfTeX warning (ext4): destination with the same identifier (name{proposition.6}) has been already used, duplicate ignored
<to be read again> 
                   \relax 
l.204         L
               et $f:D \rightarrow \bfR$ and $c$ a cluster point of $D$. Then:
pdfTeX warning (ext4): destination with the same identifier (name{proposition.7}) has been already used, duplicate ignored
<to be read again> 
                   \relax 
l.213         L
               et $f:D \rightarrow \bfR$ and $c$ a cluster point of $D \cap ...
pdfTeX warning (ext4): destination with the same identifier (name{definition.1}) has been already used, duplicate ignored
<to be read again> 
                   \relax 
l.222         L
               et $f:D \rightarrow \bfR$ and $c$ a cluster point of $D$. Then:
pdfTeX warning (ext4): destination with the same identifier (name{example.1}) has been already used, duplicate ignored
<to be read again> 
                   \relax 
l.231         S
               how that $\ds \limit_{x \rightarrow 1} \frac{3}{(x-1)^2} = \i...
pdfTeX warning (ext4): destination with the same identifier (name{example.2}) has been already used, duplicate ignored
<to be read again> 
                   \relax 
l.247         S
               how that $\ds \limit_{x \rightarrow 3^{-}}\frac{-2}{3-x} = -\...


Package fancyhdr Warning: \headheight is too small (0.0pt): 
(fancyhdr)                Make it at least 8.0pt, for example:
(fancyhdr)                \setlength{\headheight}{8.0pt}.
(fancyhdr)                You might also make \topmargin smaller:
(fancyhdr)                \addtolength{\topmargin}{-8.0pt}.

[51]
pdfTeX warning (ext4): destination with the same identifier (name{definition.2}) has been already used, duplicate ignored
<to be read again> 
                   \relax 
l.263         L
               et $f:(a,\infty) \rightarrow \bfR$.
pdfTeX warning (ext4): destination with the same identifier (name{example.3}) has been already used, duplicate ignored
<to be read again> 
                   \relax 
l.271         {\color{red}d
                           ont wanna type}
pdfTeX warning (ext4): destination with the same identifier (name{proposition.1}) has been already used, duplicate ignored
<to be read again> 
                   \relax 
l.279         {\color{red} s
                            omething about limits of rational functions}
pdfTeX warning (ext4): destination with the same identifier (name{definition.1}) has been already used, duplicate ignored
<to be read again> 
                   \relax 
l.288         L
               et $f:D \rightarrow \bfR$ and $c \in D$.)


Package fancyhdr Warning: \headheight is too small (0.0pt): 
(fancyhdr)                Make it at least 8.0pt, for example:
(fancyhdr)                \setlength{\headheight}{8.0pt}.
(fancyhdr)                You might also make \topmargin smaller:
(fancyhdr)                \addtolength{\topmargin}{-8.0pt}.

[52]

Class memoir Warning: The material used in the headers is too large
(13.59999pt) for the given head height (0.0pt), it is recommended to
either increase the head height or redesign the header
(in both cases you will find help in the memoir manual). on input line 172.

\tf@toc=\write11
\openout11 = `_main.toc'.

(./_main.aux (./orderings-and-functions.aux) (./ordered-fields.aux) (./real-numbers.aux) (./sup-inf.aux) (./sequences2.aux) (./series.aux) (./limits.aux))
 ***********
LaTeX2e <2024-11-01> patch level 2
L3 programming layer <2020/03/25>
 ***********


LaTeX Warning: There were undefined references.


LaTeX Warning: Label(s) may have changed. Rerun to get cross-references right.


Package rerunfilecheck Warning: File `_main.out' has changed.
(rerunfilecheck)                Rerun to get outlines right
(rerunfilecheck)                or use package `bookmark'.

Package rerunfilecheck Info: Checksums for `_main.out':
(rerunfilecheck)             Before: <no file>
(rerunfilecheck)             After:  91530B583CCD0639C2ABAD1D552CE6CE;2008.
 ) 
Here is how much of TeX's memory you used:
 54008 strings out of 473190
 1163613 string characters out of 5715801
 1694726 words of memory out of 5000000
 75275 multiletter control sequences out of 15000+600000
 804315 words of font info for 652 fonts, out of 8000000 for 9000
 1141 hyphenation exceptions out of 8191
 98i,27n,117p,1158b,2686s stack positions out of 10000i,1000n,20000p,200000b,200000s
</usr/local/texlive/2025/texmf-dist/fonts/type1/public/scholax/NCXFourierMI.pfb></usr/local/texlive/2025/texmf-dist/fonts/type1/public/scholax/NCXFourierMR.pfb></usr/local/texlive/2025/texmf-dist/fonts/type1/public/scholax/NCXMathMI.pfb></usr/local/texlive/2025/texmf-dist/fonts/type1/public/newtx/NewTXMI.pfb></usr/local/texlive/2025/texmf-dist/fonts/type1/public/scholax/TeXGyreScholaX-Bold.pfb></usr/local/texlive/2025/texmf-dist/fonts/type1/public/scholax/TeXGyreScholaX-Italic.pfb></usr/local/texlive/2025/texmf-dist/fonts/type1/public/scholax/TeXGyreScholaX-Regular.pfb></usr/local/texlive/2025/texmf-dist/fonts/type1/public/amsfonts/latxfont/line10.pfb></usr/local/texlive/2025/texmf-dist/fonts/type1/public/rsfs/rsfs10.pfb></usr/local/texlive/2025/texmf-dist/fonts/type1/public/newtx/txexas.pfb></usr/local/texlive/2025/texmf-dist/fonts/type1/public/newtx/txexs.pfb></usr/local/texlive/2025/texmf-dist/fonts/type1/public/newtx/txmiaSTbb.pfb></usr/local/texlive/2025/texmf-dist/fonts/type1/public/newtx/txmiaX.pfb></usr/local/texlive/2025/texmf-dist/fonts/type1/public/newtx/txsym.pfb></usr/local/texlive/2025/texmf-dist/fonts/type1/public/newtx/txsys.pfb>
Output written on _main.pdf (53 pages, 372661 bytes).
PDF statistics:
 1033 PDF objects out of 1200 (max. 8388607)
 934 compressed objects within 10 object streams
 627 named destinations out of 1000 (max. 500000)
 82961 words of extra memory for PDF output out of 89155 (max. 10000000)

