This is pdfTeX, Version 3.141592653-2.6-1.40.27 (TeX Live 2025) (preloaded format=pdflatex 2025.3.8)  7 APR 2026 07:37
entering extended mode
 restricted \write18 enabled.
 file:line:error style messages enabled.
 %&-line parsing enabled.
**"/Users/gcrescenzo/Documents/School/LaTeX Documents/latex-class-notes/Spring 2026/Applied Analysis II/Homework 1/main.tex"
(/Users/gcrescenzo/Documents/School/LaTeX Documents/latex-class-notes/Spring 2026/Applied Analysis II/Homework 1/main.tex
LaTeX2e <2024-11-01> patch level 2
L3 programming layer <2025-01-18>
(/usr/local/texlive/2025/texmf-dist/tex/latex/memoir/memoir.cls
Document Class: memoir 2025/03/06 v3.8.3 configurable book, report, article document class
(/usr/local/texlive/2025/texmf-dist/tex/latex/xpatch/xpatch.sty (/usr/local/texlive/2025/texmf-dist/tex/latex/l3kernel/expl3.sty
Package: expl3 2025-01-18 L3 programming layer (loader) 
 (/usr/local/texlive/2025/texmf-dist/tex/latex/l3backend/l3backend-pdftex.def
File: l3backend-pdftex.def 2024-05-08 L3 backend support: PDF output (pdfTeX)
\l__color_backend_stack_int=\count196
\l__pdf_internal_box=\box52
))
Package: xpatch 2020/03/25 v0.3a Extending etoolbox patching commands
 (/usr/local/texlive/2025/texmf-dist/tex/latex/l3packages/xparse/xparse.sty
Package: xparse 2024-08-16 L3 Experimental document command parser
) (/usr/local/texlive/2025/texmf-dist/tex/latex/etoolbox/etoolbox.sty
Package: etoolbox 2025/02/11 v2.5l e-TeX tools for LaTeX (JAW)
\etb@tempcnta=\count197
))
\onelineskip=\skip49
\lxvchars=\skip50
\xlvchars=\skip51
\@memcnta=\count198
\c@@memmarkcntra=\count199
 (/usr/local/texlive/2025/texmf-dist/tex/generic/iftex/iftex.sty
Package: iftex 2024/12/12 v1.0g TeX engine tests
)
\trimtop=\skip52
\trimedge=\skip53
 (/usr/local/texlive/2025/texmf-dist/tex/latex/memoir/mem10.clo
File: mem10.clo 2022/07/29 v0.5 memoir class 10pt size option
)
\binding=\skip54
\spinemargin=\skip55
\foremargin=\skip56
\uppermargin=\skip57
\lowermargin=\skip58
\headdrop=\skip59
\normalrulethickness=\skip60
\mem@maxheadheight=\skip61
\mem@maxfootheight=\skip62
\headwidth=\skip63
\c@storedpagenumber=\count266
\memPD=\dimen141
\m@mabparskip=\skip64
\thanksmarkwidth=\skip65
\thanksmarksep=\skip66
\droptitle=\skip67
\c@book=\count267
\c@part=\count268
\c@chapter=\count269
\c@section=\count270
\c@subsection=\count271
\c@subsubsection=\count272
\c@paragraph=\count273
\c@subparagraph=\count274
\beforechapskip=\skip68
\midchapskip=\skip69
\afterchapskip=\skip70
\chapindent=\skip71
\bottomsectionskip=\skip72
\secindent=\skip73
\beforesecskip=\skip74
\aftersecskip=\skip75
\subsecindent=\skip76
\beforesubsecskip=\skip77
\aftersubsecskip=\skip78
\subsubsecindent=\skip79
\beforesubsubsecskip=\skip80
\aftersubsubsecskip=\skip81
\paraindent=\skip82
\beforeparaskip=\skip83
\afterparaskip=\skip84
\subparaindent=\skip85
\beforesubparaskip=\skip86
\aftersubparaskip=\skip87
\pfbreakskip=\skip88
\c@@ppsavesec=\count275
\c@@ppsaveapp=\count276
\ragrparindent=\dimen142
\everylistparindent=\dimen143
\parsepi=\skip89
\topsepi=\skip90
\itemsepi=\skip91
\parsepii=\skip92
\topsepii=\skip93
\topsepiii=\skip94
\itemsepii=\skip95
\itemsepiii=\skip96
\partopsepii=\skip97
\partopsepiii=\skip98
\m@msavetopsep=\skip99
\m@msavepartopsep=\skip100
\@enLab=\toks17
\abstitleskip=\skip101
\absleftindent=\skip102
\abs@leftindent=\dimen144
\absrightindent=\skip103
\absparindent=\skip104
\absparsep=\skip105
\c@vslineno=\count277
\c@poemline=\count278
\c@modulo@vs=\count279
\c@memfvsline=\count280
\vleftskip=\skip106
\vrightskip=\skip107
\stanzaskip=\skip108
\versewidth=\skip109
\vgap=\skip110
\vindent=\skip111
\vleftmargin=\dimen145
\c@verse=\count281
\c@chrsinstr=\count282
\beforepoemtitleskip=\skip112
\afterpoemtitleskip=\skip113
\c@poem=\count283
\beforePoemTitleskip=\skip114
\midPoemTitleskip=\skip115
\afterPoemTitleskip=\skip116
 (/usr/local/texlive/2025/texmf-dist/tex/latex/tools/array.sty
Package: array 2024/10/17 v2.6g Tabular extension package (FMi)
\col@sep=\dimen146
\ar@mcellbox=\box53
\extrarowheight=\dimen147
\NC@list=\toks18
\extratabsurround=\skip117
\backup@length=\skip118
\ar@cellbox=\box54
) (/usr/local/texlive/2025/texmf-dist/tex/latex/tools/dcolumn.sty
Package: dcolumn 2023/07/08 v1.06 decimal alignment package (DPC)
) (/usr/local/texlive/2025/texmf-dist/tex/latex/tools/delarray.sty
Package: delarray 2014/10/28 v1.01 array delimiter package (DPC)
) (/usr/local/texlive/2025/texmf-dist/tex/latex/tools/tabularx.sty
Package: tabularx 2023/12/11 v2.12a `tabularx' package (DPC)
\TX@col@width=\dimen148
\TX@old@table=\dimen149
\TX@old@col=\dimen150
\TX@target=\dimen151
\TX@delta=\dimen152
\TX@cols=\count284
\TX@ftn=\toks19
) (/usr/local/texlive/2025/texmf-dist/tex/latex/booktabs/booktabs.sty
Package: booktabs 2020/01/12 v1.61803398 Publication quality tables
\heavyrulewidth=\dimen153
\lightrulewidth=\dimen154
\cmidrulewidth=\dimen155
\belowrulesep=\dimen156
\belowbottomsep=\dimen157
\aboverulesep=\dimen158
\abovetopsep=\dimen159
\cmidrulesep=\dimen160
\cmidrulekern=\dimen161
\defaultaddspace=\dimen162
\@cmidla=\count285
\@cmidlb=\count286
\@aboverulesep=\dimen163
\@belowrulesep=\dimen164
\@thisruleclass=\count287
\@lastruleclass=\count288
\@thisrulewidth=\dimen165
)
\ctableftskip=\skip119
\ctabrightskip=\skip120
\abovecolumnspenalty=\count289
\@linestogo=\count290
\@cellstogo=\count291
\@cellsincolumn=\count292
\crtok=\toks20
\@mincolumnwidth=\dimen166
\c@newflo@tctr=\count293
\mem@margin@floatbox=\box55
\@contcwidth=\skip121
\@contindw=\skip122
\abovecaptionskip=\skip123
\belowcaptionskip=\skip124
\subfloattopskip=\skip125
\subfloatcapskip=\skip126
\subfloatcaptopadj=\skip127
\subfloatbottomskip=\skip128
\subfloatlabelskip=\skip129
\subfloatcapmargin=\dimen167
\c@@contsubnum=\count294
\m@mscap@capbox=\box56
\m@mscap@fbox=\box57
\sidecapsep=\dimen168
\sidecapwidth=\dimen169
\m@m@tempdima=\dimen170
\m@mscapraise=\dimen171
\sidecapraise=\dimen172
\m@mscapmainwidth=\dimen173
\m@mscaplkern=\dimen174
\beforeepigraphskip=\skip130
\afterepigraphskip=\skip131
\epigraphwidth=\skip132
\epigraphrule=\skip133
LaTeX Info: Redefining \em on input line 7017.
LaTeX Info: Redefining \emph on input line 7025.
 (/usr/local/texlive/2025/texmf-dist/tex/latex/hyperref/nameref.sty
Package: nameref 2023-11-26 v2.56 Cross-referencing by name of section
 (/usr/local/texlive/2025/texmf-dist/tex/latex/refcount/refcount.sty
Package: refcount 2019/12/15 v3.6 Data extraction from label references (HO)
 (/usr/local/texlive/2025/texmf-dist/tex/generic/ltxcmds/ltxcmds.sty
Package: ltxcmds 2023-12-04 v1.26 LaTeX kernel commands for general use (HO)
) (/usr/local/texlive/2025/texmf-dist/tex/generic/infwarerr/infwarerr.sty
Package: infwarerr 2019/12/03 v1.5 Providing info/warning/error messages (HO)
)) (/usr/local/texlive/2025/texmf-dist/tex/generic/gettitlestring/gettitlestring.sty
Package: gettitlestring 2019/12/15 v1.6 Cleanup title references (HO)
 (/usr/local/texlive/2025/texmf-dist/tex/latex/kvoptions/kvoptions.sty
Package: kvoptions 2022-06-15 v3.15 Key value format for package options (HO)
 (/usr/local/texlive/2025/texmf-dist/tex/latex/graphics/keyval.sty
Package: keyval 2022/05/29 v1.15 key=value parser (DPC)
\KV@toks@=\toks21
) (/usr/local/texlive/2025/texmf-dist/tex/latex/kvsetkeys/kvsetkeys.sty
Package: kvsetkeys 2022-10-05 v1.19 Key value parser (HO)
)))
\c@section@level=\count295
)
\tocentryskip=\skip134
\tocbaseline=\skip135
\cftparskip=\skip136
\cftbeforebookskip=\skip137
\cftbookindent=\dimen175
\cftbooknumwidth=\dimen176
\cftbeforepartskip=\skip138
\cftpartindent=\skip139
\cftpartnumwidth=\skip140
\cftbeforechapterskip=\skip141
\cftchapterindent=\skip142
\cftchapternumwidth=\skip143
\cftbeforesectionskip=\skip144
\cftsectionindent=\skip145
\cftsectionnumwidth=\skip146
\cftbeforesubsectionskip=\skip147
\cftsubsectionindent=\skip148
\cftsubsectionnumwidth=\skip149
\cftbeforesubsubsectionskip=\skip150
\cftsubsubsectionindent=\skip151
\cftsubsubsectionnumwidth=\skip152
\cftbeforeparagraphskip=\skip153
\cftparagraphindent=\skip154
\cftparagraphnumwidth=\skip155
\cftbeforesubparagraphskip=\skip156
\cftsubparagraphindent=\skip157
\cftsubparagraphnumwidth=\skip158
\prechapterprecisshift=\dimen177
\c@maxsecnumdepth=\count296
\bibindent=\dimen178
\bibitemsep=\skip159
\indexcolsep=\skip160
\indexrule=\skip161
\indexmarkstyle=\toks22
\@indexbox=\insert252
LaTeX Info: Redefining \raggedbottom on input line 8107.
LaTeX Info: Redefining \flushbottom on input line 8111.
\glossarycolsep=\dimen179
\glossaryrule=\dimen180
\sideparvshift=\skip162
\sideins=\insert251
\sidebartopsep=\skip163
\sidebarhsep=\skip164
\sidebarvsep=\skip165
\sidebarwidth=\skip166
\footmarkwidth=\skip167
\footmarksep=\skip168
\footparindent=\skip169
\footinsdim=\skip170
\footinsv@r=\insert250
\@mpfootinsv@r=\insert249
\m@m@k=\count297
\m@m@h=\dimen181
\m@mipn@skip=\skip171
\sidefootins=\insert248
\sidefootadjust=\skip172
\sidefootheight=\skip173
\sidefoothsep=\skip174
\sidefootvsep=\skip175
\sidefootwidth=\skip176
\m@mdownsf=\skip177
\c@sidefootnote=\count298
\sidefootmarkwidth=\skip178
\sidefootmarksep=\skip179
\sidefootparindent=\skip180
\c@pagenote=\count299
\c@pagenoteshadow=\count300
\mem@pn@lastkern=\skip181
 (/usr/local/texlive/2025/texmf-dist/tex/latex/tools/verbatim.sty
Package: verbatim 2024-01-22 v1.5x LaTeX2e package for verbatim enhancements
\every@verbatim=\toks23
\verbatim@line=\toks24
\verbatim@in@stream=\read2
)
\verbatimindent=\skip182
\verbatim@out=\write3
 (/usr/local/texlive/2025/texmf-dist/tex/latex/base/shortvrb.sty
Package: shortvrb 2024/10/23 v3.0q Standard LaTeX documentation package V3 (FMi)
)
\bvboxsep=\skip183
\c@memfbvline=\count301
\c@bvlinectr=\count302
\bvnumlength=\skip184
\fb@frw=\dimen182
\fb@frh=\dimen183
\FrameRule=\dimen184
\FrameSep=\dimen185
\c@cp@cntr=\count303
\c@ism@mctr=\count304
\c@xsm@mctr=\count305
\c@csm@mctr=\count306
\c@ksm@mctr=\count307
\c@xksm@mctr=\count308
\c@cksm@mctr=\count309
\c@msm@mctr=\count310
\c@xmsm@mctr=\count311
\c@cmsm@mctr=\count312
\c@bsm@mctr=\count313
\c@workm@mctr=\count314
\c@sheetsequence=\count315
\c@lastsheet=\count316
\c@lastpage=\count317
 (/usr/local/texlive/2025/texmf-dist/tex/latex/textcase/textcase.sty
Package: textcase 2025/02/16 v1.05 Text only upper/lower case changing (DPC)
Package textcase Info: Defining Legacy names on input line 20.
)
\c@figure=\count318
\c@lofdepth=\count319
\cftbeforefigureskip=\skip185
\cftfigureindent=\skip186
\cftfigurenumwidth=\skip187
\c@table=\count320
\c@lotdepth=\count321
\cftbeforetableskip=\skip188
\cfttableindent=\skip189
\cfttablenumwidth=\skip190
Package abstract [2008/07/23] emulated by memoir.
Package appendix [2008/07/23] emulated by memoir.
Package ccaption [2008/07/23] emulated by memoir.
Package changepage [2008/07/23] emulated by memoir.
Package chngcntr [2008/07/23] emulated by memoir.
Package chngpage [2008/07/23] emulated by memoir.
Package crop emulated by memoir.
Package enumerate [2008/07/23] emulated by memoir.
Package epigraph [2008/07/23] emulated by memoir.
Package ifmtarg [2008/07/23] emulated by memoir.
Package index [2008/07/23] emulated by memoir.
Package makeidx [2008/07/23] emulated by memoir.
Package moreverb [2008/07/23] emulated by memoir.
Package needspace [2008/07/23] emulated by memoir.
Package newfile [2008/07/23] emulated by memoir.
Package nextpage [2008/07/23] emulated by memoir.
Package pagenote [2008/07/23] emulated by memoir.
Package parskip [2008/07/23] emulated by memoir.
Package patchcmd [2008/07/23] emulated by memoir.
Package setspace [2008/07/23] emulated by memoir.
Package showidx [2008/07/23] emulated by memoir.
Package titleref [2008/07/23] emulated by memoir.
Package titling [2008/07/23] emulated by memoir.
Package tocbibind [2008/07/23] emulated by memoir.
Package tocloft [2008/07/23] emulated by memoir.
Package tocvsec2 [2008/07/23] emulated by memoir.
Package verse [2008/07/23] emulated by memoir.
) (/Users/gcrescenzo/Documents/School/LaTeX Documents/latex-class-notes/preamble-hw.tex (/usr/local/texlive/2025/texmf-dist/tex/latex/base/fontenc.sty
Package: fontenc 2021/04/29 v2.0v Standard LaTeX package
) (/usr/local/texlive/2025/texmf-dist/tex/latex/base/inputenc.sty
Package: inputenc 2024/02/08 v1.3d Input encoding file
\inpenc@prehook=\toks25
\inpenc@posthook=\toks26
 (/usr/local/texlive/2025/texmf-dist/tex/latex/ucs/utf8x.def
File: utf8x.def 2023/11/09 UCS: Input encoding UTF-8


Package ucs Info: utf8x disabled, assuming standard utf8 processing
(ucs)             load ucs package to force utf8x processing.

(/usr/local/texlive/2025/texmf-dist/tex/latex/base/utf8.def
File: utf8.def 2022/06/07 v1.3c UTF-8 support
Now handling font encoding OML ...
... no UTF-8 mapping file for font encoding OML
Now handling font encoding OMS ...
... processing UTF-8 mapping file for font encoding OMS
 (/usr/local/texlive/2025/texmf-dist/tex/latex/base/omsenc.dfu
File: omsenc.dfu 2022/06/07 v1.3c UTF-8 support
   defining Unicode char U+00A7 (decimal 167)
   defining Unicode char U+00B6 (decimal 182)
   defining Unicode char U+00B7 (decimal 183)
   defining Unicode char U+2020 (decimal 8224)
   defining Unicode char U+2021 (decimal 8225)
   defining Unicode char U+2022 (decimal 8226)
)
Now handling font encoding OT1 ...
... processing UTF-8 mapping file for font encoding OT1
 (/usr/local/texlive/2025/texmf-dist/tex/latex/base/ot1enc.dfu
File: ot1enc.dfu 2022/06/07 v1.3c UTF-8 support
   defining Unicode char U+00A0 (decimal 160)
   defining Unicode char U+00A1 (decimal 161)
   defining Unicode char U+00A3 (decimal 163)
   defining Unicode char U+00AD (decimal 173)
   defining Unicode char U+00B8 (decimal 184)
   defining Unicode char U+00BF (decimal 191)
   defining Unicode char U+00C5 (decimal 197)
   defining Unicode char U+00C6 (decimal 198)
   defining Unicode char U+00D8 (decimal 216)
   defining Unicode char U+00DF (decimal 223)
   defining Unicode char U+00E6 (decimal 230)
   defining Unicode char U+00EC (decimal 236)
   defining Unicode char U+00ED (decimal 237)
   defining Unicode char U+00EE (decimal 238)
   defining Unicode char U+00EF (decimal 239)
   defining Unicode char U+00F8 (decimal 248)
   defining Unicode char U+0131 (decimal 305)
   defining Unicode char U+0141 (decimal 321)
   defining Unicode char U+0142 (decimal 322)
   defining Unicode char U+0152 (decimal 338)
   defining Unicode char U+0153 (decimal 339)
   defining Unicode char U+0174 (decimal 372)
   defining Unicode char U+0175 (decimal 373)
   defining Unicode char U+0176 (decimal 374)
   defining Unicode char U+0177 (decimal 375)
   defining Unicode char U+0218 (decimal 536)
   defining Unicode char U+0219 (decimal 537)
   defining Unicode char U+021A (decimal 538)
   defining Unicode char U+021B (decimal 539)
   defining Unicode char U+0237 (decimal 567)
   defining Unicode char U+2013 (decimal 8211)
   defining Unicode char U+2014 (decimal 8212)
   defining Unicode char U+2018 (decimal 8216)
   defining Unicode char U+2019 (decimal 8217)
   defining Unicode char U+201C (decimal 8220)
   defining Unicode char U+201D (decimal 8221)
   defining Unicode char U+FB00 (decimal 64256)
   defining Unicode char U+FB01 (decimal 64257)
   defining Unicode char U+FB02 (decimal 64258)
   defining Unicode char U+FB03 (decimal 64259)
   defining Unicode char U+FB04 (decimal 64260)
   defining Unicode char U+FB05 (decimal 64261)
   defining Unicode char U+FB06 (decimal 64262)
)
Now handling font encoding T1 ...
... processing UTF-8 mapping file for font encoding T1
 (/usr/local/texlive/2025/texmf-dist/tex/latex/base/t1enc.dfu
File: t1enc.dfu 2022/06/07 v1.3c UTF-8 support
   defining Unicode char U+00A0 (decimal 160)
   defining Unicode char U+00A1 (decimal 161)
   defining Unicode char U+00A3 (decimal 163)
   defining Unicode char U+00AB (decimal 171)
   defining Unicode char U+00AD (decimal 173)
   defining Unicode char U+00BB (decimal 187)
   defining Unicode char U+00BF (decimal 191)
   defining Unicode char U+00C0 (decimal 192)
   defining Unicode char U+00C1 (decimal 193)
   defining Unicode char U+00C2 (decimal 194)
   defining Unicode char U+00C3 (decimal 195)
   defining Unicode char U+00C4 (decimal 196)
   defining Unicode char U+00C5 (decimal 197)
   defining Unicode char U+00C6 (decimal 198)
   defining Unicode char U+00C7 (decimal 199)
   defining Unicode char U+00C8 (decimal 200)
   defining Unicode char U+00C9 (decimal 201)
   defining Unicode char U+00CA (decimal 202)
   defining Unicode char U+00CB (decimal 203)
   defining Unicode char U+00CC (decimal 204)
   defining Unicode char U+00CD (decimal 205)
   defining Unicode char U+00CE (decimal 206)
   defining Unicode char U+00CF (decimal 207)
   defining Unicode char U+00D0 (decimal 208)
   defining Unicode char U+00D1 (decimal 209)
   defining Unicode char U+00D2 (decimal 210)
   defining Unicode char U+00D3 (decimal 211)
   defining Unicode char U+00D4 (decimal 212)
   defining Unicode char U+00D5 (decimal 213)
   defining Unicode char U+00D6 (decimal 214)
   defining Unicode char U+00D8 (decimal 216)
   defining Unicode char U+00D9 (decimal 217)
   defining Unicode char U+00DA (decimal 218)
   defining Unicode char U+00DB (decimal 219)
   defining Unicode char U+00DC (decimal 220)
   defining Unicode char U+00DD (decimal 221)
   defining Unicode char U+00DE (decimal 222)
   defining Unicode char U+00DF (decimal 223)
   defining Unicode char U+00E0 (decimal 224)
   defining Unicode char U+00E1 (decimal 225)
   defining Unicode char U+00E2 (decimal 226)
   defining Unicode char U+00E3 (decimal 227)
   defining Unicode char U+00E4 (decimal 228)
   defining Unicode char U+00E5 (decimal 229)
   defining Unicode char U+00E6 (decimal 230)
   defining Unicode char U+00E7 (decimal 231)
   defining Unicode char U+00E8 (decimal 232)
   defining Unicode char U+00E9 (decimal 233)
   defining Unicode char U+00EA (decimal 234)
   defining Unicode char U+00EB (decimal 235)
   defining Unicode char U+00EC (decimal 236)
   defining Unicode char U+00ED (decimal 237)
   defining Unicode char U+00EE (decimal 238)
   defining Unicode char U+00EF (decimal 239)
   defining Unicode char U+00F0 (decimal 240)
   defining Unicode char U+00F1 (decimal 241)
   defining Unicode char U+00F2 (decimal 242)
   defining Unicode char U+00F3 (decimal 243)
   defining Unicode char U+00F4 (decimal 244)
   defining Unicode char U+00F5 (decimal 245)
   defining Unicode char U+00F6 (decimal 246)
   defining Unicode char U+00F8 (decimal 248)
   defining Unicode char U+00F9 (decimal 249)
   defining Unicode char U+00FA (decimal 250)
   defining Unicode char U+00FB (decimal 251)
   defining Unicode char U+00FC (decimal 252)
   defining Unicode char U+00FD (decimal 253)
   defining Unicode char U+00FE (decimal 254)
   defining Unicode char U+00FF (decimal 255)
   defining Unicode char U+0100 (decimal 256)
   defining Unicode char U+0101 (decimal 257)
   defining Unicode char U+0102 (decimal 258)
   defining Unicode char U+0103 (decimal 259)
   defining Unicode char U+0104 (decimal 260)
   defining Unicode char U+0105 (decimal 261)
   defining Unicode char U+0106 (decimal 262)
   defining Unicode char U+0107 (decimal 263)
   defining Unicode char U+0108 (decimal 264)
   defining Unicode char U+0109 (decimal 265)
   defining Unicode char U+010A (decimal 266)
   defining Unicode char U+010B (decimal 267)
   defining Unicode char U+010C (decimal 268)
   defining Unicode char U+010D (decimal 269)
   defining Unicode char U+010E (decimal 270)
   defining Unicode char U+010F (decimal 271)
   defining Unicode char U+0110 (decimal 272)
   defining Unicode char U+0111 (decimal 273)
   defining Unicode char U+0112 (decimal 274)
   defining Unicode char U+0113 (decimal 275)
   defining Unicode char U+0114 (decimal 276)
   defining Unicode char U+0115 (decimal 277)
   defining Unicode char U+0116 (decimal 278)
   defining Unicode char U+0117 (decimal 279)
   defining Unicode char U+0118 (decimal 280)
   defining Unicode char U+0119 (decimal 281)
   defining Unicode char U+011A (decimal 282)
   defining Unicode char U+011B (decimal 283)
   defining Unicode char U+011C (decimal 284)
   defining Unicode char U+011D (decimal 285)
   defining Unicode char U+011E (decimal 286)
   defining Unicode char U+011F (decimal 287)
   defining Unicode char U+0120 (decimal 288)
   defining Unicode char U+0121 (decimal 289)
   defining Unicode char U+0122 (decimal 290)
   defining Unicode char U+0123 (decimal 291)
   defining Unicode char U+0124 (decimal 292)
   defining Unicode char U+0125 (decimal 293)
   defining Unicode char U+0128 (decimal 296)
   defining Unicode char U+0129 (decimal 297)
   defining Unicode char U+012A (decimal 298)
   defining Unicode char U+012B (decimal 299)
   defining Unicode char U+012C (decimal 300)
   defining Unicode char U+012D (decimal 301)
   defining Unicode char U+012E (decimal 302)
   defining Unicode char U+012F (decimal 303)
   defining Unicode char U+0130 (decimal 304)
   defining Unicode char U+0131 (decimal 305)
   defining Unicode char U+0132 (decimal 306)
   defining Unicode char U+0133 (decimal 307)
   defining Unicode char U+0134 (decimal 308)
   defining Unicode char U+0135 (decimal 309)
   defining Unicode char U+0136 (decimal 310)
   defining Unicode char U+0137 (decimal 311)
   defining Unicode char U+0139 (decimal 313)
   defining Unicode char U+013A (decimal 314)
   defining Unicode char U+013B (decimal 315)
   defining Unicode char U+013C (decimal 316)
   defining Unicode char U+013D (decimal 317)
   defining Unicode char U+013E (decimal 318)
   defining Unicode char U+0141 (decimal 321)
   defining Unicode char U+0142 (decimal 322)
   defining Unicode char U+0143 (decimal 323)
   defining Unicode char U+0144 (decimal 324)
   defining Unicode char U+0145 (decimal 325)
   defining Unicode char U+0146 (decimal 326)
   defining Unicode char U+0147 (decimal 327)
   defining Unicode char U+0148 (decimal 328)
   defining Unicode char U+014A (decimal 330)
   defining Unicode char U+014B (decimal 331)
   defining Unicode char U+014C (decimal 332)
   defining Unicode char U+014D (decimal 333)
   defining Unicode char U+014E (decimal 334)
   defining Unicode char U+014F (decimal 335)
   defining Unicode char U+0150 (decimal 336)
   defining Unicode char U+0151 (decimal 337)
   defining Unicode char U+0152 (decimal 338)
   defining Unicode char U+0153 (decimal 339)
   defining Unicode char U+0154 (decimal 340)
   defining Unicode char U+0155 (decimal 341)
   defining Unicode char U+0156 (decimal 342)
   defining Unicode char U+0157 (decimal 343)
   defining Unicode char U+0158 (decimal 344)
   defining Unicode char U+0159 (decimal 345)
   defining Unicode char U+015A (decimal 346)
   defining Unicode char U+015B (decimal 347)
   defining Unicode char U+015C (decimal 348)
   defining Unicode char U+015D (decimal 349)
   defining Unicode char U+015E (decimal 350)
   defining Unicode char U+015F (decimal 351)
   defining Unicode char U+0160 (decimal 352)
   defining Unicode char U+0161 (decimal 353)
   defining Unicode char U+0162 (decimal 354)
   defining Unicode char U+0163 (decimal 355)
   defining Unicode char U+0164 (decimal 356)
   defining Unicode char U+0165 (decimal 357)
   defining Unicode char U+0168 (decimal 360)
   defining Unicode char U+0169 (decimal 361)
   defining Unicode char U+016A (decimal 362)
   defining Unicode char U+016B (decimal 363)
   defining Unicode char U+016C (decimal 364)
   defining Unicode char U+016D (decimal 365)
   defining Unicode char U+016E (decimal 366)
   defining Unicode char U+016F (decimal 367)
   defining Unicode char U+0170 (decimal 368)
   defining Unicode char U+0171 (decimal 369)
   defining Unicode char U+0172 (decimal 370)
   defining Unicode char U+0173 (decimal 371)
   defining Unicode char U+0174 (decimal 372)
   defining Unicode char U+0175 (decimal 373)
   defining Unicode char U+0176 (decimal 374)
   defining Unicode char U+0177 (decimal 375)
   defining Unicode char U+0178 (decimal 376)
   defining Unicode char U+0179 (decimal 377)
   defining Unicode char U+017A (decimal 378)
   defining Unicode char U+017B (decimal 379)
   defining Unicode char U+017C (decimal 380)
   defining Unicode char U+017D (decimal 381)
   defining Unicode char U+017E (decimal 382)
   defining Unicode char U+01C4 (decimal 452)
   defining Unicode char U+01C5 (decimal 453)
   defining Unicode char U+01C6 (decimal 454)
   defining Unicode char U+01C7 (decimal 455)
   defining Unicode char U+01C8 (decimal 456)
   defining Unicode char U+01C9 (decimal 457)
   defining Unicode char U+01CA (decimal 458)
   defining Unicode char U+01CB (decimal 459)
   defining Unicode char U+01CC (decimal 460)
   defining Unicode char U+01CD (decimal 461)
   defining Unicode char U+01CE (decimal 462)
   defining Unicode char U+01CF (decimal 463)
   defining Unicode char U+01D0 (decimal 464)
   defining Unicode char U+01D1 (decimal 465)
   defining Unicode char U+01D2 (decimal 466)
   defining Unicode char U+01D3 (decimal 467)
   defining Unicode char U+01D4 (decimal 468)
   defining Unicode char U+01E2 (decimal 482)
   defining Unicode char U+01E3 (decimal 483)
   defining Unicode char U+01E6 (decimal 486)
   defining Unicode char U+01E7 (decimal 487)
   defining Unicode char U+01E8 (decimal 488)
   defining Unicode char U+01E9 (decimal 489)
   defining Unicode char U+01EA (decimal 490)
   defining Unicode char U+01EB (decimal 491)
   defining Unicode char U+01F0 (decimal 496)
   defining Unicode char U+01F4 (decimal 500)
   defining Unicode char U+01F5 (decimal 501)
   defining Unicode char U+0218 (decimal 536)
   defining Unicode char U+0219 (decimal 537)
   defining Unicode char U+021A (decimal 538)
   defining Unicode char U+021B (decimal 539)
   defining Unicode char U+0232 (decimal 562)
   defining Unicode char U+0233 (decimal 563)
   defining Unicode char U+0237 (decimal 567)
   defining Unicode char U+02D9 (decimal 729)
   defining Unicode char U+02DB (decimal 731)
   defining Unicode char U+1E02 (decimal 7682)
   defining Unicode char U+1E03 (decimal 7683)
   defining Unicode char U+1E0D (decimal 7693)
   defining Unicode char U+1E1E (decimal 7710)
   defining Unicode char U+1E1F (decimal 7711)
   defining Unicode char U+1E25 (decimal 7717)
   defining Unicode char U+1E30 (decimal 7728)
   defining Unicode char U+1E31 (decimal 7729)
   defining Unicode char U+1E37 (decimal 7735)
   defining Unicode char U+1E8E (decimal 7822)
   defining Unicode char U+1E8F (decimal 7823)
   defining Unicode char U+1E43 (decimal 7747)
   defining Unicode char U+1E45 (decimal 7749)
   defining Unicode char U+1E47 (decimal 7751)
   defining Unicode char U+1E5B (decimal 7771)
   defining Unicode char U+1E63 (decimal 7779)
   defining Unicode char U+1E6D (decimal 7789)
   defining Unicode char U+1E90 (decimal 7824)
   defining Unicode char U+1E91 (decimal 7825)
   defining Unicode char U+1E9E (decimal 7838)
   defining Unicode char U+1EF2 (decimal 7922)
   defining Unicode char U+1EF3 (decimal 7923)
   defining Unicode char U+200C (decimal 8204)
   defining Unicode char U+2010 (decimal 8208)
   defining Unicode char U+2011 (decimal 8209)
   defining Unicode char U+2012 (decimal 8210)
   defining Unicode char U+2013 (decimal 8211)
   defining Unicode char U+2014 (decimal 8212)
   defining Unicode char U+2015 (decimal 8213)
   defining Unicode char U+2018 (decimal 8216)
   defining Unicode char U+2019 (decimal 8217)
   defining Unicode char U+201A (decimal 8218)
   defining Unicode char U+201C (decimal 8220)
   defining Unicode char U+201D (decimal 8221)
   defining Unicode char U+201E (decimal 8222)
   defining Unicode char U+2030 (decimal 8240)
   defining Unicode char U+2031 (decimal 8241)
   defining Unicode char U+2039 (decimal 8249)
   defining Unicode char U+203A (decimal 8250)
   defining Unicode char U+2423 (decimal 9251)
   defining Unicode char U+1E20 (decimal 7712)
   defining Unicode char U+1E21 (decimal 7713)
   defining Unicode char U+FB00 (decimal 64256)
   defining Unicode char U+FB01 (decimal 64257)
   defining Unicode char U+FB02 (decimal 64258)
   defining Unicode char U+FB03 (decimal 64259)
   defining Unicode char U+FB04 (decimal 64260)
   defining Unicode char U+FB05 (decimal 64261)
   defining Unicode char U+FB06 (decimal 64262)
)
Now handling font encoding TS1 ...
... processing UTF-8 mapping file for font encoding TS1
 (/usr/local/texlive/2025/texmf-dist/tex/latex/base/ts1enc.dfu
File: ts1enc.dfu 2022/06/07 v1.3c UTF-8 support
   defining Unicode char U+00A2 (decimal 162)
   defining Unicode char U+00A3 (decimal 163)
   defining Unicode char U+00A4 (decimal 164)
   defining Unicode char U+00A5 (decimal 165)
   defining Unicode char U+00A6 (decimal 166)
   defining Unicode char U+00A7 (decimal 167)
   defining Unicode char U+00A8 (decimal 168)
   defining Unicode char U+00A9 (decimal 169)
   defining Unicode char U+00AA (decimal 170)
   defining Unicode char U+00AC (decimal 172)
   defining Unicode char U+00AE (decimal 174)
   defining Unicode char U+00AF (decimal 175)
   defining Unicode char U+00B0 (decimal 176)
   defining Unicode char U+00B1 (decimal 177)
   defining Unicode char U+00B2 (decimal 178)
   defining Unicode char U+00B3 (decimal 179)
   defining Unicode char U+00B4 (decimal 180)
   defining Unicode char U+00B5 (decimal 181)
   defining Unicode char U+00B6 (decimal 182)
   defining Unicode char U+00B7 (decimal 183)
   defining Unicode char U+00B9 (decimal 185)
   defining Unicode char U+00BA (decimal 186)
   defining Unicode char U+00BC (decimal 188)
   defining Unicode char U+00BD (decimal 189)
   defining Unicode char U+00BE (decimal 190)
   defining Unicode char U+00D7 (decimal 215)
   defining Unicode char U+00F7 (decimal 247)
   defining Unicode char U+0192 (decimal 402)
   defining Unicode char U+02C7 (decimal 711)
   defining Unicode char U+02D8 (decimal 728)
   defining Unicode char U+02DD (decimal 733)
   defining Unicode char U+0E3F (decimal 3647)
   defining Unicode char U+2016 (decimal 8214)
   defining Unicode char U+2020 (decimal 8224)
   defining Unicode char U+2021 (decimal 8225)
   defining Unicode char U+2022 (decimal 8226)
   defining Unicode char U+2030 (decimal 8240)
   defining Unicode char U+2031 (decimal 8241)
   defining Unicode char U+203B (decimal 8251)
   defining Unicode char U+203D (decimal 8253)
   defining Unicode char U+2044 (decimal 8260)
   defining Unicode char U+204E (decimal 8270)
   defining Unicode char U+2052 (decimal 8274)
   defining Unicode char U+20A1 (decimal 8353)
   defining Unicode char U+20A4 (decimal 8356)
   defining Unicode char U+20A6 (decimal 8358)
   defining Unicode char U+20A9 (decimal 8361)
   defining Unicode char U+20AB (decimal 8363)
   defining Unicode char U+20AC (decimal 8364)
   defining Unicode char U+20B1 (decimal 8369)
   defining Unicode char U+2103 (decimal 8451)
   defining Unicode char U+2116 (decimal 8470)
   defining Unicode char U+2117 (decimal 8471)
   defining Unicode char U+211E (decimal 8478)
   defining Unicode char U+2120 (decimal 8480)
   defining Unicode char U+2122 (decimal 8482)
   defining Unicode char U+2126 (decimal 8486)
   defining Unicode char U+2127 (decimal 8487)
   defining Unicode char U+212E (decimal 8494)
   defining Unicode char U+2190 (decimal 8592)
   defining Unicode char U+2191 (decimal 8593)
   defining Unicode char U+2192 (decimal 8594)
   defining Unicode char U+2193 (decimal 8595)
   defining Unicode char U+2329 (decimal 9001)
   defining Unicode char U+3008 (decimal 12296)
   defining Unicode char U+232A (decimal 9002)
   defining Unicode char U+3009 (decimal 12297)
   defining Unicode char U+2422 (decimal 9250)
   defining Unicode char U+25E6 (decimal 9702)
   defining Unicode char U+25EF (decimal 9711)
   defining Unicode char U+266A (decimal 9834)
   defining Unicode char U+27E8 (decimal 10216)
   defining Unicode char U+27E9 (decimal 10217)
   defining Unicode char U+FEFF (decimal 65279)
)
Now handling font encoding OMX ...
... no UTF-8 mapping file for font encoding OMX
Now handling font encoding U ...
... no UTF-8 mapping file for font encoding U
   defining Unicode char U+00A9 (decimal 169)
   defining Unicode char U+00AA (decimal 170)
   defining Unicode char U+00AE (decimal 174)
   defining Unicode char U+00BA (decimal 186)
   defining Unicode char U+02C6 (decimal 710)
   defining Unicode char U+02DC (decimal 732)
   defining Unicode char U+200C (decimal 8204)
   defining Unicode char U+2026 (decimal 8230)
   defining Unicode char U+2122 (decimal 8482)
   defining Unicode char U+2423 (decimal 9251)
   defining Unicode char U+FEFF (decimal 65279)
))) (/usr/local/texlive/2025/texmf-dist/tex/latex/amsmath/amsmath.sty
Package: amsmath 2024/11/05 v2.17t AMS math features
\@mathmargin=\skip191

For additional information on amsmath, use the `?' option.
(/usr/local/texlive/2025/texmf-dist/tex/latex/amsmath/amstext.sty
Package: amstext 2021/08/26 v2.01 AMS text
 (/usr/local/texlive/2025/texmf-dist/tex/latex/amsmath/amsgen.sty
File: amsgen.sty 1999/11/30 v2.0 generic functions
\@emptytoks=\toks27
\ex@=\dimen186
)) (/usr/local/texlive/2025/texmf-dist/tex/latex/amsmath/amsbsy.sty
Package: amsbsy 1999/11/29 v1.2d Bold Symbols
\pmbraise@=\dimen187
) (/usr/local/texlive/2025/texmf-dist/tex/latex/amsmath/amsopn.sty
Package: amsopn 2022/04/08 v2.04 operator names
)
\inf@bad=\count322
LaTeX Info: Redefining \frac on input line 233.
\uproot@=\count323
\leftroot@=\count324
LaTeX Info: Redefining \overline on input line 398.
LaTeX Info: Redefining \colon on input line 409.
\classnum@=\count325
\DOTSCASE@=\count326
LaTeX Info: Redefining \ldots on input line 495.
LaTeX Info: Redefining \dots on input line 498.
LaTeX Info: Redefining \cdots on input line 619.
\Mathstrutbox@=\box58
\strutbox@=\box59
LaTeX Info: Redefining \big on input line 721.
LaTeX Info: Redefining \Big on input line 722.
LaTeX Info: Redefining \bigg on input line 723.
LaTeX Info: Redefining \Bigg on input line 724.
\big@size=\dimen188
LaTeX Font Info:    Redeclaring font encoding OML on input line 742.
LaTeX Font Info:    Redeclaring font encoding OMS on input line 743.
\macc@depth=\count327
LaTeX Info: Redefining \bmod on input line 904.
LaTeX Info: Redefining \pmod on input line 909.
LaTeX Info: Redefining \smash on input line 939.
LaTeX Info: Redefining \relbar on input line 969.
LaTeX Info: Redefining \Relbar on input line 970.
\c@MaxMatrixCols=\count328
\dotsspace@=\muskip17
\c@parentequation=\count329
\dspbrk@lvl=\count330
\tag@help=\toks28
\row@=\count331
\column@=\count332
\maxfields@=\count333
\andhelp@=\toks29
\eqnshift@=\dimen189
\alignsep@=\dimen190
\tagshift@=\dimen191
\tagwidth@=\dimen192
\totwidth@=\dimen193
\lineht@=\dimen194
\@envbody=\toks30
\multlinegap=\skip192
\multlinetaggap=\skip193
\mathdisplay@stack=\toks31
LaTeX Info: Redefining \[ on input line 2953.
LaTeX Info: Redefining \] on input line 2954.
) (/usr/local/texlive/2025/texmf-dist/tex/latex/mathtools/mathtools.sty
Package: mathtools 2024/10/04 v1.31 mathematical typesetting tools
 (/usr/local/texlive/2025/texmf-dist/tex/latex/tools/calc.sty
Package: calc 2023/07/08 v4.3 Infix arithmetic (KKT,FJ)
\calc@Acount=\count334
\calc@Bcount=\count335
\calc@Adimen=\dimen195
\calc@Bdimen=\dimen196
\calc@Askip=\skip194
\calc@Bskip=\skip195
LaTeX Info: Redefining \setlength on input line 80.
LaTeX Info: Redefining \addtolength on input line 81.
\calc@Ccount=\count336
\calc@Cskip=\skip196
) (/usr/local/texlive/2025/texmf-dist/tex/latex/mathtools/mhsetup.sty
Package: mhsetup 2021/03/18 v1.4 programming setup (MH)
)
\g_MT_multlinerow_int=\count337
\l_MT_multwidth_dim=\dimen197
\origjot=\skip197
\l_MT_shortvdotswithinadjustabove_dim=\dimen198
\l_MT_shortvdotswithinadjustbelow_dim=\dimen199
\l_MT_above_intertext_sep=\dimen256
\l_MT_below_intertext_sep=\dimen257
\l_MT_above_shortintertext_sep=\dimen258
\l_MT_below_shortintertext_sep=\dimen259
\xmathstrut@box=\box60
\xmathstrut@dim=\dimen260
) (/usr/local/texlive/2025/texmf-dist/tex/latex/amscls/amsthm.sty
Package: amsthm 2020/05/29 v2.20.6
\thm@style=\toks32
\thm@bodyfont=\toks33
\thm@headfont=\toks34
\thm@notefont=\toks35
\thm@headpunct=\toks36
\thm@preskip=\skip198
\thm@postskip=\skip199
\thm@headsep=\skip256
\dth@everypar=\toks37
) (/usr/local/texlive/2025/texmf-dist/tex/latex/amsfonts/amssymb.sty
Package: amssymb 2013/01/14 v3.01 AMS font symbols
 (/usr/local/texlive/2025/texmf-dist/tex/latex/amsfonts/amsfonts.sty
Package: amsfonts 2013/01/14 v3.01 Basic AMSFonts support
\symAMSa=\mathgroup4
\symAMSb=\mathgroup5
LaTeX Font Info:    Redeclaring math symbol \hbar on input line 98.
LaTeX Font Info:    Overwriting math alphabet `\mathfrak' in version `bold'
(Font)                  U/euf/m/n --> U/euf/b/n on input line 106.
)) (/usr/local/texlive/2025/texmf-dist/tex/latex/newpx/newpxtext.sty
Package: newpxtext 2025/02/10 v1.541(Michael Sharpe) latex and unicode latex support for TeXGyrePagellaX
 `newpxtext' v1.541, 2025/02/10 Text macros taking advantage of TeXGyre Pagella and its extensions (msharpe) (/usr/local/texlive/2025/texmf-dist/tex/latex/base/fontenc.sty
Package: fontenc 2021/04/29 v2.0v Standard LaTeX package
) (/usr/local/texlive/2025/texmf-dist/tex/latex/xcolor/xcolor.sty
Package: xcolor 2024/09/29 v3.02 LaTeX color extensions (UK)
 (/usr/local/texlive/2025/texmf-dist/tex/latex/graphics-cfg/color.cfg
File: color.cfg 2016/01/02 v1.6 sample color configuration
)
Package xcolor Info: Driver file: pdftex.def on input line 274.
 (/usr/local/texlive/2025/texmf-dist/tex/latex/graphics-def/pdftex.def
File: pdftex.def 2024/04/13 v1.2c Graphics/color driver for pdftex
) (/usr/local/texlive/2025/texmf-dist/tex/latex/graphics/mathcolor.ltx)
Package xcolor Info: Model `cmy' substituted by `cmy0' on input line 1349.
Package xcolor Info: Model `hsb' substituted by `rgb' on input line 1353.
Package xcolor Info: Model `RGB' extended on input line 1365.
Package xcolor Info: Model `HTML' substituted by `rgb' on input line 1367.
Package xcolor Info: Model `Hsb' substituted by `hsb' on input line 1368.
Package xcolor Info: Model `tHsb' substituted by `hsb' on input line 1369.
Package xcolor Info: Model `HSB' substituted by `hsb' on input line 1370.
Package xcolor Info: Model `Gray' substituted by `gray' on input line 1371.
Package xcolor Info: Model `wave' substituted by `hsb' on input line 1372.
) (/usr/local/texlive/2025/texmf-dist/tex/latex/xkeyval/xkeyval.sty
Package: xkeyval 2022/06/16 v2.9 package option processing (HA)
 (/usr/local/texlive/2025/texmf-dist/tex/generic/xkeyval/xkeyval.tex (/usr/local/texlive/2025/texmf-dist/tex/generic/xkeyval/xkvutils.tex
\XKV@toks=\toks38
\XKV@tempa@toks=\toks39
)
\XKV@depth=\count338
File: xkeyval.tex 2014/12/03 v2.7a key=value parser (HA)
)) (/usr/local/texlive/2025/texmf-dist/tex/latex/base/textcomp.sty
Package: textcomp 2024/04/24 v2.1b Standard LaTeX package
) (/usr/local/texlive/2025/texmf-dist/tex/generic/xstring/xstring.sty (/usr/local/texlive/2025/texmf-dist/tex/generic/xstring/xstring.tex
\xs_counta=\count339
\xs_countb=\count340
)
Package: xstring 2023/08/22 v1.86 String manipulations (CT)
) (/usr/local/texlive/2025/texmf-dist/tex/latex/base/ifthen.sty
Package: ifthen 2024/03/16 v1.1e Standard LaTeX ifthen package (DPC)
) (/usr/local/texlive/2025/texmf-dist/tex/latex/carlisle/scalefnt.sty)
LaTeX Font Info:    Setting zplLF sub-encoding to TS1/0 on input line 40.
LaTeX Font Info:    Setting zplTLF sub-encoding to TS1/0 on input line 40.
LaTeX Font Info:    Setting zplOsF sub-encoding to TS1/0 on input line 40.
LaTeX Font Info:    Setting zplTOsF sub-encoding to TS1/0 on input line 40.
\zpl@cnt=\count341
 (/usr/local/texlive/2025/texmf-dist/tex/latex/fontaxes/fontaxes.sty
Package: fontaxes 2020/07/21 v1.0e Font selection axes
LaTeX Info: Redefining \upshape on input line 29.
LaTeX Info: Redefining \itshape on input line 31.
LaTeX Info: Redefining \slshape on input line 33.
LaTeX Info: Redefining \swshape on input line 35.
LaTeX Info: Redefining \scshape on input line 37.
LaTeX Info: Redefining \sscshape on input line 39.
LaTeX Info: Redefining \ulcshape on input line 41.
LaTeX Info: Redefining \textsw on input line 47.
LaTeX Info: Redefining \textssc on input line 48.
LaTeX Info: Redefining \textulc on input line 49.
)
\zpl@sixem=\dimen261
\zpl@y=\dimen262
\zpl@x=\dimen263
\zpl@tmpdima=\dimen264
\zpl@tmpdimb=\dimen265
\zpl@tmpdimc=\dimen266
\zpl@tmpdimd=\dimen267
\zpl@tmpdime=\dimen268
\zpl@tmpdimf=\dimen269
\zpl@dimA=\dimen270
\zpl@dimAA=\dimen271
\zpl@dimB=\dimen272
\zpl@dimBB=\dimen273
\zpl@dimC=\dimen274
LaTeX Info: Redefining \oldstylenums on input line 807.
LaTeX Font Info:    Trying to load font information for T1+zplLF on input line 815.
 (/usr/local/texlive/2025/texmf-dist/tex/latex/newpx/t1zpllf.fd
File: t1zplllf.fd 2021/05/25 v1.0 font definition file for T1/zpl/lf
)
LaTeX Font Info:    Trying to load font information for T1+zplTLF on input line 816.
 (/usr/local/texlive/2025/texmf-dist/tex/latex/newpx/t1zpltlf.fd
File: t1zpltlf.fd 2021/05/25 v1.0 font definition file for T1/zpl/tlf
)
LaTeX Font Info:    Trying to load font information for T1+zplOsF on input line 817.
 (/usr/local/texlive/2025/texmf-dist/tex/latex/newpx/t1zplosf.fd
File: t1zplosf.fd 2021/05/25 v1.0 font definition file for T1/zpl/osf
)
LaTeX Font Info:    Trying to load font information for T1+zplTOsF on input line 818.
 (/usr/local/texlive/2025/texmf-dist/tex/latex/newpx/t1zpltosf.fd
File: t1zpltosf.fd 2021/05/25 v1.0 font definition file for T1/zpl/tosf
)) (/usr/local/texlive/2025/texmf-dist/tex/latex/eulerpx/eulerpx.sty
Package: eulerpx 2022/07/14 v1.0

Package: `eulerpx' v1.0 <2022/07/14>
(/usr/local/texlive/2025/texmf-dist/tex/latex/newpx/newpxmath.sty
Package: newpxmath 2025/01/29 v1.540
 `newpxmath' v1.540, 2025/01/29 Math macros based on pxfonts (msharpe) (/usr/local/texlive/2025/texmf-dist/tex/generic/kastrup/binhex.tex) (/usr/local/texlive/2025/texmf-dist/tex/latex/oberdiek/centernot.sty
Package: centernot 2016/05/16 v1.4 Centers the not symbol horizontally (HO)
)
\px@tA=\toks40
\px@tB=\toks41
\px@su=\read3
\px@Isdigit=\count342

amsthm NOT loaded
LaTeX Font Info:    Redeclaring symbol font `operators' on input line 222.
LaTeX Font Info:    Overwriting symbol font `operators' in version `normal'
(Font)                  OT1/cmr/m/n --> OT1/minzpl/m/n on input line 222.
LaTeX Font Info:    Overwriting symbol font `operators' in version `bold'
(Font)                  OT1/cmr/bx/n --> OT1/minzpl/m/n on input line 222.
LaTeX Font Info:    Overwriting symbol font `operators' in version `bold'
(Font)                  OT1/minzpl/m/n --> OT1/minzpl/b/n on input line 223.
LaTeX Font Info:    Redeclaring math alphabet \mathsf on input line 226.
LaTeX Font Info:    Overwriting math alphabet `\mathsf' in version `normal'
(Font)                  OT1/cmss/m/n --> T1/qhv/m/n on input line 226.
LaTeX Font Info:    Overwriting math alphabet `\mathsf' in version `bold'
(Font)                  OT1/cmss/bx/n --> T1/qhv/m/n on input line 226.
LaTeX Font Info:    Redeclaring math alphabet \mathit on input line 227.
LaTeX Font Info:    Overwriting math alphabet `\mathit' in version `normal'
(Font)                  OT1/cmr/m/it --> OT1/minzpl/m/it on input line 227.
LaTeX Font Info:    Overwriting math alphabet `\mathit' in version `bold'
(Font)                  OT1/cmr/bx/it --> OT1/minzpl/m/it on input line 227.
LaTeX Font Info:    Redeclaring math alphabet \mathtt on input line 228.
LaTeX Font Info:    Overwriting math alphabet `\mathtt' in version `normal'
(Font)                  OT1/cmtt/m/n --> T1/npxtt/m/n on input line 228.
LaTeX Font Info:    Overwriting math alphabet `\mathtt' in version `bold'
(Font)                  OT1/cmtt/m/n --> T1/npxtt/m/n on input line 228.
LaTeX Font Info:    Redeclaring math alphabet \mathbf on input line 230.
LaTeX Font Info:    Overwriting math alphabet `\mathbf' in version `normal'
(Font)                  OT1/cmr/bx/n --> OT1/minzpl/b/n on input line 230.
LaTeX Font Info:    Overwriting math alphabet `\mathbf' in version `bold'
(Font)                  OT1/cmr/bx/n --> OT1/minzpl/b/n on input line 230.
LaTeX Font Info:    Overwriting math alphabet `\mathit' in version `bold'
(Font)                  OT1/minzpl/m/it --> OT1/minzpl/b/it on input line 231.
LaTeX Font Info:    Overwriting math alphabet `\mathsf' in version `bold'
(Font)                  T1/qhv/m/n --> T1/qhv/b/n on input line 233.
LaTeX Font Info:    Overwriting math alphabet `\mathtt' in version `bold'
(Font)                  T1/npxtt/m/n --> T1/npxtt/b/n on input line 234.
LaTeX Font Info:    Redeclaring symbol font `letters' on input line 245.
LaTeX Font Info:    Overwriting symbol font `letters' in version `normal'
(Font)                  OML/cmm/m/it --> OML/npxmi/m/it on input line 245.
LaTeX Font Info:    Overwriting symbol font `letters' in version `bold'
(Font)                  OML/cmm/b/it --> OML/npxmi/m/it on input line 245.
LaTeX Font Info:    Overwriting symbol font `letters' in version `bold'
(Font)                  OML/npxmi/m/it --> OML/npxmi/b/it on input line 246.
\symlettersA=\mathgroup6
LaTeX Font Info:    Overwriting symbol font `lettersA' in version `bold'
(Font)                  U/npxmia/m/it --> U/npxmia/b/it on input line 264.
LaTeX Font Info:    Redeclaring math alphabet \mathfrak on input line 266.
Now handling font encoding LMS ...
... no UTF-8 mapping file for font encoding LMS
LaTeX Font Info:    Redeclaring symbol font `symbols' on input line 274.
LaTeX Font Info:    Encoding `OMS' has changed to `LMS' for symbol font
(Font)              `symbols' in the math version `normal' on input line 274.
LaTeX Font Info:    Overwriting symbol font `symbols' in version `normal'
(Font)                  OMS/cmsy/m/n --> LMS/npxsy/m/n on input line 274.
LaTeX Font Info:    Encoding `OMS' has changed to `LMS' for symbol font
(Font)              `symbols' in the math version `bold' on input line 274.
LaTeX Font Info:    Overwriting symbol font `symbols' in version `bold'
(Font)                  OMS/cmsy/b/n --> LMS/npxsy/m/n on input line 274.
LaTeX Font Info:    Overwriting symbol font `symbols' in version `bold'
(Font)                  LMS/npxsy/m/n --> LMS/npxsy/b/n on input line 275.
\symAMSm=\mathgroup7
LaTeX Font Info:    Overwriting symbol font `AMSm' in version `bold'
(Font)                  U/npxsym/m/n --> U/npxsym/b/n on input line 295.
\symsymbolsC=\mathgroup8
LaTeX Font Info:    Overwriting symbol font `symbolsC' in version `bold'
(Font)                  U/npxsyc/m/n --> U/npxsyc/b/n on input line 317.
Now handling font encoding LMX ...
... no UTF-8 mapping file for font encoding LMX
LaTeX Font Info:    Redeclaring symbol font `largesymbols' on input line 337.
LaTeX Font Info:    Encoding `OMX' has changed to `LMX' for symbol font
(Font)              `largesymbols' in the math version `normal' on input line 337.
LaTeX Font Info:    Overwriting symbol font `largesymbols' in version `normal'
(Font)                  OMX/cmex/m/n --> LMX/npxexx/m/n on input line 337.
LaTeX Font Info:    Encoding `OMX' has changed to `LMX' for symbol font
(Font)              `largesymbols' in the math version `bold' on input line 337.
LaTeX Font Info:    Overwriting symbol font `largesymbols' in version `bold'
(Font)                  OMX/cmex/m/n --> LMX/npxexx/m/n on input line 337.
LaTeX Font Info:    Overwriting symbol font `largesymbols' in version `bold'
(Font)                  LMX/npxexx/m/n --> LMX/npxexx/b/n on input line 338.
\symlargesymbolsPXA=\mathgroup9
LaTeX Font Info:    Overwriting symbol font `largesymbolsPXA' in version `bold'
(Font)                  U/npxexa/m/n --> U/npxexa/b/n on input line 345.
\px@cntz=\count343
\px@IsAlNum=\count344
\px@sbptoks=\toks42
LaTeX Font Info:    Redeclaring math delimiter \lfloor on input line 500.
LaTeX Font Info:    Redeclaring math delimiter \rfloor on input line 501.
LaTeX Font Info:    Redeclaring math delimiter \lceil on input line 502.
LaTeX Font Info:    Redeclaring math delimiter \rceil on input line 503.
LaTeX Font Info:    Redeclaring math delimiter \lbrace on input line 508.
LaTeX Font Info:    Redeclaring math delimiter \rbrace on input line 509.
LaTeX Font Info:    Redeclaring math delimiter \langle on input line 511.
LaTeX Font Info:    Redeclaring math delimiter \rangle on input line 513.
LaTeX Font Info:    Redeclaring math delimiter \arrowvert on input line 517.
LaTeX Font Info:    Redeclaring math delimiter \vert on input line 518.
LaTeX Font Info:    Redeclaring math symbol \parallel on input line 519.
LaTeX Font Info:    Redeclaring math delimiter \Arrowvert on input line 520.
LaTeX Font Info:    Redeclaring math accent \grave on input line 560.
LaTeX Font Info:    Redeclaring math accent \acute on input line 561.
LaTeX Font Info:    Redeclaring math accent \hat on input line 562.
LaTeX Font Info:    Redeclaring math accent \tilde on input line 563.
LaTeX Font Info:    Redeclaring math accent \bar on input line 564.
LaTeX Font Info:    Redeclaring math accent \breve on input line 565.
LaTeX Font Info:    Redeclaring math accent \mathring on input line 566.
LaTeX Font Info:    Redeclaring math accent \check on input line 567.
LaTeX Font Info:    Redeclaring math accent \dot on input line 571.
LaTeX Font Info:    Redeclaring math accent \ddot on input line 572.
LaTeX Font Info:    Redeclaring math accent \vec on input line 1617.
LaTeX Info: Redefining \Bbbk on input line 2194.
LaTeX Info: Redefining \not on input line 2534.
LaTeX Info: Redefining \textsquare on input line 2549.
LaTeX Info: Redefining \openbox on input line 2551.
)
LaTeX Font Info:    Redeclaring math symbol \ldotp on input line 104.
LaTeX Font Info:    Redeclaring symbol font `operators' on input line 108.
LaTeX Font Info:    Overwriting symbol font `operators' in version `normal'
(Font)                  OT1/minzpl/m/n --> OT1/minzpl/m/n on input line 108.
LaTeX Font Info:    Overwriting symbol font `operators' in version `bold'
(Font)                  OT1/minzpl/b/n --> OT1/minzpl/m/n on input line 108.
LaTeX Font Info:    Overwriting symbol font `operators' in version `bold'
(Font)                  OT1/minzpl/m/n --> OT1/minzpl/b/n on input line 109.
LaTeX Font Info:    Redeclaring math alphabet \mathsf on input line 114.
LaTeX Font Info:    Overwriting math alphabet `\mathsf' in version `normal'
(Font)                  T1/qhv/m/n --> T1/qhv/m/n on input line 114.
LaTeX Font Info:    Overwriting math alphabet `\mathsf' in version `bold'
(Font)                  T1/qhv/b/n --> T1/qhv/m/n on input line 114.
LaTeX Font Info:    Redeclaring math alphabet \mathit on input line 115.
LaTeX Font Info:    Overwriting math alphabet `\mathit' in version `normal'
(Font)                  OT1/minzpl/m/it --> OT1/minzpl/m/it on input line 115.
LaTeX Font Info:    Overwriting math alphabet `\mathit' in version `bold'
(Font)                  OT1/minzpl/b/it --> OT1/minzpl/m/it on input line 115.
LaTeX Font Info:    Redeclaring math alphabet \mathtt on input line 116.
LaTeX Font Info:    Overwriting math alphabet `\mathtt' in version `normal'
(Font)                  T1/npxtt/m/n --> T1/npxtt/m/n on input line 116.
LaTeX Font Info:    Overwriting math alphabet `\mathtt' in version `bold'
(Font)                  T1/npxtt/b/n --> T1/npxtt/m/n on input line 116.
LaTeX Font Info:    Overwriting math alphabet `\mathsf' in version `bold'
(Font)                  T1/qhv/m/n --> T1/qhv/b/n on input line 117.
LaTeX Font Info:    Overwriting math alphabet `\mathit' in version `bold'
(Font)                  OT1/minzpl/m/it --> OT1/minzpl/b/it on input line 118.
LaTeX Font Info:    Overwriting math alphabet `\mathtt' in version `bold'
(Font)                  T1/npxtt/m/n --> T1/npxtt/b/n on input line 119.
LaTeX Font Info:    Redeclaring math alphabet \mathbf on input line 120.
LaTeX Font Info:    Overwriting math alphabet `\mathbf' in version `normal'
(Font)                  OT1/minzpl/b/n --> OT1/minzpl/b/n on input line 120.
LaTeX Font Info:    Overwriting math alphabet `\mathbf' in version `bold'
(Font)                  OT1/minzpl/b/n --> OT1/minzpl/b/n on input line 120.
\symEulerRoman=\mathgroup10
LaTeX Font Info:    Overwriting symbol font `EulerRoman' in version `bold'
(Font)                  U/zeur/m/n --> U/zeur/b/n on input line 124.
LaTeX Font Info:    Overwriting math alphabet `\mathscr' in version `bold'
(Font)                  U/zeus/m/n --> U/zeus/b/n on input line 132.
LaTeX Font Info:    Overwriting math alphabet `\mathfrak' in version `bold'
(Font)                  U/euf/m/n --> U/euf/b/n on input line 151.
LaTeX Font Info:    Redeclaring math symbol \Gamma on input line 156.
LaTeX Font Info:    Redeclaring math symbol \Delta on input line 157.
LaTeX Font Info:    Redeclaring math symbol \Theta on input line 158.
LaTeX Font Info:    Redeclaring math symbol \Lambda on input line 159.
LaTeX Font Info:    Redeclaring math symbol \Xi on input line 160.
LaTeX Font Info:    Redeclaring math symbol \Pi on input line 161.
LaTeX Font Info:    Redeclaring math symbol \Sigma on input line 162.
LaTeX Font Info:    Redeclaring math symbol \Upsilon on input line 163.
LaTeX Font Info:    Redeclaring math symbol \Phi on input line 164.
LaTeX Font Info:    Redeclaring math symbol \Psi on input line 165.
LaTeX Font Info:    Redeclaring math symbol \Omega on input line 166.
LaTeX Font Info:    Redeclaring math symbol \alpha on input line 169.
LaTeX Font Info:    Redeclaring math symbol \beta on input line 170.
LaTeX Font Info:    Redeclaring math symbol \gamma on input line 171.
LaTeX Font Info:    Redeclaring math symbol \delta on input line 172.
LaTeX Font Info:    Redeclaring math symbol \epsilon on input line 173.
LaTeX Font Info:    Redeclaring math symbol \zeta on input line 174.
LaTeX Font Info:    Redeclaring math symbol \eta on input line 175.
LaTeX Font Info:    Redeclaring math symbol \theta on input line 176.
LaTeX Font Info:    Redeclaring math symbol \iota on input line 177.
LaTeX Font Info:    Redeclaring math symbol \kappa on input line 178.
LaTeX Font Info:    Redeclaring math symbol \lambda on input line 179.
LaTeX Font Info:    Redeclaring math symbol \mu on input line 180.
LaTeX Font Info:    Redeclaring math symbol \nu on input line 181.
LaTeX Font Info:    Redeclaring math symbol \xi on input line 182.
LaTeX Font Info:    Redeclaring math symbol \pi on input line 183.
LaTeX Font Info:    Redeclaring math symbol \rho on input line 184.
LaTeX Font Info:    Redeclaring math symbol \sigma on input line 185.
LaTeX Font Info:    Redeclaring math symbol \tau on input line 186.
LaTeX Font Info:    Redeclaring math symbol \upsilon on input line 187.
LaTeX Font Info:    Redeclaring math symbol \phi on input line 188.
LaTeX Font Info:    Redeclaring math symbol \chi on input line 189.
LaTeX Font Info:    Redeclaring math symbol \psi on input line 190.
LaTeX Font Info:    Redeclaring math symbol \omega on input line 191.
LaTeX Font Info:    Redeclaring math symbol \varepsilon on input line 192.
LaTeX Font Info:    Redeclaring math symbol \vartheta on input line 193.
LaTeX Font Info:    Redeclaring math symbol \varpi on input line 194.
LaTeX Font Info:    Redeclaring math symbol \varphi on input line 197.
LaTeX Font Info:    Redeclaring math symbol \partial on input line 215.
LaTeX Font Info:    Redeclaring math symbol \ell on input line 245.
LaTeX Font Info:    Redeclaring math symbol \imath on input line 275.
LaTeX Font Info:    Redeclaring math symbol \jmath on input line 276.
LaTeX Font Info:    Redeclaring math symbol \wp on input line 277.
) (/usr/local/texlive/2025/texmf-dist/tex/latex/jknapltx/mathrsfs.sty
Package: mathrsfs 1996/01/01 Math RSFS package v1.0 (jk)
\symrsfs=\mathgroup11
LaTeX Font Info:    Redeclaring math alphabet \mathscr on input line 9.
) (/usr/local/texlive/2025/texmf-dist/tex/latex/amsfonts/eucal.sty
Package: eucal 2009/06/22 v3.00 Euler Script fonts
LaTeX Font Info:    Overwriting math alphabet `\EuScript' in version `bold'
(Font)                  U/eus/m/n --> U/eus/b/n on input line 33.
) (/usr/local/texlive/2025/texmf-dist/tex/latex/geometry/geometry.sty
Package: geometry 2020/01/02 v5.9 Page Geometry
 (/usr/local/texlive/2025/texmf-dist/tex/generic/iftex/ifvtex.sty
Package: ifvtex 2019/10/25 v1.7 ifvtex legacy package. Use iftex instead.
)
\Gm@cnth=\count345
\Gm@cntv=\count346
\c@Gm@tempcnt=\count347
\Gm@bindingoffset=\dimen275
\Gm@wd@mp=\dimen276
\Gm@odd@mp=\dimen277
\Gm@even@mp=\dimen278
\Gm@layoutwidth=\dimen279
\Gm@layoutheight=\dimen280
\Gm@layouthoffset=\dimen281
\Gm@layoutvoffset=\dimen282
\Gm@dimlist=\toks43
) (/usr/local/texlive/2025/texmf-dist/tex/latex/graphics/graphicx.sty
Package: graphicx 2021/09/16 v1.2d Enhanced LaTeX Graphics (DPC,SPQR)
 (/usr/local/texlive/2025/texmf-dist/tex/latex/graphics/graphics.sty
Package: graphics 2024/08/06 v1.4g Standard LaTeX Graphics (DPC,SPQR)
 (/usr/local/texlive/2025/texmf-dist/tex/latex/graphics/trig.sty
Package: trig 2023/12/02 v1.11 sin cos tan (DPC)
) (/usr/local/texlive/2025/texmf-dist/tex/latex/graphics-cfg/graphics.cfg
File: graphics.cfg 2016/06/04 v1.11 sample graphics configuration
)
Package graphics Info: Driver file: pdftex.def on input line 106.
)
\Gin@req@height=\dimen283
\Gin@req@width=\dimen284
)

Class memoir Warning: The fancyhdr package is not recommended with memoir.
(memoir)              We have our own well integrated interface to handle
(memoir)              headers and footers. See the manual section 7.3
(memoir)              onwards for details. on input line 36.

(/usr/local/texlive/2025/texmf-dist/tex/latex/fancyhdr/fancyhdr.sty
Package: fancyhdr 2025/02/07 v5.2 Extensive control of page headers and footers
\f@nch@headwidth=\skip257
\f@nch@offset@elh=\skip258
\f@nch@offset@erh=\skip259
\f@nch@offset@olh=\skip260
\f@nch@offset@orh=\skip261
\f@nch@offset@elf=\skip262
\f@nch@offset@erf=\skip263
\f@nch@offset@olf=\skip264
\f@nch@offset@orf=\skip265
\f@nch@height=\skip266
\f@nch@footalignment=\skip267
\f@nch@widthL=\skip268
\f@nch@widthC=\skip269
\f@nch@widthR=\skip270
\@temptokenb=\toks44
) (/usr/local/texlive/2025/texmf-dist/tex/latex/datetime/datetime.sty
Package: datetime 2015/03/20 v2.60 Date Time Package
 (/usr/local/texlive/2025/texmf-dist/tex/latex/fmtcount/fmtcount.sty
Package: fmtcount 2025/02/09 v3.10 Displaying the values of LaTeX counters (NT,VB,NE)
 (/usr/local/texlive/2025/texmf-dist/tex/latex/fmtcount/fcprefix.sty
Package: fcprefix 2012/09/28
 (/usr/local/texlive/2025/texmf-dist/tex/latex/fmtcount/fcnumparser.sty
Package: fcnumparser 2017/06/15
\fc@digit@counter=\count348
))
\c@padzeroesN=\count349
\fc@tmpcatcode=\count350
\@DT@modctr=\count351
\@ordinalctr=\count352
\@orgargctr=\count353
\@strctr=\count354
\@tmpstrctr=\count355
\@DT@loopN=\count356
\@DT@X=\count357


Package fmtcount Warning: \ordinal already defined use \FCordinal instead. on input line 438.

) (/usr/local/texlive/2025/texmf-dist/tex/latex/datetime/datetime-defaults.sty
Package: datetime-defaults 2013/09/10
)
\@day=\count358
\@month=\count359
\@year=\count360
\c@HOUR=\count361
\c@HOURXII=\count362
\c@MINUTE=\count363
\c@TOHOUR=\count364
\c@TOMINUTE=\count365
\c@SECOND=\count366
\currenthour=\count367
\currentminute=\count368
\currentsecond=\count369
Package datetime Info: No datetime.cfg file found, using default settings on input line 308.
\@dtctr=\count370
\dayofyear=\count371
\dayofweek=\count372
LaTeX Info: Redefining \today on input line 736.
\dt@a=\toks45
\dt@b=\toks46
) (/usr/local/texlive/2025/texmf-dist/tex/latex/keytheorems/keytheorems.sty
Package: keytheorems 2025-01-22 v0.2.5 l3keys interface to amsthm
 (/usr/local/texlive/2025/texmf-dist/tex/latex/oberdiek/aliascnt.sty
Package: aliascnt 2018/09/07 v1.5 Alias counters (HO)
) (/usr/local/texlive/2025/texmf-dist/tex/latex/translations/translations.sty
Package: translations 2022/02/05 v1.12 internationalization of LaTeX2e packages (CN)
 (/usr/local/texlive/2025/texmf-dist/tex/generic/pdftexcmds/pdftexcmds.sty
Package: pdftexcmds 2020-06-27 v0.33 Utility functions of pdfTeX for LuaTeX (HO)
Package pdftexcmds Info: \pdf@primitive is available.
Package pdftexcmds Info: \pdf@ifprimitive is available.
Package pdftexcmds Info: \pdfdraftmode found.
))
\l__keythms_tmpa_dim=\dimen285
\l__keythms_thm_currparindent_dim=\dimen286
\l__keythms_thm_currparskip_dim=\dimen287
\l__keythms_thm_tcbstate_int=\count373
\c@keythms_restate_dummyctr=\count374
\c@keythms_continues_dummyctr=\count375
\c@keythms_unnumbered_dummyctr=\count376
\c@keythms_manualnum_dummyctr=\count377
\l__keythms_thm_leftmargin_dim=\dimen288
\l__keythms_thm_rightmargin_dim=\dimen289
\keythms@listof@chaptervspace@dim=\dimen290
\l__keythms_listof_indent_dim=\dimen291
\l__keythms_listof_numwidth_dim=\dimen292
\g_keythms_listof_prevchapter_int=\count378
 (/usr/local/texlive/2025/texmf-dist/tex/latex/keytheorems/class-support/keythms-memoir-support.tex
File: keythms-memoir-support 2025-01-22 v0.2.5 keytheorems support for the memoir class
\c@thlistdepth=\count379
))
\g__keythms_thmstyle_def_tcbspaceabove_skip=\skip271
\g__keythms_thmstyle_def_tcbspacebelow_skip=\skip272
\g__keythms_thmstyle_thm_tcbspaceabove_skip=\skip273
\g__keythms_thmstyle_thm_tcbspacebelow_skip=\skip274
\c@theorem=\count380
\c@proposition=\count381
\c@lemma=\count382
\c@corollary=\count383
\c@definition=\count384
\c@example=\count385
\c@exercise=\count386
\c@problem=\count387
\c@axiom=\count388
 (/usr/local/texlive/2025/texmf-dist/tex/latex/enumitem/enumitem.sty
Package: enumitem 2025/02/06 v3.11 Customized lists
\labelindent=\skip275
\enit@outerparindent=\dimen293
\enit@toks=\toks47
\enit@inbox=\box61
\enit@count@id=\count389
\enitdp@description=\count390
)

Class memoir Warning: The titlesec package is not recommended with memoir.
(memoir)              With it we loose some of the features provides by the
(memoir)              class. We provide our own interface to adjust how 
(memoir)              sections and chapters should look like.
(memoir)              See the manual sections 6.4 through 6.6 for details.  on input line 149.

(/usr/local/texlive/2025/texmf-dist/tex/latex/titlesec/titlesec.sty
Package: titlesec 2025/01/04 v2.17 Sectioning titles
\ttl@box=\box62
\beforetitleunit=\skip276
\aftertitleunit=\skip277
\ttl@plus=\dimen294
\ttl@minus=\dimen295
\ttl@toksa=\toks48
\titlewidth=\dimen296
\titlewidthlast=\dimen297
\titlewidthfirst=\dimen298
) (/usr/local/texlive/2025/texmf-dist/tex/latex/pgf/frontendlayer/tikz.sty (/usr/local/texlive/2025/texmf-dist/tex/latex/pgf/basiclayer/pgf.sty (/usr/local/texlive/2025/texmf-dist/tex/latex/pgf/utilities/pgfrcs.sty (/usr/local/texlive/2025/texmf-dist/tex/generic/pgf/utilities/pgfutil-common.tex
\pgfutil@everybye=\toks49
\pgfutil@tempdima=\dimen299
\pgfutil@tempdimb=\dimen300
) (/usr/local/texlive/2025/texmf-dist/tex/generic/pgf/utilities/pgfutil-latex.def
\pgfutil@abb=\box63
) (/usr/local/texlive/2025/texmf-dist/tex/generic/pgf/utilities/pgfrcs.code.tex (/usr/local/texlive/2025/texmf-dist/tex/generic/pgf/pgf.revision.tex)
Package: pgfrcs 2023-01-15 v3.1.10 (3.1.10)
))
Package: pgf 2023-01-15 v3.1.10 (3.1.10)
 (/usr/local/texlive/2025/texmf-dist/tex/latex/pgf/basiclayer/pgfcore.sty (/usr/local/texlive/2025/texmf-dist/tex/latex/pgf/systemlayer/pgfsys.sty (/usr/local/texlive/2025/texmf-dist/tex/generic/pgf/systemlayer/pgfsys.code.tex
Package: pgfsys 2023-01-15 v3.1.10 (3.1.10)
 (/usr/local/texlive/2025/texmf-dist/tex/generic/pgf/utilities/pgfkeys.code.tex
\pgfkeys@pathtoks=\toks50
\pgfkeys@temptoks=\toks51
 (/usr/local/texlive/2025/texmf-dist/tex/generic/pgf/utilities/pgfkeyslibraryfiltered.code.tex
\pgfkeys@tmptoks=\toks52
))
\pgf@x=\dimen301
\pgf@y=\dimen302
\pgf@xa=\dimen303
\pgf@ya=\dimen304
\pgf@xb=\dimen305
\pgf@yb=\dimen306
\pgf@xc=\dimen307
\pgf@yc=\dimen308
\pgf@xd=\dimen309
\pgf@yd=\dimen310
\w@pgf@writea=\write4
\r@pgf@reada=\read4
\c@pgf@counta=\count391
\c@pgf@countb=\count392
\c@pgf@countc=\count393
\c@pgf@countd=\count394
\t@pgf@toka=\toks53
\t@pgf@tokb=\toks54
\t@pgf@tokc=\toks55
\pgf@sys@id@count=\count395
 (/usr/local/texlive/2025/texmf-dist/tex/generic/pgf/systemlayer/pgf.cfg
File: pgf.cfg 2023-01-15 v3.1.10 (3.1.10)
)
Driver file for pgf: pgfsys-pdftex.def
 (/usr/local/texlive/2025/texmf-dist/tex/generic/pgf/systemlayer/pgfsys-pdftex.def
File: pgfsys-pdftex.def 2023-01-15 v3.1.10 (3.1.10)
 (/usr/local/texlive/2025/texmf-dist/tex/generic/pgf/systemlayer/pgfsys-common-pdf.def
File: pgfsys-common-pdf.def 2023-01-15 v3.1.10 (3.1.10)
))) (/usr/local/texlive/2025/texmf-dist/tex/generic/pgf/systemlayer/pgfsyssoftpath.code.tex
File: pgfsyssoftpath.code.tex 2023-01-15 v3.1.10 (3.1.10)
\pgfsyssoftpath@smallbuffer@items=\count396
\pgfsyssoftpath@bigbuffer@items=\count397
) (/usr/local/texlive/2025/texmf-dist/tex/generic/pgf/systemlayer/pgfsysprotocol.code.tex
File: pgfsysprotocol.code.tex 2023-01-15 v3.1.10 (3.1.10)
)) (/usr/local/texlive/2025/texmf-dist/tex/generic/pgf/basiclayer/pgfcore.code.tex
Package: pgfcore 2023-01-15 v3.1.10 (3.1.10)
 (/usr/local/texlive/2025/texmf-dist/tex/generic/pgf/math/pgfmath.code.tex (/usr/local/texlive/2025/texmf-dist/tex/generic/pgf/math/pgfmathutil.code.tex) (/usr/local/texlive/2025/texmf-dist/tex/generic/pgf/math/pgfmathparser.code.tex
\pgfmath@dimen=\dimen311
\pgfmath@count=\count398
\pgfmath@box=\box64
\pgfmath@toks=\toks56
\pgfmath@stack@operand=\toks57
\pgfmath@stack@operation=\toks58
) (/usr/local/texlive/2025/texmf-dist/tex/generic/pgf/math/pgfmathfunctions.code.tex) (/usr/local/texlive/2025/texmf-dist/tex/generic/pgf/math/pgfmathfunctions.basic.code.tex) (/usr/local/texlive/2025/texmf-dist/tex/generic/pgf/math/pgfmathfunctions.trigonometric.code.tex) (/usr/local/texlive/2025/texmf-dist/tex/generic/pgf/math/pgfmathfunctions.random.code.tex) (/usr/local/texlive/2025/texmf-dist/tex/generic/pgf/math/pgfmathfunctions.comparison.code.tex) (/usr/local/texlive/2025/texmf-dist/tex/generic/pgf/math/pgfmathfunctions.base.code.tex) (/usr/local/texlive/2025/texmf-dist/tex/generic/pgf/math/pgfmathfunctions.round.code.tex) (/usr/local/texlive/2025/texmf-dist/tex/generic/pgf/math/pgfmathfunctions.misc.code.tex) (/usr/local/texlive/2025/texmf-dist/tex/generic/pgf/math/pgfmathfunctions.integerarithmetics.code.tex) (/usr/local/texlive/2025/texmf-dist/tex/generic/pgf/math/pgfmathcalc.code.tex) (/usr/local/texlive/2025/texmf-dist/tex/generic/pgf/math/pgfmathfloat.code.tex
\c@pgfmathroundto@lastzeros=\count399
)) (/usr/local/texlive/2025/texmf-dist/tex/generic/pgf/math/pgfint.code.tex) (/usr/local/texlive/2025/texmf-dist/tex/generic/pgf/basiclayer/pgfcorepoints.code.tex
File: pgfcorepoints.code.tex 2023-01-15 v3.1.10 (3.1.10)
\pgf@picminx=\dimen312
\pgf@picmaxx=\dimen313
\pgf@picminy=\dimen314
\pgf@picmaxy=\dimen315
\pgf@pathminx=\dimen316
\pgf@pathmaxx=\dimen317
\pgf@pathminy=\dimen318
\pgf@pathmaxy=\dimen319
\pgf@xx=\dimen320
\pgf@xy=\dimen321
\pgf@yx=\dimen322
\pgf@yy=\dimen323
\pgf@zx=\dimen324
\pgf@zy=\dimen325
) (/usr/local/texlive/2025/texmf-dist/tex/generic/pgf/basiclayer/pgfcorepathconstruct.code.tex
File: pgfcorepathconstruct.code.tex 2023-01-15 v3.1.10 (3.1.10)
\pgf@path@lastx=\dimen326
\pgf@path@lasty=\dimen327
) (/usr/local/texlive/2025/texmf-dist/tex/generic/pgf/basiclayer/pgfcorepathusage.code.tex
File: pgfcorepathusage.code.tex 2023-01-15 v3.1.10 (3.1.10)
\pgf@shorten@end@additional=\dimen328
\pgf@shorten@start@additional=\dimen329
) (/usr/local/texlive/2025/texmf-dist/tex/generic/pgf/basiclayer/pgfcorescopes.code.tex
File: pgfcorescopes.code.tex 2023-01-15 v3.1.10 (3.1.10)
\pgfpic=\box65
\pgf@hbox=\box66
\pgf@layerbox@main=\box67
\pgf@picture@serial@count=\count400
) (/usr/local/texlive/2025/texmf-dist/tex/generic/pgf/basiclayer/pgfcoregraphicstate.code.tex
File: pgfcoregraphicstate.code.tex 2023-01-15 v3.1.10 (3.1.10)
\pgflinewidth=\dimen330
) (/usr/local/texlive/2025/texmf-dist/tex/generic/pgf/basiclayer/pgfcoretransformations.code.tex
File: pgfcoretransformations.code.tex 2023-01-15 v3.1.10 (3.1.10)
\pgf@pt@x=\dimen331
\pgf@pt@y=\dimen332
\pgf@pt@temp=\dimen333
) (/usr/local/texlive/2025/texmf-dist/tex/generic/pgf/basiclayer/pgfcorequick.code.tex
File: pgfcorequick.code.tex 2023-01-15 v3.1.10 (3.1.10)
) (/usr/local/texlive/2025/texmf-dist/tex/generic/pgf/basiclayer/pgfcoreobjects.code.tex
File: pgfcoreobjects.code.tex 2023-01-15 v3.1.10 (3.1.10)
) (/usr/local/texlive/2025/texmf-dist/tex/generic/pgf/basiclayer/pgfcorepathprocessing.code.tex
File: pgfcorepathprocessing.code.tex 2023-01-15 v3.1.10 (3.1.10)
) (/usr/local/texlive/2025/texmf-dist/tex/generic/pgf/basiclayer/pgfcorearrows.code.tex
File: pgfcorearrows.code.tex 2023-01-15 v3.1.10 (3.1.10)
\pgfarrowsep=\dimen334
) (/usr/local/texlive/2025/texmf-dist/tex/generic/pgf/basiclayer/pgfcoreshade.code.tex
File: pgfcoreshade.code.tex 2023-01-15 v3.1.10 (3.1.10)
\pgf@max=\dimen335
\pgf@sys@shading@range@num=\count401
\pgf@shadingcount=\count402
) (/usr/local/texlive/2025/texmf-dist/tex/generic/pgf/basiclayer/pgfcoreimage.code.tex
File: pgfcoreimage.code.tex 2023-01-15 v3.1.10 (3.1.10)
) (/usr/local/texlive/2025/texmf-dist/tex/generic/pgf/basiclayer/pgfcoreexternal.code.tex
File: pgfcoreexternal.code.tex 2023-01-15 v3.1.10 (3.1.10)
\pgfexternal@startupbox=\box68
) (/usr/local/texlive/2025/texmf-dist/tex/generic/pgf/basiclayer/pgfcorelayers.code.tex
File: pgfcorelayers.code.tex 2023-01-15 v3.1.10 (3.1.10)
) (/usr/local/texlive/2025/texmf-dist/tex/generic/pgf/basiclayer/pgfcoretransparency.code.tex
File: pgfcoretransparency.code.tex 2023-01-15 v3.1.10 (3.1.10)
) (/usr/local/texlive/2025/texmf-dist/tex/generic/pgf/basiclayer/pgfcorepatterns.code.tex
File: pgfcorepatterns.code.tex 2023-01-15 v3.1.10 (3.1.10)
) (/usr/local/texlive/2025/texmf-dist/tex/generic/pgf/basiclayer/pgfcorerdf.code.tex
File: pgfcorerdf.code.tex 2023-01-15 v3.1.10 (3.1.10)
))) (/usr/local/texlive/2025/texmf-dist/tex/generic/pgf/modules/pgfmoduleshapes.code.tex
File: pgfmoduleshapes.code.tex 2023-01-15 v3.1.10 (3.1.10)
\pgfnodeparttextbox=\box69
) (/usr/local/texlive/2025/texmf-dist/tex/generic/pgf/modules/pgfmoduleplot.code.tex
File: pgfmoduleplot.code.tex 2023-01-15 v3.1.10 (3.1.10)
) (/usr/local/texlive/2025/texmf-dist/tex/latex/pgf/compatibility/pgfcomp-version-0-65.sty
Package: pgfcomp-version-0-65 2023-01-15 v3.1.10 (3.1.10)
\pgf@nodesepstart=\dimen336
\pgf@nodesepend=\dimen337
) (/usr/local/texlive/2025/texmf-dist/tex/latex/pgf/compatibility/pgfcomp-version-1-18.sty
Package: pgfcomp-version-1-18 2023-01-15 v3.1.10 (3.1.10)
)) (/usr/local/texlive/2025/texmf-dist/tex/latex/pgf/utilities/pgffor.sty (/usr/local/texlive/2025/texmf-dist/tex/latex/pgf/utilities/pgfkeys.sty (/usr/local/texlive/2025/texmf-dist/tex/generic/pgf/utilities/pgfkeys.code.tex)) (/usr/local/texlive/2025/texmf-dist/tex/latex/pgf/math/pgfmath.sty (/usr/local/texlive/2025/texmf-dist/tex/generic/pgf/math/pgfmath.code.tex)) (/usr/local/texlive/2025/texmf-dist/tex/generic/pgf/utilities/pgffor.code.tex
Package: pgffor 2023-01-15 v3.1.10 (3.1.10)
\pgffor@iter=\dimen338
\pgffor@skip=\dimen339
\pgffor@stack=\toks59
\pgffor@toks=\toks60
)) (/usr/local/texlive/2025/texmf-dist/tex/generic/pgf/frontendlayer/tikz/tikz.code.tex
Package: tikz 2023-01-15 v3.1.10 (3.1.10)
 (/usr/local/texlive/2025/texmf-dist/tex/generic/pgf/libraries/pgflibraryplothandlers.code.tex
File: pgflibraryplothandlers.code.tex 2023-01-15 v3.1.10 (3.1.10)
\pgf@plot@mark@count=\count403
\pgfplotmarksize=\dimen340
)
\tikz@lastx=\dimen341
\tikz@lasty=\dimen342
\tikz@lastxsaved=\dimen343
\tikz@lastysaved=\dimen344
\tikz@lastmovetox=\dimen345
\tikz@lastmovetoy=\dimen346
\tikzleveldistance=\dimen347
\tikzsiblingdistance=\dimen348
\tikz@figbox=\box70
\tikz@figbox@bg=\box71
\tikz@tempbox=\box72
\tikz@tempbox@bg=\box73
\tikztreelevel=\count404
\tikznumberofchildren=\count405
\tikznumberofcurrentchild=\count406
\tikz@fig@count=\count407
 (/usr/local/texlive/2025/texmf-dist/tex/generic/pgf/modules/pgfmodulematrix.code.tex
File: pgfmodulematrix.code.tex 2023-01-15 v3.1.10 (3.1.10)
\pgfmatrixcurrentrow=\count408
\pgfmatrixcurrentcolumn=\count409
\pgf@matrix@numberofcolumns=\count410
)
\tikz@expandcount=\count411
 (/usr/local/texlive/2025/texmf-dist/tex/generic/pgf/frontendlayer/tikz/libraries/tikzlibrarytopaths.code.tex
File: tikzlibrarytopaths.code.tex 2023-01-15 v3.1.10 (3.1.10)
))) (/usr/local/texlive/2025/texmf-dist/tex/latex/tikz-cd/tikz-cd.sty
Package: tikz-cd 2021/05/04 v1.0 Commutative diagrams with TikZ
 (/usr/local/texlive/2025/texmf-dist/tex/generic/tikz-cd/tikzlibrarycd.code.tex (/usr/local/texlive/2025/texmf-dist/tex/generic/pgf/frontendlayer/tikz/libraries/tikzlibrarymatrix.code.tex
File: tikzlibrarymatrix.code.tex 2023-01-15 v3.1.10 (3.1.10)
) (/usr/local/texlive/2025/texmf-dist/tex/generic/pgf/frontendlayer/tikz/libraries/tikzlibraryquotes.code.tex
File: tikzlibraryquotes.code.tex 2023-01-15 v3.1.10 (3.1.10)
) (/usr/local/texlive/2025/texmf-dist/tex/generic/pgf/libraries/pgflibraryarrows.meta.code.tex
File: pgflibraryarrows.meta.code.tex 2023-01-15 v3.1.10 (3.1.10)
\pgfarrowinset=\dimen349
\pgfarrowlength=\dimen350
\pgfarrowwidth=\dimen351
\pgfarrowlinewidth=\dimen352
))) (/usr/local/texlive/2025/texmf-dist/tex/latex/float/float.sty
Package: float 2001/11/08 v1.3d Float enhancements (AL)
\c@float@type=\count412
\float@exts=\toks61
\float@box=\box74
\@float@everytoks=\toks62
\@floatcapt=\box75
) (/usr/local/texlive/2025/texmf-dist/tex/latex/wasysym/wasysym.sty
Package: wasysym 2020/01/19 v2.4 Wasy-2 symbol support package
\symwasy=\mathgroup12
LaTeX Font Info:    Overwriting symbol font `wasy' in version `bold'
(Font)                  U/wasy/m/n --> U/wasy/b/n on input line 93.
) (/usr/local/texlive/2025/texmf-dist/tex/latex/hyperref/hyperref.sty
Package: hyperref 2024-11-05 v7.01l Hypertext links for LaTeX
 (/usr/local/texlive/2025/texmf-dist/tex/generic/kvdefinekeys/kvdefinekeys.sty
Package: kvdefinekeys 2019-12-19 v1.6 Define keys (HO)
) (/usr/local/texlive/2025/texmf-dist/tex/generic/pdfescape/pdfescape.sty
Package: pdfescape 2019/12/09 v1.15 Implements pdfTeX's escape features (HO)
) (/usr/local/texlive/2025/texmf-dist/tex/latex/hycolor/hycolor.sty
Package: hycolor 2020-01-27 v1.10 Color options for hyperref/bookmark (HO)
) (/usr/local/texlive/2025/texmf-dist/tex/generic/stringenc/stringenc.sty
Package: stringenc 2019/11/29 v1.12 Convert strings between diff. encodings (HO)
)
\@linkdim=\dimen353
\Hy@linkcounter=\count413
\Hy@pagecounter=\count414
 (/usr/local/texlive/2025/texmf-dist/tex/latex/hyperref/pd1enc.def
File: pd1enc.def 2024-11-05 v7.01l Hyperref: PDFDocEncoding definition (HO)
Now handling font encoding PD1 ...
... no UTF-8 mapping file for font encoding PD1
) (/usr/local/texlive/2025/texmf-dist/tex/generic/intcalc/intcalc.sty
Package: intcalc 2019/12/15 v1.3 Expandable calculations with integers (HO)
)
\Hy@SavedSpaceFactor=\count415
 (/usr/local/texlive/2025/texmf-dist/tex/latex/hyperref/puenc.def
File: puenc.def 2024-11-05 v7.01l Hyperref: PDF Unicode definition (HO)
Now handling font encoding PU ...
... no UTF-8 mapping file for font encoding PU
)
Package hyperref Info: Hyper figures OFF on input line 4157.
Package hyperref Info: Link nesting OFF on input line 4162.
Package hyperref Info: Hyper index ON on input line 4165.
Package hyperref Info: Plain pages OFF on input line 4172.
Package hyperref Info: Backreferencing OFF on input line 4177.
Package hyperref Info: Implicit mode ON; LaTeX internals redefined.
Package hyperref Info: Bookmarks ON on input line 4424.
\c@Hy@tempcnt=\count416
 (/usr/local/texlive/2025/texmf-dist/tex/latex/url/url.sty
\Urlmuskip=\muskip18
Package: url 2013/09/16  ver 3.4  Verb mode for urls, etc.
)
LaTeX Info: Redefining \url on input line 4763.
\XeTeXLinkMargin=\dimen354
 (/usr/local/texlive/2025/texmf-dist/tex/generic/bitset/bitset.sty
Package: bitset 2019/12/09 v1.3 Handle bit-vector datatype (HO)
 (/usr/local/texlive/2025/texmf-dist/tex/generic/bigintcalc/bigintcalc.sty
Package: bigintcalc 2019/12/15 v1.5 Expandable calculations on big integers (HO)
))
\Fld@menulength=\count417
\Field@Width=\dimen355
\Fld@charsize=\dimen356
Package hyperref Info: Hyper figures OFF on input line 6042.
Package hyperref Info: Link nesting OFF on input line 6047.
Package hyperref Info: Hyper index ON on input line 6050.
Package hyperref Info: backreferencing OFF on input line 6057.
Package hyperref Info: Link coloring OFF on input line 6062.
Package hyperref Info: Link coloring with OCG OFF on input line 6067.
Package hyperref Info: PDF/A mode OFF on input line 6072.
 (/usr/local/texlive/2025/texmf-dist/tex/latex/base/atbegshi-ltx.sty
Package: atbegshi-ltx 2021/01/10 v1.0c Emulation of the original atbegshi
package with kernel methods
)
\Hy@abspage=\count418
\c@Item=\count419
\c@Hfootnote=\count420
)
Package hyperref Info: Driver (autodetected): hpdftex.
 (/usr/local/texlive/2025/texmf-dist/tex/latex/hyperref/hpdftex.def
File: hpdftex.def 2024-11-05 v7.01l Hyperref driver for pdfTeX
 (/usr/local/texlive/2025/texmf-dist/tex/latex/base/atveryend-ltx.sty
Package: atveryend-ltx 2020/08/19 v1.0a Emulation of the original atveryend package
with kernel methods
)
\Fld@listcount=\count421
\c@bookmark@seq@number=\count422
 (/usr/local/texlive/2025/texmf-dist/tex/latex/rerunfilecheck/rerunfilecheck.sty
Package: rerunfilecheck 2022-07-10 v1.10 Rerun checks for auxiliary files (HO)
 (/usr/local/texlive/2025/texmf-dist/tex/generic/uniquecounter/uniquecounter.sty
Package: uniquecounter 2019/12/15 v1.4 Provide unlimited unique counter (HO)
)
Package uniquecounter Info: New unique counter `rerunfilecheck' on input line 285.
)
\Hy@SectionHShift=\skip278
) (/usr/local/texlive/2025/texmf-dist/tex/latex/memoir/memhfixc.sty
Package: memhfixc 2025/03/06 v1.23 hyperref package fixes for memoir class
\c@memhycontfloat=\count423
\c@mem@Hpagenote=\count424
) (/usr/local/texlive/2025/texmf-dist/tex/generic/ulem/ulem.sty
\UL@box=\box76
\UL@hyphenbox=\box77
\UL@skip=\skip279
\UL@hook=\toks63
\UL@height=\dimen357
\UL@pe=\count425
\UL@pixel=\dimen358
\ULC@box=\box78
Package: ulem 2019/11/18
\ULdepth=\dimen359
) (/usr/local/texlive/2025/texmf-dist/tex/latex/pgfplots/pgfplots.sty (/usr/local/texlive/2025/texmf-dist/tex/generic/pgfplots/pgfplots.revision.tex)
Package: pgfplots 2021/05/15 v1.18.1 Data Visualization (1.18.1)
 (/usr/local/texlive/2025/texmf-dist/tex/generic/pgfplots/pgfplots.code.tex (/usr/local/texlive/2025/texmf-dist/tex/generic/pgfplots/pgfplotscore.code.tex
\t@pgfplots@toka=\toks64
\t@pgfplots@tokb=\toks65
\t@pgfplots@tokc=\toks66
\pgfplots@tmpa=\dimen360
\c@pgfplots@coordindex=\count426
\c@pgfplots@scanlineindex=\count427
 (/usr/local/texlive/2025/texmf-dist/tex/generic/pgfplots/sys/pgfplotssysgeneric.code.tex)) (/usr/local/texlive/2025/texmf-dist/tex/generic/pgfplots/libs/pgfplotslibrary.code.tex) (/usr/local/texlive/2025/texmf-dist/tex/generic/pgfplots/oldpgfcompatib/pgfplotsoldpgfsupp_loader.code.tex (/usr/local/texlive/2025/texmf-dist/tex/generic/pgf/libraries/pgflibraryfpu.code.tex)
Package pgfplots: loading complementary utilities for your pgf version...
\t@pgf@toka=\toks67
\t@pgf@tokb=\toks68
\t@pgf@tokc=\toks69
(/usr/local/texlive/2025/texmf-dist/tex/generic/pgfplots/oldpgfcompatib/pgfplotsoldpgfsupp_pgfutil-common-lists.tex)) (/usr/local/texlive/2025/texmf-dist/tex/generic/pgfplots/util/pgfplotsutil.code.tex (/usr/local/texlive/2025/texmf-dist/tex/generic/pgfplots/liststructure/pgfplotsliststructure.code.tex) (/usr/local/texlive/2025/texmf-dist/tex/generic/pgfplots/liststructure/pgfplotsliststructureext.code.tex) (/usr/local/texlive/2025/texmf-dist/tex/generic/pgfplots/liststructure/pgfplotsarray.code.tex
\c@pgfplotsarray@tmp=\count428
) (/usr/local/texlive/2025/texmf-dist/tex/generic/pgfplots/liststructure/pgfplotsmatrix.code.tex) (/usr/local/texlive/2025/texmf-dist/tex/generic/pgfplots/numtable/pgfplotstableshared.code.tex
\c@pgfplotstable@counta=\count429
\t@pgfplotstable@a=\toks70
) (/usr/local/texlive/2025/texmf-dist/tex/generic/pgfplots/liststructure/pgfplotsdeque.code.tex) (/usr/local/texlive/2025/texmf-dist/tex/generic/pgfplots/util/pgfplotsbinary.code.tex (/usr/local/texlive/2025/texmf-dist/tex/generic/pgfplots/util/pgfplotsbinary.data.code.tex)) (/usr/local/texlive/2025/texmf-dist/tex/generic/pgfplots/util/pgfplotsutil.verb.code.tex) (/usr/local/texlive/2025/texmf-dist/tex/generic/pgfplots/libs/pgflibrarypgfplots.surfshading.code.tex
\c@pgfplotslibrarysurf@no=\count430
 (/usr/local/texlive/2025/texmf-dist/tex/generic/pgfplots/sys/pgflibrarypgfplots.surfshading.pgfsys-pdftex.def))) (/usr/local/texlive/2025/texmf-dist/tex/generic/pgfplots/util/pgfplotscolormap.code.tex (/usr/local/texlive/2025/texmf-dist/tex/generic/pgfplots/util/pgfplotscolor.code.tex)) (/usr/local/texlive/2025/texmf-dist/tex/generic/pgfplots/pgfplotsstackedplots.code.tex) (/usr/local/texlive/2025/texmf-dist/tex/generic/pgfplots/pgfplotsplothandlers.code.tex (/usr/local/texlive/2025/texmf-dist/tex/generic/pgfplots/pgfplotsmeshplothandler.code.tex (/usr/local/texlive/2025/texmf-dist/tex/generic/pgfplots/pgfplotsmeshplotimage.code.tex))) (/usr/local/texlive/2025/texmf-dist/tex/generic/pgfplots/pgfplots.scaling.code.tex) (/usr/local/texlive/2025/texmf-dist/tex/generic/pgfplots/pgfplotscoordprocessing.code.tex) (/usr/local/texlive/2025/texmf-dist/tex/generic/pgfplots/pgfplots.errorbars.code.tex) (/usr/local/texlive/2025/texmf-dist/tex/generic/pgfplots/pgfplots.markers.code.tex) (/usr/local/texlive/2025/texmf-dist/tex/generic/pgfplots/pgfplotsticks.code.tex) (/usr/local/texlive/2025/texmf-dist/tex/generic/pgfplots/pgfplots.paths.code.tex) (/usr/local/texlive/2025/texmf-dist/tex/generic/pgf/frontendlayer/tikz/libraries/tikzlibrarydecorations.code.tex (/usr/local/texlive/2025/texmf-dist/tex/generic/pgf/modules/pgfmoduledecorations.code.tex
\pgfdecoratedcompleteddistance=\dimen361
\pgfdecoratedremainingdistance=\dimen362
\pgfdecoratedinputsegmentcompleteddistance=\dimen363
\pgfdecoratedinputsegmentremainingdistance=\dimen364
\pgf@decorate@distancetomove=\dimen365
\pgf@decorate@repeatstate=\count431
\pgfdecorationsegmentamplitude=\dimen366
\pgfdecorationsegmentlength=\dimen367
)
\tikz@lib@dec@box=\box79
) (/usr/local/texlive/2025/texmf-dist/tex/generic/pgf/frontendlayer/tikz/libraries/tikzlibrarydecorations.pathmorphing.code.tex (/usr/local/texlive/2025/texmf-dist/tex/generic/pgf/libraries/decorations/pgflibrarydecorations.pathmorphing.code.tex)) (/usr/local/texlive/2025/texmf-dist/tex/generic/pgf/frontendlayer/tikz/libraries/tikzlibrarydecorations.pathreplacing.code.tex (/usr/local/texlive/2025/texmf-dist/tex/generic/pgf/libraries/decorations/pgflibrarydecorations.pathreplacing.code.tex)) (/usr/local/texlive/2025/texmf-dist/tex/generic/pgfplots/libs/tikzlibrarypgfplots.contourlua.code.tex)
\pgfplots@numplots=\count432
\pgfplots@xmin@reg=\dimen368
\pgfplots@xmax@reg=\dimen369
\pgfplots@ymin@reg=\dimen370
\pgfplots@ymax@reg=\dimen371
\pgfplots@zmin@reg=\dimen372
\pgfplots@zmax@reg=\dimen373
) (/usr/local/texlive/2025/texmf-dist/tex/generic/pgf/frontendlayer/tikz/libraries/tikzlibraryplotmarks.code.tex
File: tikzlibraryplotmarks.code.tex 2023-01-15 v3.1.10 (3.1.10)
 (/usr/local/texlive/2025/texmf-dist/tex/generic/pgf/libraries/pgflibraryplotmarks.code.tex
File: pgflibraryplotmarks.code.tex 2023-01-15 v3.1.10 (3.1.10)
))) (/usr/local/texlive/2025/texmf-dist/tex/generic/pgf/frontendlayer/tikz/libraries/tikzlibrarypatterns.code.tex
File: tikzlibrarypatterns.code.tex 2023-01-15 v3.1.10 (3.1.10)
 (/usr/local/texlive/2025/texmf-dist/tex/generic/pgf/libraries/pgflibrarypatterns.code.tex
File: pgflibrarypatterns.code.tex 2023-01-15 v3.1.10 (3.1.10)
)) (/usr/local/texlive/2025/texmf-dist/tex/generic/pgf/frontendlayer/tikz/libraries/tikzlibrarypositioning.code.tex
File: tikzlibrarypositioning.code.tex 2023-01-15 v3.1.10 (3.1.10)
) (/usr/local/texlive/2025/texmf-dist/tex/generic/pgfplots/libs/tikzlibrarypgfplots.fillbetween.code.tex (/usr/local/texlive/2025/texmf-dist/tex/generic/pgfplots/pgfcontrib/tikzlibraryfillbetween.code.tex (/usr/local/texlive/2025/texmf-dist/tex/generic/pgf/frontendlayer/tikz/libraries/tikzlibraryintersections.code.tex (/usr/local/texlive/2025/texmf-dist/tex/generic/pgf/libraries/pgflibraryintersections.code.tex
\pgf@intersect@solutions=\count433
)) (/usr/local/texlive/2025/texmf-dist/tex/generic/pgfplots/pgfcontrib/tikzlibrarydecorations.softclip.code.tex (/usr/local/texlive/2025/texmf-dist/tex/generic/pgfplots/pgfcontrib/pgflibraryfillbetween.code.tex))) (/usr/local/texlive/2025/texmf-dist/tex/generic/pgfplots/libs/tikzlibrarypgfplots.decorations.softclip.code.tex))) (/Users/gcrescenzo/Documents/School/LaTeX Documents/latex-class-notes/makros.tex)
LaTeX Font Info:    Font shape `T1/zpltlf/m/n' will be
(Font)              scaled to size 10.0pt on input line 4.
Package translations Info: No language package found. I am going to use `english' as default language. on input line 4.
 (./main.aux)
\openout1 = `main.aux'.

LaTeX Font Info:    Checking defaults for OML/npxmi/m/it on input line 4.
LaTeX Font Info:    Trying to load font information for OML+npxmi on input line 4.
 (/usr/local/texlive/2025/texmf-dist/tex/latex/newpx/omlnpxmi.fd
File: omlnpxmi.fd 2013/03/21 Fontinst v1.933 font definitions for OML/npxmi.
)
LaTeX Font Info:    ... okay on input line 4.
LaTeX Font Info:    Checking defaults for OMS/cmsy/m/n on input line 4.
LaTeX Font Info:    ... okay on input line 4.
LaTeX Font Info:    Checking defaults for OT1/cmr/m/n on input line 4.
LaTeX Font Info:    ... okay on input line 4.
LaTeX Font Info:    Checking defaults for T1/cmr/m/n on input line 4.
LaTeX Font Info:    ... okay on input line 4.
LaTeX Font Info:    Checking defaults for TS1/cmr/m/n on input line 4.
LaTeX Font Info:    ... okay on input line 4.
LaTeX Font Info:    Checking defaults for OMX/cmex/m/n on input line 4.
LaTeX Font Info:    ... okay on input line 4.
LaTeX Font Info:    Checking defaults for U/npxexa/m/n on input line 4.
LaTeX Font Info:    Trying to load font information for U+npxexa on input line 4.
 (/usr/local/texlive/2025/texmf-dist/tex/latex/newpx/unpxexa.fd
File: unpxexa.fd 2013/03/24 Fontinst v1.933 font definitions for U/npxexa.
)
LaTeX Font Info:    ... okay on input line 4.
LaTeX Font Info:    Checking defaults for LMS/npxsy/m/n on input line 4.
LaTeX Font Info:    Trying to load font information for LMS+npxsy on input line 4.
 (/usr/local/texlive/2025/texmf-dist/tex/latex/newpx/lmsnpxsy.fd
File: lmsnpxsy.fd 2016/07/04 Fontinst v1.933 font definitions for LMS/npxsy.
)
LaTeX Font Info:    ... okay on input line 4.
LaTeX Font Info:    Checking defaults for LMX/npxexx/m/n on input line 4.
LaTeX Font Info:    Trying to load font information for LMX+npxexx on input line 4.
 (/usr/local/texlive/2025/texmf-dist/tex/latex/newpx/lmxnpxexx.fd
File: lmxnpxexx.fd 2016/07/04 Fontinst v1.933 font definitions for LMX/npxexx.
)
LaTeX Font Info:    ... okay on input line 4.
LaTeX Font Info:    Checking defaults for PD1/pdf/m/n on input line 4.
LaTeX Font Info:    ... okay on input line 4.
LaTeX Font Info:    Checking defaults for PU/pdf/m/n on input line 4.
LaTeX Font Info:    ... okay on input line 4.
LaTeX Info: Command `\dddot' is already robust on input line 4.
LaTeX Info: Command `\ddddot' is already robust on input line 4.
 (/usr/local/texlive/2025/texmf-dist/tex/context/base/mkii/supp-pdf.mkii
[Loading MPS to PDF converter (version 2006.09.02).]
\scratchcounter=\count434
\scratchdimen=\dimen374
\scratchbox=\box80
\nofMPsegments=\count435
\nofMParguments=\count436
\everyMPshowfont=\toks71
\MPscratchCnt=\count437
\MPscratchDim=\dimen375
\MPnumerator=\count438
\makeMPintoPDFobject=\count439
\everyMPtoPDFconversion=\toks72
) (/usr/local/texlive/2025/texmf-dist/tex/latex/epstopdf-pkg/epstopdf-base.sty
Package: epstopdf-base 2020-01-24 v2.11 Base part for package epstopdf
Package epstopdf-base Info: Redefining graphics rule for `.eps' on input line 485.
 (/usr/local/texlive/2025/texmf-dist/tex/latex/latexconfig/epstopdf-sys.cfg
File: epstopdf-sys.cfg 2010/07/13 v1.3 Configuration of (r)epstopdf for TeX Live
))
\c@mv@tabular=\count440
\c@mv@boldtabular=\count441

*geometry* driver: auto-detecting
*geometry* detected driver: pdftex
*geometry* verbose mode - [ preamble ] result:
* driver: pdftex
* paper: <default>
* layout: <same size as paper>
* layoutoffset:(h,v)=(0.0pt,0.0pt)
* modes: 
* h-part:(L,W,R)=(108.405pt, 397.485pt, 108.405pt)
* v-part:(T,H,B)=(108.405pt, 578.15999pt, 108.405pt)
* \paperwidth=614.295pt
* \paperheight=794.96999pt
* \textwidth=397.485pt
* \textheight=578.15999pt
* \oddsidemargin=36.13501pt
* \evensidemargin=36.13501pt
* \topmargin=6.06752pt
* \headheight=12.0pt
* \headsep=18.06749pt
* \topskip=10.0pt
* \footskip=25.29494pt
* \marginparwidth=71.0pt
* \marginparsep=7.0pt
* \columnsep=10.0pt
* \skip\footins=12.0pt plus 4.0pt minus 4.0pt
* \hoffset=0.0pt
* \voffset=0.0pt
* \mag=1000
* \@twocolumnfalse
* \@twosidefalse
* \@mparswitchfalse
* \@reversemarginfalse
* (1in=72.27pt=25.4mm, 1cm=28.453pt)

(/usr/local/texlive/2025/texmf-dist/tex/latex/fmtcount/fc-english.def
File: fc-english.def 2016/01/12
) (/usr/local/texlive/2025/texmf-dist/tex/latex/translations/translations-basic-dictionary-english.trsl
File: translations-basic-dictionary-english.trsl (english translation file `translations-basic-dictionary')
)
Package translations Info: loading dictionary `translations-basic-dictionary' for `english'. on input line 4.
Package hyperref Info: Link coloring OFF on input line 4.
 (./main.out) (./main.out)
\@outlinefile=\write5
\openout5 = `main.out'.


Package pgfplots notification 'compat/show suggested version=true': document has been generated with the most recent feature set (\pgfplotsset{compat=1.18}).

LaTeX Font Info:    Font shape `T1/zpltlf/m/n' will be
(Font)              scaled to size 10.95pt on input line 5.
LaTeX Font Info:    Trying to load font information for OT1+minzpl on input line 5.
(/usr/local/texlive/2025/texmf-dist/tex/latex/newpx/ot1minzpl.fd
File: ot1minzpl.fd 2021/05/25 v1.0 font definition file for OT1/minzpl/TLF
)
LaTeX Font Info:    Font shape `OT1/minzpl/m/n' will be
(Font)              scaled to size 10.0pt on input line 5.
LaTeX Font Info:    Font shape `OT1/minzpl/m/n' will be
(Font)              scaled to size 7.3pt on input line 5.
LaTeX Font Info:    Font shape `OT1/minzpl/m/n' will be
(Font)              scaled to size 5.5pt on input line 5.
LaTeX Font Info:    Font shape `OML/npxmi/m/it' will be
(Font)              scaled to size 10.0pt on input line 5.
LaTeX Font Info:    Font shape `OML/npxmi/m/it' will be
(Font)              scaled to size 7.3pt on input line 5.
LaTeX Font Info:    Font shape `OML/npxmi/m/it' will be
(Font)              scaled to size 5.5pt on input line 5.
LaTeX Font Info:    Font shape `LMS/npxsy/m/n' will be
(Font)              scaled to size 10.0pt on input line 5.
LaTeX Font Info:    Font shape `LMS/npxsy/m/n' will be
(Font)              scaled to size 7.3pt on input line 5.
LaTeX Font Info:    Font shape `LMS/npxsy/m/n' will be
(Font)              scaled to size 5.5pt on input line 5.
LaTeX Font Info:    Font shape `LMX/npxexx/m/n' will be
(Font)              scaled to size 10.0pt on input line 5.
LaTeX Font Info:    Font shape `LMX/npxexx/m/n' will be
(Font)              scaled to size 7.3pt on input line 5.
LaTeX Font Info:    Font shape `LMX/npxexx/m/n' will be
(Font)              scaled to size 5.5pt on input line 5.
LaTeX Font Info:    Trying to load font information for U+msa on input line 5.
 (/usr/local/texlive/2025/texmf-dist/tex/latex/amsfonts/umsa.fd
File: umsa.fd 2013/01/14 v3.01 AMS symbols A
)
LaTeX Font Info:    Trying to load font information for U+msb on input line 5.
 (/usr/local/texlive/2025/texmf-dist/tex/latex/amsfonts/umsb.fd
File: umsb.fd 2013/01/14 v3.01 AMS symbols B
)
LaTeX Font Info:    Trying to load font information for U+npxmia on input line 5.
 (/usr/local/texlive/2025/texmf-dist/tex/latex/newpx/unpxmia.fd
File: unpxmia.fd 2013/03/24 Fontinst v1.933 font definitions for U/npxmia.
)
LaTeX Font Info:    Font shape `U/npxmia/m/it' will be
(Font)              scaled to size 10.0pt on input line 5.
LaTeX Font Info:    Font shape `U/npxmia/m/it' will be
(Font)              scaled to size 7.3pt on input line 5.
LaTeX Font Info:    Font shape `U/npxmia/m/it' will be
(Font)              scaled to size 5.5pt on input line 5.
LaTeX Font Info:    Trying to load font information for U+npxsym on input line 5.
 (/usr/local/texlive/2025/texmf-dist/tex/latex/newpx/unpxsym.fd
File: unpxsym.fd 2023/08/16 Fontinst v1.933 font definitions for U/npxsym.
)
LaTeX Font Info:    Font shape `U/npxsym/m/n' will be
(Font)              scaled to size 10.0pt on input line 5.
LaTeX Font Info:    Font shape `U/npxsym/m/n' will be
(Font)              scaled to size 7.3pt on input line 5.
LaTeX Font Info:    Font shape `U/npxsym/m/n' will be
(Font)              scaled to size 5.5pt on input line 5.
LaTeX Font Info:    Trying to load font information for U+npxsyc on input line 5.
 (/usr/local/texlive/2025/texmf-dist/tex/latex/newpx/unpxsyc.fd
File: unpxsyc.fd 2013/03/24 Fontinst v1.933 font definitions for U/npxsyc.
)
LaTeX Font Info:    Font shape `U/npxsyc/m/n' will be
(Font)              scaled to size 10.0pt on input line 5.
LaTeX Font Info:    Font shape `U/npxsyc/m/n' will be
(Font)              scaled to size 7.3pt on input line 5.
LaTeX Font Info:    Font shape `U/npxsyc/m/n' will be
(Font)              scaled to size 5.5pt on input line 5.
LaTeX Font Info:    Font shape `U/npxexa/m/n' will be
(Font)              scaled to size 10.0pt on input line 5.
LaTeX Font Info:    Font shape `U/npxexa/m/n' will be
(Font)              scaled to size 7.3pt on input line 5.
LaTeX Font Info:    Font shape `U/npxexa/m/n' will be
(Font)              scaled to size 5.5pt on input line 5.
LaTeX Font Info:    Trying to load font information for U+zeur on input line 5.
 (/usr/local/texlive/2025/texmf-dist/tex/latex/eulervm/uzeur.fd
File: uzeur.fd 2005/01/11 v4.0 (WaS)
)
LaTeX Font Info:    Font shape `U/zeur/m/n' will be
(Font)              scaled to size 10.0pt on input line 5.
LaTeX Font Info:    Font shape `U/zeur/m/n' will be
(Font)              scaled to size 7.3pt on input line 5.
LaTeX Font Info:    Font shape `U/zeur/m/n' will be
(Font)              scaled to size 5.5pt on input line 5.
LaTeX Font Info:    Trying to load font information for U+rsfs on input line 5.
 (/usr/local/texlive/2025/texmf-dist/tex/latex/jknapltx/ursfs.fd
File: ursfs.fd 1998/03/24 rsfs font definition file (jk)
)

LaTeX Font Warning: Font shape `U/rsfs/m/n' in size <5.5> not available
(Font)              size <5> substituted on input line 5.

LaTeX Font Info:    Trying to load font information for U+wasy on input line 5.
(/usr/local/texlive/2025/texmf-dist/tex/latex/wasysym/uwasy.fd
File: uwasy.fd 2020/01/19 v2.4 Wasy-2 symbol font definitions
)

LaTeX Font Warning: Font shape `U/wasy/m/n' in size <5.5> not available
(Font)              size <5> substituted on input line 5.

LaTeX Font Info:    Font shape `T1/zpltlf/m/it' will be
(Font)              scaled to size 10.0pt on input line 7.
LaTeX Font Info:    Font shape `T1/zpltlf/b/n' will be
(Font)              scaled to size 10.0pt on input line 7.
LaTeX Font Info:    Font shape `OT1/minzpl/b/n' will be
(Font)              scaled to size 10.0pt on input line 8.
LaTeX Font Info:    Font shape `OT1/minzpl/b/n' will be
(Font)              scaled to size 7.3pt on input line 8.
LaTeX Font Info:    Font shape `OT1/minzpl/b/n' will be
(Font)              scaled to size 5.5pt on input line 8.
LaTeX Font Info:    Font shape `OML/npxmi/b/it' will be
(Font)              scaled to size 10.0pt on input line 8.
LaTeX Font Info:    Font shape `OML/npxmi/b/it' will be
(Font)              scaled to size 7.3pt on input line 8.
LaTeX Font Info:    Font shape `OML/npxmi/b/it' will be
(Font)              scaled to size 5.5pt on input line 8.
LaTeX Font Info:    Font shape `LMS/npxsy/b/n' will be
(Font)              scaled to size 10.0pt on input line 8.
LaTeX Font Info:    Font shape `LMS/npxsy/b/n' will be
(Font)              scaled to size 7.3pt on input line 8.
LaTeX Font Info:    Font shape `LMS/npxsy/b/n' will be
(Font)              scaled to size 5.5pt on input line 8.
LaTeX Font Info:    Font shape `LMX/npxexx/b/n' will be
(Font)              scaled to size 10.0pt on input line 8.
LaTeX Font Info:    Font shape `LMX/npxexx/b/n' will be
(Font)              scaled to size 7.3pt on input line 8.
LaTeX Font Info:    Font shape `LMX/npxexx/b/n' will be
(Font)              scaled to size 5.5pt on input line 8.
LaTeX Font Info:    Font shape `U/npxmia/b/it' will be
(Font)              scaled to size 10.0pt on input line 8.
LaTeX Font Info:    Font shape `U/npxmia/b/it' will be
(Font)              scaled to size 7.3pt on input line 8.
LaTeX Font Info:    Font shape `U/npxmia/b/it' will be
(Font)              scaled to size 5.5pt on input line 8.
LaTeX Font Info:    Font shape `U/npxsym/b/n' will be
(Font)              scaled to size 10.0pt on input line 8.
LaTeX Font Info:    Font shape `U/npxsym/b/n' will be
(Font)              scaled to size 7.3pt on input line 8.
LaTeX Font Info:    Font shape `U/npxsym/b/n' will be
(Font)              scaled to size 5.5pt on input line 8.
LaTeX Font Info:    Font shape `U/npxsyc/b/n' will be
(Font)              scaled to size 10.0pt on input line 8.
LaTeX Font Info:    Font shape `U/npxsyc/b/n' will be
(Font)              scaled to size 7.3pt on input line 8.
LaTeX Font Info:    Font shape `U/npxsyc/b/n' will be
(Font)              scaled to size 5.5pt on input line 8.
LaTeX Font Info:    Font shape `U/npxexa/b/n' will be
(Font)              scaled to size 10.0pt on input line 8.
LaTeX Font Info:    Font shape `U/npxexa/b/n' will be
(Font)              scaled to size 7.3pt on input line 8.
LaTeX Font Info:    Font shape `U/npxexa/b/n' will be
(Font)              scaled to size 5.5pt on input line 8.
LaTeX Font Info:    Font shape `U/zeur/b/n' will be
(Font)              scaled to size 10.0pt on input line 8.
LaTeX Font Info:    Font shape `U/zeur/b/n' will be
(Font)              scaled to size 7.3pt on input line 8.
LaTeX Font Info:    Font shape `U/zeur/b/n' will be
(Font)              scaled to size 5.5pt on input line 8.

LaTeX Font Warning: Font shape `U/wasy/b/n' in size <7.3> not available
(Font)              Font shape `U/wasy/m/n' tried instead on input line 8.


LaTeX Font Warning: Font shape `U/wasy/b/n' in size <5.5> not available
(Font)              Font shape `U/wasy/m/n' tried instead on input line 8.


LaTeX Font Warning: Font shape `U/wasy/m/n' in size <5.5> not available
(Font)              size <5> substituted on input line 8.

LaTeX Font Info:    Trying to load font information for U+zeuex on input line 19.
(/usr/local/texlive/2025/texmf-dist/tex/latex/eulervm/uzeuex.fd
File: uzeuex.fd 2005/01/11 v4.0 (WaS)
)
LaTeX Font Info:    Font shape `U/zeuex/m/n' will be
(Font)              scaled to size 10.0pt on input line 19.
LaTeX Font Info:    Font shape `T1/zpltlf/m/n' will be
(Font)              scaled to size 7.0pt on input line 19.
LaTeX Font Info:    Font shape `U/zeuex/m/n' will be
(Font)              scaled to size 7.0pt on input line 19.
LaTeX Font Info:    Font shape `T1/zpltlf/m/n' will be
(Font)              scaled to size 6.0pt on input line 19.
LaTeX Font Info:    Font shape `U/zeuex/m/n' will be
(Font)              scaled to size 6.0pt on input line 19.
LaTeX Font Info:    Font shape `T1/zpltlf/m/it' will be
(Font)              scaled to size 7.3pt on input line 31.
LaTeX Font Info:    Font shape `T1/zpltlf/m/it' will be
(Font)              scaled to size 5.5pt on input line 31.


[1

{/usr/local/texlive/2025/texmf-var/fonts/map/pdftex/updmap/pdftex.map}{/usr/local/texlive/2025/texmf-dist/fonts/enc/dvips/newtx/ntx-ec-tlf.enc}{/usr/local/texlive/2025/texmf-dist/fonts/enc/dvips/newtx/ntx-ot1-tlf.enc}{/usr/local/texlive/2025/texmf-dist/fonts/enc/dvips/newpx/px-lms.enc}]

[2]
LaTeX Font Info:    Font shape `T1/zpltlf/m/it' will be
(Font)              scaled to size 7.0pt on input line 92.
LaTeX Font Info:    Font shape `T1/zpltlf/m/it' will be
(Font)              scaled to size 6.0pt on input line 92.


[3]

[4] (./main.aux)
 ***********
LaTeX2e <2024-11-01> patch level 2
L3 programming layer <2020/03/25>
 ***********


LaTeX Font Warning: Size substitutions with differences
(Font)              up to 0.5pt have occurred.

Package rerunfilecheck Info: File `main.out' has not changed.
(rerunfilecheck)             Checksum: D41D8CD98F00B204E9800998ECF8427E;0.
 ) 
Here is how much of TeX's memory you used:
 45420 strings out of 473190
 1017468 string characters out of 5715801
 1522623 words of memory out of 5000000
 67827 multiletter control sequences out of 15000+600000
 625276 words of font info for 144 fonts, out of 8000000 for 9000
 1141 hyphenation exceptions out of 8191
 89i,23n,100p,1193b,609s stack positions out of 10000i,1000n,20000p,200000b,200000s
</usr/local/texlive/2025/texmf-dist/fonts/type1/public/amsfonts/euler/euex10.pfb></usr/local/texlive/2025/texmf-dist/fonts/type1/public/amsfonts/euler/eurb10.pfb></usr/local/texlive/2025/texmf-dist/fonts/type1/public/amsfonts/euler/eurm10.pfb></usr/local/texlive/2025/texmf-dist/fonts/type1/public/amsfonts/euler/eurm5.pfb></usr/local/texlive/2025/texmf-dist/fonts/type1/public/amsfonts/euler/eurm7.pfb></usr/local/texlive/2025/texmf-dist/fonts/type1/public/newpx/pxmiaX.pfb></usr/local/texlive/2025/texmf-dist/fonts/type1/public/newpx/pxsys.pfb></usr/local/texlive/2025/texmf-dist/fonts/type1/public/newtx/txexs.pfb></usr/local/texlive/2025/texmf-dist/fonts/type1/public/newtx/txsym.pfb></usr/local/texlive/2025/texmf-dist/fonts/type1/public/newpx/zplb.pfb></usr/local/texlive/2025/texmf-dist/fonts/type1/public/newpx/zplr.pfb></usr/local/texlive/2025/texmf-dist/fonts/type1/public/newpx/zplri.pfb>
Output written on main.pdf (4 pages, 157905 bytes).
PDF statistics:
 103 PDF objects out of 1000 (max. 8388607)
 71 compressed objects within 1 object stream
 12 named destinations out of 1000 (max. 500000)
 13 words of extra memory for PDF output out of 10000 (max. 10000000)

